2025-05-25 11:22:24,731 [INFO] [MainThread] [root/log.py:59]: Yasb v1.7.4
2025-05-25 11:22:24,733 [INFO] [Thread-1 (_run_server)] [cli_server/cli_server.py:212]: CLI server started v1.1.1
2025-05-25 11:22:24,734 [INFO] [MainThread] [cli_server/cli_server.py:104]: Log pipe server started
2025-05-25 11:22:24,831 [INFO] [MainThread] [root/config.py:61]: Created default config file at C:\Users\tamil\.config\yasb\config.yaml
2025-05-25 11:22:24,851 [INFO] [MainThread] [root/config.py:75]: Created default stylesheet at C:\Users\tamil\.config\yasb\styles.css
2025-05-25 11:22:25,450 [DEBUG] [MainThread] [tzlocal/win32.py:55]: Looking up time zone info from registry
2025-05-25 11:22:26,974 [ERROR] [MainThread] [root/weather.py:168]: API key or location is missing. Please provide a valid API key and location.
2025-05-25 11:22:26,977 [DEBUG] [MainThread] [comtypes/__init__.py:149]: CoInitializeEx(None, 2)
2025-05-25 11:22:27,525 [INFO] [MainThread] [root/watcher.py:55]: Created file watcher for path C:\Users\tamil\.config\yasb
2025-05-25 11:22:27,526 [INFO] [Dummy-5] [root/event_listener.py:53]: Created named pipe yasb-72ef5a39-3984-11f0-8dbc-58cdc95b2622
2025-05-25 11:22:27,592 [DEBUG] [MainThread] [qasync._windows._EventPoller/_windows.py:213]: Starting (proactor: <_IocpProactor overlapped#=0 result#=0>)...
2025-05-25 11:22:27,593 [DEBUG] [Dummy-8] [qasync._windows._EventWorker/_windows.py:192]: Thread started
2025-05-25 11:22:40,188 [INFO] [MainThread] [root/utilities.py:115]: Created shortcut at C:\Users\tamil\AppData\Roaming\Microsoft\Windows\Start Menu\Programs\Startup\yasb.lnk
2025-05-25 11:24:03,648 [INFO] [Thread-1 (_run_server)] [cli_server/cli_server.py:249]: CLI server received command: stop
2025-05-25 11:24:03,648 [INFO] [Thread-1 (_run_server)] [root/controller.py:27]: Exiting Application from CLI...
2025-05-25 11:24:03,757 [INFO] [Thread-1 (_run_server)] [cli_server/cli_server.py:112]: Log pipe server stopped
2025-05-25 11:24:03,757 [DEBUG] [Thread-1 (_run_server)] [cli_server/cli_server.py:206]: CLI server stopped
2025-05-25 11:24:03,872 [DEBUG] [MainThread] [qasync._windows._EventPoller/_windows.py:218]: Stopping worker thread...
2025-05-25 11:24:03,880 [DEBUG] [Dummy-8] [qasync._windows._EventWorker/_windows.py:201]: Exiting thread
2025-05-25 11:24:03,881 [DEBUG] [MainThread] [qasync._windows._IocpProactor/_windows.py:75]: Closing
2025-05-25 11:24:04,307 [INFO] [MainThread] [root/log.py:59]: Yasb v1.7.4
2025-05-25 11:24:04,308 [INFO] [Thread-1 (_run_server)] [cli_server/cli_server.py:212]: CLI server started v1.1.1
2025-05-25 11:24:04,309 [INFO] [MainThread] [cli_server/cli_server.py:104]: Log pipe server started
2025-05-25 11:24:04,589 [DEBUG] [MainThread] [tzlocal/win32.py:55]: Looking up time zone info from registry
2025-05-25 11:24:04,705 [DEBUG] [MainThread] [comtypes/__init__.py:149]: CoInitializeEx(None, 2)
2025-05-25 11:24:05,118 [INFO] [MainThread] [root/watcher.py:55]: Created file watcher for path C:\Users\tamil\.config\yasb
2025-05-25 11:24:05,152 [DEBUG] [MainThread] [qasync._windows._EventPoller/_windows.py:213]: Starting (proactor: <_IocpProactor overlapped#=0 result#=0>)...
2025-05-25 11:24:05,153 [DEBUG] [Dummy-5] [qasync._windows._EventWorker/_windows.py:192]: Thread started
2025-05-25 11:24:05,628 [INFO] [MainThread] [root/weather.py:67]: Fetching new weather data at 2025-05-25 11:24:05.627995
2025-05-25 12:21:15,365 [DEBUG] [MainThread] [root/volume.py:330]: Attempting PolicyConfig interface with device: {0.0.0.00000000}.{33b88327-36b5-4489-a138-ac33d71d413a}
2025-05-25 12:21:17,142 [DEBUG] [MainThread] [root/volume.py:330]: Attempting PolicyConfig interface with device: {0.0.0.00000000}.{8b40cfb9-0d38-44c3-82dc-3afd42a93544}
2025-05-25 12:21:18,398 [DEBUG] [MainThread] [root/volume.py:330]: Attempting PolicyConfig interface with device: {0.0.0.00000000}.{8b40cfb9-0d38-44c3-82dc-3afd42a93544}
2025-05-25 12:21:20,577 [DEBUG] [MainThread] [root/volume.py:330]: Attempting PolicyConfig interface with device: {0.0.0.00000000}.{8b40cfb9-0d38-44c3-82dc-3afd42a93544}
2025-05-25 12:21:21,682 [DEBUG] [MainThread] [root/volume.py:330]: Attempting PolicyConfig interface with device: {0.0.0.00000000}.{33b88327-36b5-4489-a138-ac33d71d413a}
2025-05-25 12:21:23,090 [DEBUG] [MainThread] [root/volume.py:330]: Attempting PolicyConfig interface with device: {0.0.0.00000000}.{33b88327-36b5-4489-a138-ac33d71d413a}
2025-05-25 12:21:28,673 [DEBUG] [MainThread] [root/volume.py:330]: Attempting PolicyConfig interface with device: {0.0.0.00000000}.{8b40cfb9-0d38-44c3-82dc-3afd42a93544}
2025-05-25 12:21:29,739 [DEBUG] [MainThread] [root/volume.py:330]: Attempting PolicyConfig interface with device: {0.0.0.00000000}.{8b40cfb9-0d38-44c3-82dc-3afd42a93544}
2025-05-25 12:21:30,422 [DEBUG] [MainThread] [root/volume.py:330]: Attempting PolicyConfig interface with device: {0.0.0.00000000}.{8b40cfb9-0d38-44c3-82dc-3afd42a93544}
2025-05-25 12:21:33,149 [DEBUG] [MainThread] [root/volume.py:330]: Attempting PolicyConfig interface with device: {0.0.0.00000000}.{33b88327-36b5-4489-a138-ac33d71d413a}
2025-05-25 12:21:34,590 [DEBUG] [MainThread] [root/volume.py:330]: Attempting PolicyConfig interface with device: {0.0.0.00000000}.{8b40cfb9-0d38-44c3-82dc-3afd42a93544}
2025-05-25 12:21:35,098 [DEBUG] [MainThread] [root/volume.py:330]: Attempting PolicyConfig interface with device: {0.0.0.00000000}.{33b88327-36b5-4489-a138-ac33d71d413a}
2025-05-25 12:23:24,700 [INFO] [MainThread] [root/controller.py:12]: Reloading Application because of config update...
2025-05-25 12:23:24,809 [INFO] [MainThread] [cli_server/cli_server.py:112]: Log pipe server stopped
2025-05-25 12:23:24,809 [DEBUG] [MainThread] [cli_server/cli_server.py:206]: CLI server stopped
2025-05-25 12:23:24,829 [DEBUG] [MainThread] [qasync._windows._EventPoller/_windows.py:218]: Stopping worker thread...
2025-05-25 12:23:24,840 [DEBUG] [Dummy-5] [qasync._windows._EventWorker/_windows.py:201]: Exiting thread
2025-05-25 12:23:24,840 [DEBUG] [MainThread] [qasync._windows._IocpProactor/_windows.py:75]: Closing
2025-05-25 12:23:25,172 [INFO] [MainThread] [root/log.py:59]: Yasb v1.7.4
2025-05-25 12:23:25,174 [INFO] [Thread-1 (_run_server)] [cli_server/cli_server.py:212]: CLI server started v1.1.1
2025-05-25 12:23:25,174 [INFO] [MainThread] [cli_server/cli_server.py:104]: Log pipe server started
2025-05-25 12:23:25,324 [DEBUG] [MainThread] [tzlocal/win32.py:55]: Looking up time zone info from registry
2025-05-25 12:23:25,475 [DEBUG] [MainThread] [comtypes/__init__.py:149]: CoInitializeEx(None, 2)
2025-05-25 12:23:25,616 [ERROR] [MainThread] [root/weather.py:168]: API key or location is missing. Please provide a valid API key and location.
2025-05-25 12:23:26,028 [INFO] [MainThread] [root/watcher.py:55]: Created file watcher for path C:\Users\tamil\.config\yasb
2025-05-25 12:23:26,083 [DEBUG] [MainThread] [qasync._windows._EventPoller/_windows.py:213]: Starting (proactor: <_IocpProactor overlapped#=0 result#=0>)...
2025-05-25 12:23:26,085 [DEBUG] [Dummy-5] [qasync._windows._EventWorker/_windows.py:192]: Thread started
2025-05-25 12:23:31,785 [INFO] [MainThread] [root/controller.py:12]: Reloading Application because of config update...
2025-05-25 12:23:31,887 [INFO] [MainThread] [cli_server/cli_server.py:112]: Log pipe server stopped
2025-05-25 12:23:31,887 [DEBUG] [MainThread] [cli_server/cli_server.py:206]: CLI server stopped
2025-05-25 12:23:31,904 [DEBUG] [MainThread] [qasync._windows._EventPoller/_windows.py:218]: Stopping worker thread...
2025-05-25 12:23:31,914 [DEBUG] [Dummy-5] [qasync._windows._EventWorker/_windows.py:201]: Exiting thread
2025-05-25 12:23:31,915 [DEBUG] [MainThread] [qasync._windows._IocpProactor/_windows.py:75]: Closing
2025-05-25 12:23:32,237 [INFO] [MainThread] [root/log.py:59]: Yasb v1.7.4
2025-05-25 12:23:32,237 [INFO] [Thread-1 (_run_server)] [cli_server/cli_server.py:212]: CLI server started v1.1.1
2025-05-25 12:23:32,237 [INFO] [MainThread] [cli_server/cli_server.py:104]: Log pipe server started
2025-05-25 12:23:32,364 [DEBUG] [MainThread] [tzlocal/win32.py:55]: Looking up time zone info from registry
2025-05-25 12:23:32,518 [DEBUG] [MainThread] [comtypes/__init__.py:149]: CoInitializeEx(None, 2)
2025-05-25 12:23:33,318 [INFO] [MainThread] [root/watcher.py:55]: Created file watcher for path C:\Users\tamil\.config\yasb
2025-05-25 12:23:33,359 [DEBUG] [MainThread] [qasync._windows._EventPoller/_windows.py:213]: Starting (proactor: <_IocpProactor overlapped#=0 result#=0>)...
2025-05-25 12:23:33,360 [DEBUG] [Dummy-5] [qasync._windows._EventWorker/_windows.py:192]: Thread started
2025-05-25 12:23:33,667 [INFO] [MainThread] [root/weather.py:67]: Fetching new weather data at 2025-05-25 12:23:33.667640
2025-05-25 12:24:31,407 [INFO] [MainThread] [root/controller.py:12]: Reloading Application because of config update...
2025-05-25 12:24:31,517 [INFO] [MainThread] [cli_server/cli_server.py:112]: Log pipe server stopped
2025-05-25 12:24:31,519 [DEBUG] [MainThread] [cli_server/cli_server.py:206]: CLI server stopped
2025-05-25 12:24:31,569 [DEBUG] [MainThread] [qasync._windows._EventPoller/_windows.py:218]: Stopping worker thread...
2025-05-25 12:24:31,581 [DEBUG] [Dummy-5] [qasync._windows._EventWorker/_windows.py:201]: Exiting thread
2025-05-25 12:24:31,591 [DEBUG] [MainThread] [qasync._windows._IocpProactor/_windows.py:75]: Closing
2025-05-25 12:24:31,950 [INFO] [MainThread] [root/log.py:59]: Yasb v1.7.4
2025-05-25 12:24:31,951 [INFO] [Thread-1 (_run_server)] [cli_server/cli_server.py:212]: CLI server started v1.1.1
2025-05-25 12:24:31,952 [INFO] [MainThread] [cli_server/cli_server.py:104]: Log pipe server started
2025-05-25 12:24:32,087 [DEBUG] [MainThread] [tzlocal/win32.py:55]: Looking up time zone info from registry
2025-05-25 12:24:32,230 [DEBUG] [MainThread] [comtypes/__init__.py:149]: CoInitializeEx(None, 2)
2025-05-25 12:24:32,385 [ERROR] [MainThread] [root/weather.py:168]: API key or location is missing. Please provide a valid API key and location.
2025-05-25 12:24:32,763 [INFO] [MainThread] [root/watcher.py:55]: Created file watcher for path C:\Users\tamil\.config\yasb
2025-05-25 12:24:32,798 [DEBUG] [MainThread] [qasync._windows._EventPoller/_windows.py:213]: Starting (proactor: <_IocpProactor overlapped#=0 result#=0>)...
2025-05-25 12:24:32,800 [DEBUG] [Dummy-5] [qasync._windows._EventWorker/_windows.py:192]: Thread started
2025-05-25 12:48:57,630 [INFO] [MainThread] [root/controller.py:12]: Reloading Application because of config update...
2025-05-25 12:48:57,741 [INFO] [MainThread] [cli_server/cli_server.py:112]: Log pipe server stopped
2025-05-25 12:48:57,741 [DEBUG] [MainThread] [cli_server/cli_server.py:206]: CLI server stopped
2025-05-25 12:48:57,797 [DEBUG] [MainThread] [qasync._windows._EventPoller/_windows.py:218]: Stopping worker thread...
2025-05-25 12:48:57,811 [DEBUG] [Dummy-5] [qasync._windows._EventWorker/_windows.py:201]: Exiting thread
2025-05-25 12:48:57,812 [DEBUG] [MainThread] [qasync._windows._IocpProactor/_windows.py:75]: Closing
2025-05-25 12:48:58,100 [INFO] [MainThread] [root/log.py:59]: Yasb v1.7.4
2025-05-25 12:48:58,102 [INFO] [Thread-1 (_run_server)] [cli_server/cli_server.py:212]: CLI server started v1.1.1
2025-05-25 12:48:58,103 [INFO] [MainThread] [cli_server/cli_server.py:104]: Log pipe server started
2025-05-25 12:48:58,216 [DEBUG] [MainThread] [tzlocal/win32.py:55]: Looking up time zone info from registry
2025-05-25 12:48:58,346 [DEBUG] [MainThread] [comtypes/__init__.py:149]: CoInitializeEx(None, 2)
2025-05-25 12:48:58,475 [ERROR] [MainThread] [root/weather.py:168]: API key or location is missing. Please provide a valid API key and location.
2025-05-25 12:48:58,804 [INFO] [MainThread] [root/watcher.py:55]: Created file watcher for path C:\Users\tamil\.config\yasb
2025-05-25 12:48:58,837 [DEBUG] [MainThread] [qasync._windows._EventPoller/_windows.py:213]: Starting (proactor: <_IocpProactor overlapped#=0 result#=0>)...
2025-05-25 12:48:58,838 [DEBUG] [Dummy-5] [qasync._windows._EventWorker/_windows.py:192]: Thread started
2025-05-25 12:49:13,133 [INFO] [MainThread] [root/controller.py:12]: Reloading Application because of config update...
2025-05-25 12:49:13,233 [INFO] [MainThread] [cli_server/cli_server.py:112]: Log pipe server stopped
2025-05-25 12:49:13,233 [DEBUG] [MainThread] [cli_server/cli_server.py:206]: CLI server stopped
2025-05-25 12:49:13,266 [DEBUG] [MainThread] [qasync._windows._EventPoller/_windows.py:218]: Stopping worker thread...
2025-05-25 12:49:13,280 [DEBUG] [Dummy-5] [qasync._windows._EventWorker/_windows.py:201]: Exiting thread
2025-05-25 12:49:13,282 [DEBUG] [MainThread] [qasync._windows._IocpProactor/_windows.py:75]: Closing
2025-05-25 12:49:13,581 [INFO] [MainThread] [root/log.py:59]: Yasb v1.7.4
2025-05-25 12:49:13,581 [INFO] [Thread-1 (_run_server)] [cli_server/cli_server.py:212]: CLI server started v1.1.1
2025-05-25 12:49:13,586 [INFO] [MainThread] [cli_server/cli_server.py:104]: Log pipe server started
2025-05-25 12:49:13,693 [DEBUG] [MainThread] [tzlocal/win32.py:55]: Looking up time zone info from registry
2025-05-25 12:49:13,822 [DEBUG] [MainThread] [comtypes/__init__.py:149]: CoInitializeEx(None, 2)
2025-05-25 12:49:13,945 [ERROR] [MainThread] [root/weather.py:168]: API key or location is missing. Please provide a valid API key and location.
2025-05-25 12:49:14,268 [INFO] [MainThread] [root/watcher.py:55]: Created file watcher for path C:\Users\tamil\.config\yasb
2025-05-25 12:49:14,304 [DEBUG] [MainThread] [qasync._windows._EventPoller/_windows.py:213]: Starting (proactor: <_IocpProactor overlapped#=0 result#=0>)...
2025-05-25 12:49:14,305 [DEBUG] [Dummy-5] [qasync._windows._EventWorker/_windows.py:192]: Thread started
2025-05-25 12:49:15,959 [INFO] [MainThread] [root/controller.py:12]: Reloading Application because of config update...
2025-05-25 12:49:16,063 [INFO] [MainThread] [cli_server/cli_server.py:112]: Log pipe server stopped
2025-05-25 12:49:16,063 [DEBUG] [MainThread] [cli_server/cli_server.py:206]: CLI server stopped
2025-05-25 12:49:16,086 [DEBUG] [MainThread] [qasync._windows._EventPoller/_windows.py:218]: Stopping worker thread...
2025-05-25 12:49:16,102 [DEBUG] [Dummy-5] [qasync._windows._EventWorker/_windows.py:201]: Exiting thread
2025-05-25 12:49:16,103 [DEBUG] [MainThread] [qasync._windows._IocpProactor/_windows.py:75]: Closing
2025-05-25 12:49:16,410 [INFO] [MainThread] [root/log.py:59]: Yasb v1.7.4
2025-05-25 12:49:16,410 [INFO] [Thread-1 (_run_server)] [cli_server/cli_server.py:212]: CLI server started v1.1.1
2025-05-25 12:49:16,412 [INFO] [MainThread] [cli_server/cli_server.py:104]: Log pipe server started
2025-05-25 12:49:16,532 [DEBUG] [MainThread] [tzlocal/win32.py:55]: Looking up time zone info from registry
2025-05-25 12:49:16,659 [DEBUG] [MainThread] [comtypes/__init__.py:149]: CoInitializeEx(None, 2)
2025-05-25 12:49:16,797 [ERROR] [MainThread] [root/weather.py:168]: API key or location is missing. Please provide a valid API key and location.
2025-05-25 12:49:17,097 [INFO] [MainThread] [root/watcher.py:55]: Created file watcher for path C:\Users\tamil\.config\yasb
2025-05-25 12:49:17,130 [DEBUG] [MainThread] [qasync._windows._EventPoller/_windows.py:213]: Starting (proactor: <_IocpProactor overlapped#=0 result#=0>)...
2025-05-25 12:49:17,131 [DEBUG] [Dummy-5] [qasync._windows._EventWorker/_windows.py:192]: Thread started
2025-05-25 12:50:36,316 [INFO] [MainThread] [root/controller.py:12]: Reloading Application because of config update...
2025-05-25 12:50:36,427 [INFO] [MainThread] [cli_server/cli_server.py:112]: Log pipe server stopped
2025-05-25 12:50:36,427 [DEBUG] [MainThread] [cli_server/cli_server.py:206]: CLI server stopped
2025-05-25 12:50:36,474 [DEBUG] [MainThread] [qasync._windows._EventPoller/_windows.py:218]: Stopping worker thread...
2025-05-25 12:50:36,489 [DEBUG] [Dummy-5] [qasync._windows._EventWorker/_windows.py:201]: Exiting thread
2025-05-25 12:50:36,491 [DEBUG] [MainThread] [qasync._windows._IocpProactor/_windows.py:75]: Closing
2025-05-25 12:50:36,801 [INFO] [MainThread] [root/log.py:59]: Yasb v1.7.4
2025-05-25 12:50:36,801 [INFO] [Thread-1 (_run_server)] [cli_server/cli_server.py:212]: CLI server started v1.1.1
2025-05-25 12:50:36,803 [INFO] [MainThread] [cli_server/cli_server.py:104]: Log pipe server started
2025-05-25 12:50:36,920 [DEBUG] [MainThread] [tzlocal/win32.py:55]: Looking up time zone info from registry
2025-05-25 12:50:37,060 [DEBUG] [MainThread] [comtypes/__init__.py:149]: CoInitializeEx(None, 2)
2025-05-25 12:50:37,187 [ERROR] [MainThread] [root/weather.py:168]: API key or location is missing. Please provide a valid API key and location.
2025-05-25 12:50:37,499 [INFO] [MainThread] [root/watcher.py:55]: Created file watcher for path C:\Users\tamil\.config\yasb
2025-05-25 12:50:37,535 [DEBUG] [MainThread] [qasync._windows._EventPoller/_windows.py:213]: Starting (proactor: <_IocpProactor overlapped#=0 result#=0>)...
2025-05-25 12:50:37,536 [DEBUG] [Dummy-5] [qasync._windows._EventWorker/_windows.py:192]: Thread started
2025-05-25 12:50:41,459 [INFO] [MainThread] [root/controller.py:12]: Reloading Application because of config update...
2025-05-25 12:50:41,566 [INFO] [MainThread] [cli_server/cli_server.py:112]: Log pipe server stopped
2025-05-25 12:50:41,568 [DEBUG] [MainThread] [cli_server/cli_server.py:206]: CLI server stopped
2025-05-25 12:50:41,613 [DEBUG] [MainThread] [qasync._windows._EventPoller/_windows.py:218]: Stopping worker thread...
2025-05-25 12:50:41,629 [DEBUG] [Dummy-5] [qasync._windows._EventWorker/_windows.py:201]: Exiting thread
2025-05-25 12:50:41,629 [DEBUG] [MainThread] [qasync._windows._IocpProactor/_windows.py:75]: Closing
2025-05-25 12:50:41,949 [INFO] [MainThread] [root/log.py:59]: Yasb v1.7.4
2025-05-25 12:50:41,949 [INFO] [Thread-1 (_run_server)] [cli_server/cli_server.py:212]: CLI server started v1.1.1
2025-05-25 12:50:41,951 [INFO] [MainThread] [cli_server/cli_server.py:104]: Log pipe server started
2025-05-25 12:50:42,074 [DEBUG] [MainThread] [tzlocal/win32.py:55]: Looking up time zone info from registry
2025-05-25 12:50:42,186 [DEBUG] [MainThread] [comtypes/__init__.py:149]: CoInitializeEx(None, 2)
2025-05-25 12:50:42,310 [ERROR] [MainThread] [root/weather.py:168]: API key or location is missing. Please provide a valid API key and location.
2025-05-25 12:50:42,621 [INFO] [MainThread] [root/watcher.py:55]: Created file watcher for path C:\Users\tamil\.config\yasb
2025-05-25 12:50:42,652 [DEBUG] [MainThread] [qasync._windows._EventPoller/_windows.py:213]: Starting (proactor: <_IocpProactor overlapped#=0 result#=0>)...
2025-05-25 12:50:42,653 [DEBUG] [Dummy-5] [qasync._windows._EventWorker/_windows.py:192]: Thread started
2025-05-25 12:50:45,493 [INFO] [MainThread] [root/controller.py:12]: Reloading Application because of config update...
2025-05-25 12:50:45,598 [INFO] [MainThread] [cli_server/cli_server.py:112]: Log pipe server stopped
2025-05-25 12:50:45,598 [DEBUG] [MainThread] [cli_server/cli_server.py:206]: CLI server stopped
2025-05-25 12:50:45,643 [DEBUG] [MainThread] [qasync._windows._EventPoller/_windows.py:218]: Stopping worker thread...
2025-05-25 12:50:45,660 [DEBUG] [Dummy-5] [qasync._windows._EventWorker/_windows.py:201]: Exiting thread
2025-05-25 12:50:45,662 [DEBUG] [MainThread] [qasync._windows._IocpProactor/_windows.py:75]: Closing
2025-05-25 12:50:45,972 [INFO] [MainThread] [root/log.py:59]: Yasb v1.7.4
2025-05-25 12:50:45,972 [INFO] [Thread-1 (_run_server)] [cli_server/cli_server.py:212]: CLI server started v1.1.1
2025-05-25 12:50:45,972 [INFO] [MainThread] [cli_server/cli_server.py:104]: Log pipe server started
2025-05-25 12:50:46,074 [DEBUG] [MainThread] [tzlocal/win32.py:55]: Looking up time zone info from registry
2025-05-25 12:50:46,196 [DEBUG] [MainThread] [comtypes/__init__.py:149]: CoInitializeEx(None, 2)
2025-05-25 12:50:46,317 [ERROR] [MainThread] [root/weather.py:168]: API key or location is missing. Please provide a valid API key and location.
2025-05-25 12:50:46,610 [INFO] [MainThread] [root/watcher.py:55]: Created file watcher for path C:\Users\tamil\.config\yasb
2025-05-25 12:50:46,644 [DEBUG] [MainThread] [qasync._windows._EventPoller/_windows.py:213]: Starting (proactor: <_IocpProactor overlapped#=0 result#=0>)...
2025-05-25 12:50:46,645 [DEBUG] [Dummy-5] [qasync._windows._EventWorker/_windows.py:192]: Thread started
2025-05-25 12:50:56,388 [INFO] [MainThread] [root/controller.py:12]: Reloading Application because of config update...
2025-05-25 12:50:56,498 [INFO] [MainThread] [cli_server/cli_server.py:112]: Log pipe server stopped
2025-05-25 12:50:56,498 [DEBUG] [MainThread] [cli_server/cli_server.py:206]: CLI server stopped
2025-05-25 12:50:56,547 [DEBUG] [MainThread] [qasync._windows._EventPoller/_windows.py:218]: Stopping worker thread...
2025-05-25 12:50:56,562 [DEBUG] [Dummy-5] [qasync._windows._EventWorker/_windows.py:201]: Exiting thread
2025-05-25 12:50:56,564 [DEBUG] [MainThread] [qasync._windows._IocpProactor/_windows.py:75]: Closing
2025-05-25 12:50:56,883 [INFO] [MainThread] [root/log.py:59]: Yasb v1.7.4
2025-05-25 12:50:56,884 [INFO] [Thread-1 (_run_server)] [cli_server/cli_server.py:212]: CLI server started v1.1.1
2025-05-25 12:50:56,886 [INFO] [MainThread] [cli_server/cli_server.py:104]: Log pipe server started
2025-05-25 12:50:56,995 [DEBUG] [MainThread] [tzlocal/win32.py:55]: Looking up time zone info from registry
2025-05-25 12:50:57,133 [DEBUG] [MainThread] [comtypes/__init__.py:149]: CoInitializeEx(None, 2)
2025-05-25 12:50:57,246 [ERROR] [MainThread] [root/weather.py:168]: API key or location is missing. Please provide a valid API key and location.
2025-05-25 12:50:57,563 [INFO] [MainThread] [root/watcher.py:55]: Created file watcher for path C:\Users\tamil\.config\yasb
2025-05-25 12:50:57,599 [DEBUG] [MainThread] [qasync._windows._EventPoller/_windows.py:213]: Starting (proactor: <_IocpProactor overlapped#=0 result#=0>)...
2025-05-25 12:50:57,600 [DEBUG] [Dummy-5] [qasync._windows._EventWorker/_windows.py:192]: Thread started
2025-05-25 12:51:01,846 [INFO] [MainThread] [root/controller.py:12]: Reloading Application because of config update...
2025-05-25 12:51:01,953 [INFO] [MainThread] [cli_server/cli_server.py:112]: Log pipe server stopped
2025-05-25 12:51:01,953 [DEBUG] [MainThread] [cli_server/cli_server.py:206]: CLI server stopped
2025-05-25 12:51:01,991 [DEBUG] [MainThread] [qasync._windows._EventPoller/_windows.py:218]: Stopping worker thread...
2025-05-25 12:51:01,999 [DEBUG] [Dummy-5] [qasync._windows._EventWorker/_windows.py:201]: Exiting thread
2025-05-25 12:51:02,000 [DEBUG] [MainThread] [qasync._windows._IocpProactor/_windows.py:75]: Closing
2025-05-25 12:51:02,291 [INFO] [MainThread] [root/log.py:59]: Yasb v1.7.4
2025-05-25 12:51:02,296 [INFO] [Thread-1 (_run_server)] [cli_server/cli_server.py:212]: CLI server started v1.1.1
2025-05-25 12:51:02,296 [INFO] [MainThread] [cli_server/cli_server.py:104]: Log pipe server started
2025-05-25 12:51:02,391 [DEBUG] [MainThread] [tzlocal/win32.py:55]: Looking up time zone info from registry
2025-05-25 12:51:02,505 [DEBUG] [MainThread] [comtypes/__init__.py:149]: CoInitializeEx(None, 2)
2025-05-25 12:51:02,631 [ERROR] [MainThread] [root/weather.py:168]: API key or location is missing. Please provide a valid API key and location.
2025-05-25 12:51:02,932 [INFO] [MainThread] [root/watcher.py:55]: Created file watcher for path C:\Users\tamil\.config\yasb
2025-05-25 12:51:02,964 [DEBUG] [MainThread] [qasync._windows._EventPoller/_windows.py:213]: Starting (proactor: <_IocpProactor overlapped#=0 result#=0>)...
2025-05-25 12:51:02,965 [DEBUG] [Dummy-5] [qasync._windows._EventWorker/_windows.py:192]: Thread started
2025-05-25 13:03:57,446 [DEBUG] [MainThread] [root/volume.py:330]: Attempting PolicyConfig interface with device: {0.0.0.00000000}.{8b40cfb9-0d38-44c3-82dc-3afd42a93544}
2025-05-25 13:05:09,446 [DEBUG] [MainThread] [root/volume.py:330]: Attempting PolicyConfig interface with device: {0.0.0.00000000}.{33b88327-36b5-4489-a138-ac33d71d413a}
2025-05-25 14:26:11,505 [ERROR] [MainThread] [root/config.py:119]: The file 'C:\Users\tamil\.config\yasb\config.yaml' contains Parser Error(s). Please fix:
while parsing a flow sequence
  in "C:\Users\tamil\.config\yasb\config.yaml", line 36, column 13
expected ',' or ']', but got '<scalar>'
  in "C:\Users\tamil\.config\yasb\config.yaml", line 41, column 9
2025-05-25 14:26:20,155 [INFO] [MainThread] [root/controller.py:12]: Reloading Application because of config update...
2025-05-25 14:26:20,265 [INFO] [MainThread] [cli_server/cli_server.py:112]: Log pipe server stopped
2025-05-25 14:26:20,265 [DEBUG] [MainThread] [cli_server/cli_server.py:206]: CLI server stopped
2025-05-25 14:26:20,364 [DEBUG] [MainThread] [qasync._windows._EventPoller/_windows.py:218]: Stopping worker thread...
2025-05-25 14:26:20,384 [DEBUG] [Dummy-5] [qasync._windows._EventWorker/_windows.py:201]: Exiting thread
2025-05-25 14:26:20,385 [DEBUG] [MainThread] [qasync._windows._IocpProactor/_windows.py:75]: Closing
2025-05-25 14:26:20,720 [INFO] [MainThread] [root/log.py:59]: Yasb v1.7.4
2025-05-25 14:26:20,722 [INFO] [Thread-1 (_run_server)] [cli_server/cli_server.py:212]: CLI server started v1.1.1
2025-05-25 14:26:20,722 [INFO] [MainThread] [cli_server/cli_server.py:104]: Log pipe server started
2025-05-25 14:26:20,870 [DEBUG] [MainThread] [tzlocal/win32.py:55]: Looking up time zone info from registry
2025-05-25 14:26:22,169 [DEBUG] [MainThread] [comtypes/__init__.py:149]: CoInitializeEx(None, 2)
2025-05-25 14:26:22,326 [ERROR] [MainThread] [root/weather.py:168]: API key or location is missing. Please provide a valid API key and location.
2025-05-25 14:26:22,710 [INFO] [MainThread] [root/watcher.py:55]: Created file watcher for path C:\Users\tamil\.config\yasb
2025-05-25 14:26:22,752 [DEBUG] [MainThread] [qasync._windows._EventPoller/_windows.py:213]: Starting (proactor: <_IocpProactor overlapped#=0 result#=0>)...
2025-05-25 14:26:22,753 [DEBUG] [Dummy-5] [qasync._windows._EventWorker/_windows.py:192]: Thread started
2025-05-25 14:26:45,549 [INFO] [MainThread] [root/controller.py:12]: Reloading Application because of config update...
2025-05-25 14:26:45,655 [INFO] [MainThread] [cli_server/cli_server.py:112]: Log pipe server stopped
2025-05-25 14:26:45,656 [DEBUG] [MainThread] [cli_server/cli_server.py:206]: CLI server stopped
2025-05-25 14:26:45,703 [DEBUG] [MainThread] [qasync._windows._EventPoller/_windows.py:218]: Stopping worker thread...
2025-05-25 14:26:45,713 [DEBUG] [Dummy-5] [qasync._windows._EventWorker/_windows.py:201]: Exiting thread
2025-05-25 14:26:45,715 [DEBUG] [MainThread] [qasync._windows._IocpProactor/_windows.py:75]: Closing
2025-05-25 14:26:46,056 [INFO] [MainThread] [root/log.py:59]: Yasb v1.7.4
2025-05-25 14:26:46,057 [INFO] [Thread-1 (_run_server)] [cli_server/cli_server.py:212]: CLI server started v1.1.1
2025-05-25 14:26:46,057 [INFO] [MainThread] [cli_server/cli_server.py:104]: Log pipe server started
2025-05-25 14:26:46,193 [DEBUG] [MainThread] [tzlocal/win32.py:55]: Looking up time zone info from registry
2025-05-25 14:26:46,399 [DEBUG] [MainThread] [comtypes/__init__.py:149]: CoInitializeEx(None, 2)
2025-05-25 14:26:46,554 [ERROR] [MainThread] [root/weather.py:168]: API key or location is missing. Please provide a valid API key and location.
2025-05-25 14:26:46,859 [INFO] [MainThread] [root/watcher.py:55]: Created file watcher for path C:\Users\tamil\.config\yasb
2025-05-25 14:26:46,894 [DEBUG] [MainThread] [qasync._windows._EventPoller/_windows.py:213]: Starting (proactor: <_IocpProactor overlapped#=0 result#=0>)...
2025-05-25 14:26:46,896 [DEBUG] [Dummy-5] [qasync._windows._EventWorker/_windows.py:192]: Thread started
2025-05-25 14:26:56,369 [INFO] [MainThread] [root/controller.py:12]: Reloading Application because of config update...
2025-05-25 14:26:56,482 [INFO] [MainThread] [cli_server/cli_server.py:112]: Log pipe server stopped
2025-05-25 14:26:56,483 [DEBUG] [MainThread] [cli_server/cli_server.py:206]: CLI server stopped
2025-05-25 14:26:56,581 [DEBUG] [MainThread] [qasync._windows._EventPoller/_windows.py:218]: Stopping worker thread...
2025-05-25 14:26:56,600 [DEBUG] [Dummy-5] [qasync._windows._EventWorker/_windows.py:201]: Exiting thread
2025-05-25 14:26:56,600 [DEBUG] [MainThread] [qasync._windows._IocpProactor/_windows.py:75]: Closing
2025-05-25 14:26:56,930 [INFO] [MainThread] [root/log.py:59]: Yasb v1.7.4
2025-05-25 14:26:56,932 [INFO] [Thread-1 (_run_server)] [cli_server/cli_server.py:212]: CLI server started v1.1.1
2025-05-25 14:26:56,932 [INFO] [MainThread] [cli_server/cli_server.py:104]: Log pipe server started
2025-05-25 14:26:57,046 [DEBUG] [MainThread] [tzlocal/win32.py:55]: Looking up time zone info from registry
2025-05-25 14:26:57,257 [DEBUG] [MainThread] [comtypes/__init__.py:149]: CoInitializeEx(None, 2)
2025-05-25 14:26:57,384 [ERROR] [MainThread] [root/weather.py:168]: API key or location is missing. Please provide a valid API key and location.
2025-05-25 14:26:57,708 [INFO] [MainThread] [root/watcher.py:55]: Created file watcher for path C:\Users\tamil\.config\yasb
2025-05-25 14:26:57,743 [DEBUG] [MainThread] [qasync._windows._EventPoller/_windows.py:213]: Starting (proactor: <_IocpProactor overlapped#=0 result#=0>)...
2025-05-25 14:26:57,744 [DEBUG] [Dummy-5] [qasync._windows._EventWorker/_windows.py:192]: Thread started
2025-05-25 14:28:41,886 [INFO] [MainThread] [root/controller.py:12]: Reloading Application because of config update...
2025-05-25 14:28:41,987 [INFO] [MainThread] [cli_server/cli_server.py:112]: Log pipe server stopped
2025-05-25 14:28:41,987 [DEBUG] [MainThread] [cli_server/cli_server.py:206]: CLI server stopped
2025-05-25 14:28:42,015 [DEBUG] [MainThread] [qasync._windows._EventPoller/_windows.py:218]: Stopping worker thread...
2025-05-25 14:28:42,034 [DEBUG] [Dummy-5] [qasync._windows._EventWorker/_windows.py:201]: Exiting thread
2025-05-25 14:28:42,035 [DEBUG] [MainThread] [qasync._windows._IocpProactor/_windows.py:75]: Closing
2025-05-25 14:28:42,315 [INFO] [MainThread] [root/log.py:59]: Yasb v1.7.4
2025-05-25 14:28:42,315 [INFO] [Thread-1 (_run_server)] [cli_server/cli_server.py:212]: CLI server started v1.1.1
2025-05-25 14:28:42,315 [INFO] [MainThread] [cli_server/cli_server.py:104]: Log pipe server started
2025-05-25 14:28:42,402 [DEBUG] [MainThread] [tzlocal/win32.py:55]: Looking up time zone info from registry
2025-05-25 14:28:42,644 [DEBUG] [MainThread] [comtypes/__init__.py:149]: CoInitializeEx(None, 2)
2025-05-25 14:28:42,772 [ERROR] [MainThread] [root/weather.py:168]: API key or location is missing. Please provide a valid API key and location.
2025-05-25 14:28:43,083 [INFO] [MainThread] [root/watcher.py:55]: Created file watcher for path C:\Users\tamil\.config\yasb
2025-05-25 14:28:43,122 [DEBUG] [MainThread] [qasync._windows._EventPoller/_windows.py:213]: Starting (proactor: <_IocpProactor overlapped#=0 result#=0>)...
2025-05-25 14:28:43,123 [DEBUG] [Dummy-5] [qasync._windows._EventWorker/_windows.py:192]: Thread started
2025-05-25 14:49:08,859 [ERROR] [MainThread] [root/wifi.py:145]: Error in wifi widget update: [Errno 11004] getaddrinfo failed
2025-05-25 14:49:08,871 [ERROR] [MainThread] [root/base.py:89]: Failed to execute callback of type 'update_label' with args: []
Traceback (most recent call last):
  File "D:\a\yasb\yasb\src\core\widgets\base.py", line 87, in _run_callback
  File "D:\a\yasb\yasb\src\core\widgets\yasb\wifi.py", line 163, in _update_label
UnboundLocalError: cannot access local variable 'ip_addr' where it is not associated with a value
2025-05-25 17:27:12,334 [INFO] [MainThread] [root/controller.py:12]: Reloading Application because of config update...
2025-05-25 17:27:12,438 [INFO] [MainThread] [cli_server/cli_server.py:112]: Log pipe server stopped
2025-05-25 17:27:12,438 [DEBUG] [MainThread] [cli_server/cli_server.py:206]: CLI server stopped
2025-05-25 17:27:12,447 [DEBUG] [MainThread] [qasync._windows._EventPoller/_windows.py:218]: Stopping worker thread...
2025-05-25 17:27:12,463 [DEBUG] [Dummy-5] [qasync._windows._EventWorker/_windows.py:201]: Exiting thread
2025-05-25 17:27:12,463 [DEBUG] [MainThread] [qasync._windows._IocpProactor/_windows.py:75]: Closing
2025-05-25 17:27:12,779 [INFO] [MainThread] [root/log.py:59]: Yasb v1.7.4
2025-05-25 17:27:12,780 [INFO] [Thread-1 (_run_server)] [cli_server/cli_server.py:212]: CLI server started v1.1.1
2025-05-25 17:27:12,781 [INFO] [MainThread] [cli_server/cli_server.py:104]: Log pipe server started
2025-05-25 17:27:12,874 [DEBUG] [MainThread] [tzlocal/win32.py:55]: Looking up time zone info from registry
2025-05-25 17:27:13,138 [DEBUG] [MainThread] [comtypes/__init__.py:149]: CoInitializeEx(None, 2)
2025-05-25 17:27:13,716 [INFO] [MainThread] [root/watcher.py:55]: Created file watcher for path C:\Users\tamil\.config\yasb
2025-05-25 17:27:13,751 [DEBUG] [MainThread] [qasync._windows._EventPoller/_windows.py:213]: Starting (proactor: <_IocpProactor overlapped#=0 result#=0>)...
2025-05-25 17:27:13,753 [DEBUG] [Dummy-5] [qasync._windows._EventWorker/_windows.py:192]: Thread started
2025-05-25 17:28:07,912 [ERROR] [MainThread] [root/config.py:119]: The file 'C:\Users\tamil\.config\yasb\config.yaml' contains Parser Error(s). Please fix:
while parsing a flow mapping
  in "C:\Users\tamil\.config\yasb\config.yaml", line 213, column 13
expected ',' or '}', but got '<scalar>'
  in "C:\Users\tamil\.config\yasb\config.yaml", line 213, column 47
2025-05-25 17:28:10,680 [ERROR] [MainThread] [root/config.py:119]: The file 'C:\Users\tamil\.config\yasb\config.yaml' contains Parser Error(s). Please fix:
while parsing a flow mapping
  in "C:\Users\tamil\.config\yasb\config.yaml", line 213, column 13
expected ',' or '}', but got '<scalar>'
  in "C:\Users\tamil\.config\yasb\config.yaml", line 213, column 47
2025-05-25 17:28:14,542 [ERROR] [MainThread] [root/bar_manager.py:53]: Error loading config: while scanning a double-quoted scalar
  in "C:\Users\tamil\.config\yasb\config.yaml", line 213, column 45
found unknown escape character 'A'
  in "C:\Users\tamil\.config\yasb\config.yaml", line 213, column 63
2025-05-25 17:28:16,309 [ERROR] [MainThread] [root/bar_manager.py:53]: Error loading config: while scanning a double-quoted scalar
  in "C:\Users\tamil\.config\yasb\config.yaml", line 213, column 45
found unknown escape character 'A'
  in "C:\Users\tamil\.config\yasb\config.yaml", line 213, column 63
2025-05-25 17:28:18,656 [ERROR] [MainThread] [root/bar_manager.py:53]: Error loading config: while scanning a double-quoted scalar
  in "C:\Users\tamil\.config\yasb\config.yaml", line 213, column 45
found unknown escape character 'O'
  in "C:\Users\tamil\.config\yasb\config.yaml", line 213, column 87
2025-05-25 17:28:19,964 [ERROR] [MainThread] [root/bar_manager.py:53]: Error loading config: while scanning a double-quoted scalar
  in "C:\Users\tamil\.config\yasb\config.yaml", line 213, column 45
found unknown escape character 'O'
  in "C:\Users\tamil\.config\yasb\config.yaml", line 213, column 88
2025-05-25 17:28:21,194 [ERROR] [MainThread] [root/bar_manager.py:53]: Error loading config: while scanning a double-quoted scalar
  in "C:\Users\tamil\.config\yasb\config.yaml", line 213, column 45
found unknown escape character 'O'
  in "C:\Users\tamil\.config\yasb\config.yaml", line 213, column 89
2025-05-25 17:28:22,452 [ERROR] [MainThread] [root/bar_manager.py:53]: Error loading config: while scanning a double-quoted scalar
  in "C:\Users\tamil\.config\yasb\config.yaml", line 213, column 45
found unknown escape character 'o'
  in "C:\Users\tamil\.config\yasb\config.yaml", line 213, column 99
2025-05-25 17:28:23,781 [INFO] [MainThread] [root/controller.py:12]: Reloading Application because of config update...
2025-05-25 17:28:23,884 [INFO] [MainThread] [cli_server/cli_server.py:112]: Log pipe server stopped
2025-05-25 17:28:23,884 [DEBUG] [MainThread] [cli_server/cli_server.py:206]: CLI server stopped
2025-05-25 17:28:23,899 [DEBUG] [MainThread] [qasync._windows._EventPoller/_windows.py:218]: Stopping worker thread...
2025-05-25 17:28:23,910 [DEBUG] [Dummy-5] [qasync._windows._EventWorker/_windows.py:201]: Exiting thread
2025-05-25 17:28:23,911 [DEBUG] [MainThread] [qasync._windows._IocpProactor/_windows.py:75]: Closing
2025-05-25 17:28:24,201 [INFO] [MainThread] [root/log.py:59]: Yasb v1.7.4
2025-05-25 17:28:24,202 [INFO] [Thread-1 (_run_server)] [cli_server/cli_server.py:212]: CLI server started v1.1.1
2025-05-25 17:28:24,204 [INFO] [MainThread] [cli_server/cli_server.py:104]: Log pipe server started
2025-05-25 17:28:24,290 [DEBUG] [MainThread] [tzlocal/win32.py:55]: Looking up time zone info from registry
2025-05-25 17:28:24,486 [DEBUG] [MainThread] [comtypes/__init__.py:149]: CoInitializeEx(None, 2)
2025-05-25 17:28:24,883 [INFO] [MainThread] [root/watcher.py:55]: Created file watcher for path C:\Users\tamil\.config\yasb
2025-05-25 17:28:24,918 [DEBUG] [MainThread] [qasync._windows._EventPoller/_windows.py:213]: Starting (proactor: <_IocpProactor overlapped#=0 result#=0>)...
2025-05-25 17:28:24,920 [DEBUG] [Dummy-5] [qasync._windows._EventWorker/_windows.py:192]: Thread started
2025-05-25 17:31:02,549 [ERROR] [MainThread] [root/config.py:110]: The config file 'C:\Users\tamil\.config\yasb\config.yaml' contains validation errors. Please fix:
widgets:
- memory:
  - null value not allowed

2025-05-25 17:31:21,279 [INFO] [MainThread] [root/controller.py:12]: Reloading Application because of config update...
2025-05-25 17:31:21,387 [INFO] [MainThread] [cli_server/cli_server.py:112]: Log pipe server stopped
2025-05-25 17:31:21,387 [DEBUG] [MainThread] [cli_server/cli_server.py:206]: CLI server stopped
2025-05-25 17:31:21,402 [DEBUG] [MainThread] [qasync._windows._EventPoller/_windows.py:218]: Stopping worker thread...
2025-05-25 17:31:21,403 [DEBUG] [Dummy-5] [qasync._windows._EventWorker/_windows.py:201]: Exiting thread
2025-05-25 17:31:21,404 [DEBUG] [MainThread] [qasync._windows._IocpProactor/_windows.py:75]: Closing
2025-05-25 17:31:21,699 [INFO] [MainThread] [root/log.py:59]: Yasb v1.7.4
2025-05-25 17:31:21,699 [INFO] [Thread-1 (_run_server)] [cli_server/cli_server.py:212]: CLI server started v1.1.1
2025-05-25 17:31:21,699 [INFO] [MainThread] [cli_server/cli_server.py:104]: Log pipe server started
2025-05-25 17:31:21,782 [DEBUG] [MainThread] [tzlocal/win32.py:55]: Looking up time zone info from registry
2025-05-25 17:31:21,973 [DEBUG] [MainThread] [comtypes/__init__.py:149]: CoInitializeEx(None, 2)
2025-05-25 17:31:22,363 [INFO] [MainThread] [root/watcher.py:55]: Created file watcher for path C:\Users\tamil\.config\yasb
2025-05-25 17:31:22,396 [DEBUG] [MainThread] [qasync._windows._EventPoller/_windows.py:213]: Starting (proactor: <_IocpProactor overlapped#=0 result#=0>)...
2025-05-25 17:31:22,396 [DEBUG] [Dummy-5] [qasync._windows._EventWorker/_windows.py:192]: Thread started
2025-05-25 17:31:28,594 [ERROR] [MainThread] [root/config.py:119]: The file 'C:\Users\tamil\.config\yasb\config.yaml' contains Parser Error(s). Please fix:
while parsing a block mapping
  in "C:\Users\tamil\.config\yasb\config.yaml", line 53, column 3
expected <block end>, but found '<block mapping start>'
  in "C:\Users\tamil\.config\yasb\config.yaml", line 217, column 5
2025-05-25 17:31:39,613 [ERROR] [MainThread] [root/config.py:119]: The file 'C:\Users\tamil\.config\yasb\config.yaml' contains Parser Error(s). Please fix:
while parsing a block mapping
  in "C:\Users\tamil\.config\yasb\config.yaml", line 53, column 3
expected <block end>, but found '<block mapping start>'
  in "C:\Users\tamil\.config\yasb\config.yaml", line 218, column 5
2025-05-25 17:31:50,798 [ERROR] [MainThread] [root/config.py:119]: The file 'C:\Users\tamil\.config\yasb\config.yaml' contains Parser Error(s). Please fix:
while parsing a block mapping
  in "C:\Users\tamil\.config\yasb\config.yaml", line 53, column 3
expected <block end>, but found '<block mapping start>'
  in "C:\Users\tamil\.config\yasb\config.yaml", line 219, column 5
2025-05-25 17:31:52,246 [ERROR] [MainThread] [root/config.py:119]: The file 'C:\Users\tamil\.config\yasb\config.yaml' contains Parser Error(s). Please fix:
while parsing a block mapping
  in "C:\Users\tamil\.config\yasb\config.yaml", line 53, column 3
expected <block end>, but found '<block mapping start>'
  in "C:\Users\tamil\.config\yasb\config.yaml", line 219, column 5
2025-05-25 17:31:53,947 [ERROR] [MainThread] [root/config.py:119]: The file 'C:\Users\tamil\.config\yasb\config.yaml' contains Parser Error(s). Please fix:
while parsing a block mapping
  in "C:\Users\tamil\.config\yasb\config.yaml", line 53, column 3
expected <block end>, but found '<block mapping start>'
  in "C:\Users\tamil\.config\yasb\config.yaml", line 220, column 5
2025-05-25 17:31:56,360 [ERROR] [MainThread] [root/config.py:119]: The file 'C:\Users\tamil\.config\yasb\config.yaml' contains Parser Error(s). Please fix:
while parsing a block mapping
  in "C:\Users\tamil\.config\yasb\config.yaml", line 53, column 3
expected <block end>, but found '<block mapping start>'
  in "C:\Users\tamil\.config\yasb\config.yaml", line 224, column 5
2025-05-25 17:32:01,812 [ERROR] [MainThread] [root/config.py:119]: The file 'C:\Users\tamil\.config\yasb\config.yaml' contains Parser Error(s). Please fix:
while parsing a block mapping
  in "C:\Users\tamil\.config\yasb\config.yaml", line 53, column 3
expected <block end>, but found '<block mapping start>'
  in "C:\Users\tamil\.config\yasb\config.yaml", line 224, column 5
2025-05-25 17:32:04,208 [ERROR] [MainThread] [root/config.py:119]: The file 'C:\Users\tamil\.config\yasb\config.yaml' contains Parser Error(s). Please fix:
while parsing a block mapping
  in "C:\Users\tamil\.config\yasb\config.yaml", line 53, column 3
expected <block end>, but found '<block mapping start>'
  in "C:\Users\tamil\.config\yasb\config.yaml", line 224, column 5
2025-05-25 17:32:08,500 [ERROR] [MainThread] [root/config.py:119]: The file 'C:\Users\tamil\.config\yasb\config.yaml' contains Parser Error(s). Please fix:
while parsing a block mapping
  in "C:\Users\tamil\.config\yasb\config.yaml", line 53, column 3
expected <block end>, but found '<block mapping start>'
  in "C:\Users\tamil\.config\yasb\config.yaml", line 228, column 5
2025-05-25 17:32:12,616 [INFO] [MainThread] [root/controller.py:12]: Reloading Application because of config update...
2025-05-25 17:32:12,721 [INFO] [MainThread] [cli_server/cli_server.py:112]: Log pipe server stopped
2025-05-25 17:32:12,721 [DEBUG] [MainThread] [cli_server/cli_server.py:206]: CLI server stopped
2025-05-25 17:32:12,735 [DEBUG] [MainThread] [qasync._windows._EventPoller/_windows.py:218]: Stopping worker thread...
2025-05-25 17:32:12,747 [DEBUG] [Dummy-5] [qasync._windows._EventWorker/_windows.py:201]: Exiting thread
2025-05-25 17:32:12,748 [DEBUG] [MainThread] [qasync._windows._IocpProactor/_windows.py:75]: Closing
2025-05-25 17:32:13,011 [INFO] [MainThread] [root/log.py:59]: Yasb v1.7.4
2025-05-25 17:32:13,016 [INFO] [Thread-1 (_run_server)] [cli_server/cli_server.py:212]: CLI server started v1.1.1
2025-05-25 17:32:13,016 [INFO] [MainThread] [cli_server/cli_server.py:104]: Log pipe server started
2025-05-25 17:32:13,094 [DEBUG] [MainThread] [tzlocal/win32.py:55]: Looking up time zone info from registry
2025-05-25 17:32:13,269 [DEBUG] [MainThread] [comtypes/__init__.py:149]: CoInitializeEx(None, 2)
2025-05-25 17:32:13,619 [INFO] [MainThread] [root/watcher.py:55]: Created file watcher for path C:\Users\tamil\.config\yasb
2025-05-25 17:32:13,650 [DEBUG] [MainThread] [qasync._windows._EventPoller/_windows.py:213]: Starting (proactor: <_IocpProactor overlapped#=0 result#=0>)...
2025-05-25 17:32:13,651 [DEBUG] [Dummy-5] [qasync._windows._EventWorker/_windows.py:192]: Thread started
2025-05-25 17:33:12,664 [ERROR] [MainThread] [root/config.py:119]: The file 'C:\Users\tamil\.config\yasb\config.yaml' contains Parser Error(s). Please fix:
while parsing a flow sequence
  in "C:\Users\tamil\.config\yasb\config.yaml", line 36, column 13
expected ',' or ']', but got '<scalar>'
  in "C:\Users\tamil\.config\yasb\config.yaml", line 40, column 9
2025-05-25 17:33:14,006 [INFO] [MainThread] [root/controller.py:12]: Reloading Application because of config update...
2025-05-25 17:33:14,109 [INFO] [MainThread] [cli_server/cli_server.py:112]: Log pipe server stopped
2025-05-25 17:33:14,109 [DEBUG] [MainThread] [cli_server/cli_server.py:206]: CLI server stopped
2025-05-25 17:33:14,125 [DEBUG] [MainThread] [qasync._windows._EventPoller/_windows.py:218]: Stopping worker thread...
2025-05-25 17:33:14,140 [DEBUG] [Dummy-5] [qasync._windows._EventWorker/_windows.py:201]: Exiting thread
2025-05-25 17:33:14,141 [DEBUG] [MainThread] [qasync._windows._IocpProactor/_windows.py:75]: Closing
2025-05-25 17:33:14,404 [INFO] [MainThread] [root/log.py:59]: Yasb v1.7.4
2025-05-25 17:33:14,405 [INFO] [Thread-1 (_run_server)] [cli_server/cli_server.py:212]: CLI server started v1.1.1
2025-05-25 17:33:14,405 [INFO] [MainThread] [cli_server/cli_server.py:104]: Log pipe server started
2025-05-25 17:33:14,485 [DEBUG] [MainThread] [tzlocal/win32.py:55]: Looking up time zone info from registry
2025-05-25 17:33:14,812 [DEBUG] [MainThread] [comtypes/__init__.py:149]: CoInitializeEx(None, 2)
2025-05-25 17:33:15,169 [INFO] [MainThread] [root/watcher.py:55]: Created file watcher for path C:\Users\tamil\.config\yasb
2025-05-25 17:33:15,198 [DEBUG] [MainThread] [qasync._windows._EventPoller/_windows.py:213]: Starting (proactor: <_IocpProactor overlapped#=0 result#=0>)...
2025-05-25 17:33:15,200 [DEBUG] [Dummy-5] [qasync._windows._EventWorker/_windows.py:192]: Thread started
2025-05-25 17:34:47,076 [ERROR] [MainThread] [root/config.py:110]: The config file 'C:\Users\tamil\.config\yasb\config.yaml' contains validation errors. Please fix:
disk:
- unknown field

2025-05-25 17:34:54,658 [ERROR] [MainThread] [root/config.py:110]: The config file 'C:\Users\tamil\.config\yasb\config.yaml' contains validation errors. Please fix:
widgets:
- disk:
  - null value not allowed

2025-05-25 17:35:10,849 [INFO] [MainThread] [root/controller.py:12]: Reloading Application because of config update...
2025-05-25 17:35:10,959 [INFO] [MainThread] [cli_server/cli_server.py:112]: Log pipe server stopped
2025-05-25 17:35:10,960 [DEBUG] [MainThread] [cli_server/cli_server.py:206]: CLI server stopped
2025-05-25 17:35:10,977 [DEBUG] [MainThread] [qasync._windows._EventPoller/_windows.py:218]: Stopping worker thread...
2025-05-25 17:35:10,994 [DEBUG] [Dummy-5] [qasync._windows._EventWorker/_windows.py:201]: Exiting thread
2025-05-25 17:35:10,995 [DEBUG] [MainThread] [qasync._windows._IocpProactor/_windows.py:75]: Closing
2025-05-25 17:35:11,254 [INFO] [MainThread] [root/log.py:59]: Yasb v1.7.4
2025-05-25 17:35:11,255 [INFO] [Thread-1 (_run_server)] [cli_server/cli_server.py:212]: CLI server started v1.1.1
2025-05-25 17:35:11,255 [INFO] [MainThread] [cli_server/cli_server.py:104]: Log pipe server started
2025-05-25 17:35:11,335 [DEBUG] [MainThread] [tzlocal/win32.py:55]: Looking up time zone info from registry
2025-05-25 17:35:11,608 [DEBUG] [MainThread] [comtypes/__init__.py:149]: CoInitializeEx(None, 2)
2025-05-25 17:35:12,023 [INFO] [MainThread] [root/watcher.py:55]: Created file watcher for path C:\Users\tamil\.config\yasb
2025-05-25 17:35:12,058 [DEBUG] [MainThread] [qasync._windows._EventPoller/_windows.py:213]: Starting (proactor: <_IocpProactor overlapped#=0 result#=0>)...
2025-05-25 17:35:12,060 [DEBUG] [Dummy-5] [qasync._windows._EventWorker/_windows.py:192]: Thread started
2025-05-25 17:36:30,884 [ERROR] [MainThread] [root/config.py:119]: The file 'C:\Users\tamil\.config\yasb\config.yaml' contains Parser Error(s). Please fix:
while parsing a flow sequence
  in "C:\Users\tamil\.config\yasb\config.yaml", line 46, column 14
expected ',' or ']', but got '<scalar>'
  in "C:\Users\tamil\.config\yasb\config.yaml", line 49, column 9
2025-05-25 17:36:33,045 [INFO] [MainThread] [root/controller.py:12]: Reloading Application because of config update...
2025-05-25 17:36:33,156 [INFO] [MainThread] [cli_server/cli_server.py:112]: Log pipe server stopped
2025-05-25 17:36:33,156 [DEBUG] [MainThread] [cli_server/cli_server.py:206]: CLI server stopped
2025-05-25 17:36:33,171 [DEBUG] [MainThread] [qasync._windows._EventPoller/_windows.py:218]: Stopping worker thread...
2025-05-25 17:36:33,192 [DEBUG] [Dummy-5] [qasync._windows._EventWorker/_windows.py:201]: Exiting thread
2025-05-25 17:36:33,192 [DEBUG] [MainThread] [qasync._windows._IocpProactor/_windows.py:75]: Closing
2025-05-25 17:36:33,457 [INFO] [MainThread] [root/log.py:59]: Yasb v1.7.4
2025-05-25 17:36:33,457 [INFO] [Thread-1 (_run_server)] [cli_server/cli_server.py:212]: CLI server started v1.1.1
2025-05-25 17:36:33,467 [INFO] [MainThread] [cli_server/cli_server.py:104]: Log pipe server started
2025-05-25 17:36:33,547 [DEBUG] [MainThread] [tzlocal/win32.py:55]: Looking up time zone info from registry
2025-05-25 17:36:33,857 [DEBUG] [MainThread] [comtypes/__init__.py:149]: CoInitializeEx(None, 2)
2025-05-25 17:36:34,227 [INFO] [MainThread] [root/watcher.py:55]: Created file watcher for path C:\Users\tamil\.config\yasb
2025-05-25 17:36:34,260 [DEBUG] [MainThread] [qasync._windows._EventPoller/_windows.py:213]: Starting (proactor: <_IocpProactor overlapped#=0 result#=0>)...
2025-05-25 17:36:34,260 [DEBUG] [Dummy-5] [qasync._windows._EventWorker/_windows.py:192]: Thread started
2025-05-25 17:36:56,569 [INFO] [MainThread] [root/controller.py:12]: Reloading Application because of config update...
2025-05-25 17:36:56,674 [INFO] [MainThread] [cli_server/cli_server.py:112]: Log pipe server stopped
2025-05-25 17:36:56,674 [DEBUG] [MainThread] [cli_server/cli_server.py:206]: CLI server stopped
2025-05-25 17:36:56,687 [DEBUG] [MainThread] [qasync._windows._EventPoller/_windows.py:218]: Stopping worker thread...
2025-05-25 17:36:56,694 [DEBUG] [Dummy-5] [qasync._windows._EventWorker/_windows.py:201]: Exiting thread
2025-05-25 17:36:56,695 [DEBUG] [MainThread] [qasync._windows._IocpProactor/_windows.py:75]: Closing
2025-05-25 17:36:56,967 [INFO] [MainThread] [root/log.py:59]: Yasb v1.7.4
2025-05-25 17:36:56,969 [INFO] [Thread-1 (_run_server)] [cli_server/cli_server.py:212]: CLI server started v1.1.1
2025-05-25 17:36:56,969 [INFO] [MainThread] [cli_server/cli_server.py:104]: Log pipe server started
2025-05-25 17:36:57,050 [DEBUG] [MainThread] [tzlocal/win32.py:55]: Looking up time zone info from registry
2025-05-25 17:36:57,337 [DEBUG] [MainThread] [comtypes/__init__.py:149]: CoInitializeEx(None, 2)
2025-05-25 17:36:57,696 [ERROR] [MainThread] [root/widget_builder.py:88]: Failed to validate widget(s) due to invalid options  - disk
      label_shadow:
      - enabled:
        - must be of boolean type
      
2025-05-25 17:37:24,972 [INFO] [MainThread] [root/watcher.py:55]: Created file watcher for path C:\Users\tamil\.config\yasb
2025-05-25 17:37:25,007 [DEBUG] [MainThread] [qasync._windows._EventPoller/_windows.py:213]: Starting (proactor: <_IocpProactor overlapped#=0 result#=0>)...
2025-05-25 17:37:25,007 [DEBUG] [Dummy-5] [qasync._windows._EventWorker/_windows.py:192]: Thread started
2025-05-25 17:37:29,757 [INFO] [MainThread] [root/controller.py:12]: Reloading Application because of config update...
2025-05-25 17:37:29,865 [INFO] [MainThread] [cli_server/cli_server.py:112]: Log pipe server stopped
2025-05-25 17:37:29,866 [DEBUG] [MainThread] [cli_server/cli_server.py:206]: CLI server stopped
2025-05-25 17:37:29,882 [DEBUG] [MainThread] [qasync._windows._EventPoller/_windows.py:218]: Stopping worker thread...
2025-05-25 17:37:29,897 [DEBUG] [Dummy-5] [qasync._windows._EventWorker/_windows.py:201]: Exiting thread
2025-05-25 17:37:29,897 [DEBUG] [MainThread] [qasync._windows._IocpProactor/_windows.py:75]: Closing
2025-05-25 17:37:30,174 [INFO] [MainThread] [root/log.py:59]: Yasb v1.7.4
2025-05-25 17:37:30,174 [INFO] [Thread-1 (_run_server)] [cli_server/cli_server.py:212]: CLI server started v1.1.1
2025-05-25 17:37:30,174 [INFO] [MainThread] [cli_server/cli_server.py:104]: Log pipe server started
2025-05-25 17:37:30,266 [DEBUG] [MainThread] [tzlocal/win32.py:55]: Looking up time zone info from registry
2025-05-25 17:37:30,548 [DEBUG] [MainThread] [comtypes/__init__.py:149]: CoInitializeEx(None, 2)
2025-05-25 17:37:30,913 [ERROR] [MainThread] [root/widget_builder.py:88]: Failed to validate widget(s) due to invalid options  - disk
      label_shadow:
      - enabled:
        - must be of boolean type
      
2025-05-25 17:37:34,061 [INFO] [MainThread] [root/watcher.py:55]: Created file watcher for path C:\Users\tamil\.config\yasb
2025-05-25 17:37:34,097 [DEBUG] [MainThread] [qasync._windows._EventPoller/_windows.py:213]: Starting (proactor: <_IocpProactor overlapped#=0 result#=0>)...
2025-05-25 17:37:34,100 [DEBUG] [Dummy-5] [qasync._windows._EventWorker/_windows.py:192]: Thread started
2025-05-25 17:37:40,835 [INFO] [MainThread] [root/controller.py:12]: Reloading Application from tray...
2025-05-25 17:37:40,936 [INFO] [MainThread] [cli_server/cli_server.py:112]: Log pipe server stopped
2025-05-25 17:37:40,936 [DEBUG] [MainThread] [cli_server/cli_server.py:206]: CLI server stopped
2025-05-25 17:37:40,953 [DEBUG] [MainThread] [qasync._windows._EventPoller/_windows.py:218]: Stopping worker thread...
2025-05-25 17:37:40,967 [DEBUG] [Dummy-5] [qasync._windows._EventWorker/_windows.py:201]: Exiting thread
2025-05-25 17:37:40,968 [DEBUG] [MainThread] [qasync._windows._IocpProactor/_windows.py:75]: Closing
2025-05-25 17:37:41,246 [INFO] [MainThread] [root/log.py:59]: Yasb v1.7.4
2025-05-25 17:37:41,246 [INFO] [Thread-1 (_run_server)] [cli_server/cli_server.py:212]: CLI server started v1.1.1
2025-05-25 17:37:41,247 [INFO] [MainThread] [cli_server/cli_server.py:104]: Log pipe server started
2025-05-25 17:37:41,327 [DEBUG] [MainThread] [tzlocal/win32.py:55]: Looking up time zone info from registry
2025-05-25 17:37:41,602 [DEBUG] [MainThread] [comtypes/__init__.py:149]: CoInitializeEx(None, 2)
2025-05-25 17:37:41,960 [INFO] [MainThread] [root/watcher.py:55]: Created file watcher for path C:\Users\tamil\.config\yasb
2025-05-25 17:37:41,995 [DEBUG] [MainThread] [qasync._windows._EventPoller/_windows.py:213]: Starting (proactor: <_IocpProactor overlapped#=0 result#=0>)...
2025-05-25 17:37:41,996 [DEBUG] [Dummy-5] [qasync._windows._EventWorker/_windows.py:192]: Thread started
2025-05-25 17:40:31,957 [INFO] [MainThread] [root/controller.py:12]: Reloading Application because of config update...
2025-05-25 17:40:32,066 [INFO] [MainThread] [cli_server/cli_server.py:112]: Log pipe server stopped
2025-05-25 17:40:32,066 [DEBUG] [MainThread] [cli_server/cli_server.py:206]: CLI server stopped
2025-05-25 17:40:32,088 [DEBUG] [MainThread] [qasync._windows._EventPoller/_windows.py:218]: Stopping worker thread...
2025-05-25 17:40:32,097 [DEBUG] [Dummy-5] [qasync._windows._EventWorker/_windows.py:201]: Exiting thread
2025-05-25 17:40:32,098 [DEBUG] [MainThread] [qasync._windows._IocpProactor/_windows.py:75]: Closing
2025-05-25 17:40:32,391 [INFO] [MainThread] [root/log.py:59]: Yasb v1.7.4
2025-05-25 17:40:32,392 [INFO] [Thread-1 (_run_server)] [cli_server/cli_server.py:212]: CLI server started v1.1.1
2025-05-25 17:40:32,393 [INFO] [MainThread] [cli_server/cli_server.py:104]: Log pipe server started
2025-05-25 17:40:32,499 [DEBUG] [MainThread] [tzlocal/win32.py:55]: Looking up time zone info from registry
2025-05-25 17:40:32,827 [DEBUG] [MainThread] [comtypes/__init__.py:149]: CoInitializeEx(None, 2)
2025-05-25 17:40:33,278 [INFO] [MainThread] [root/watcher.py:55]: Created file watcher for path C:\Users\tamil\.config\yasb
2025-05-25 17:40:33,317 [DEBUG] [MainThread] [qasync._windows._EventPoller/_windows.py:213]: Starting (proactor: <_IocpProactor overlapped#=0 result#=0>)...
2025-05-25 17:40:33,318 [DEBUG] [Dummy-5] [qasync._windows._EventWorker/_windows.py:192]: Thread started
2025-05-25 17:40:36,249 [INFO] [MainThread] [root/controller.py:12]: Reloading Application because of config update...
2025-05-25 17:40:36,361 [INFO] [MainThread] [cli_server/cli_server.py:112]: Log pipe server stopped
2025-05-25 17:40:36,361 [DEBUG] [MainThread] [cli_server/cli_server.py:206]: CLI server stopped
2025-05-25 17:40:36,376 [DEBUG] [MainThread] [qasync._windows._EventPoller/_windows.py:218]: Stopping worker thread...
2025-05-25 17:40:36,392 [DEBUG] [Dummy-5] [qasync._windows._EventWorker/_windows.py:201]: Exiting thread
2025-05-25 17:40:36,393 [DEBUG] [MainThread] [qasync._windows._IocpProactor/_windows.py:75]: Closing
2025-05-25 17:40:36,667 [INFO] [MainThread] [root/log.py:59]: Yasb v1.7.4
2025-05-25 17:40:36,668 [INFO] [Thread-1 (_run_server)] [cli_server/cli_server.py:212]: CLI server started v1.1.1
2025-05-25 17:40:36,668 [INFO] [MainThread] [cli_server/cli_server.py:104]: Log pipe server started
2025-05-25 17:40:36,754 [DEBUG] [MainThread] [tzlocal/win32.py:55]: Looking up time zone info from registry
2025-05-25 17:40:37,043 [DEBUG] [MainThread] [comtypes/__init__.py:149]: CoInitializeEx(None, 2)
2025-05-25 17:40:37,414 [INFO] [MainThread] [root/watcher.py:55]: Created file watcher for path C:\Users\tamil\.config\yasb
2025-05-25 17:40:37,448 [DEBUG] [MainThread] [qasync._windows._EventPoller/_windows.py:213]: Starting (proactor: <_IocpProactor overlapped#=0 result#=0>)...
2025-05-25 17:40:37,450 [DEBUG] [Dummy-5] [qasync._windows._EventWorker/_windows.py:192]: Thread started
2025-05-25 17:41:04,859 [INFO] [MainThread] [root/controller.py:12]: Reloading Application because of config update...
2025-05-25 17:41:04,968 [INFO] [MainThread] [cli_server/cli_server.py:112]: Log pipe server stopped
2025-05-25 17:41:04,968 [DEBUG] [MainThread] [cli_server/cli_server.py:206]: CLI server stopped
2025-05-25 17:41:04,983 [DEBUG] [MainThread] [qasync._windows._EventPoller/_windows.py:218]: Stopping worker thread...
2025-05-25 17:41:04,983 [DEBUG] [Dummy-5] [qasync._windows._EventWorker/_windows.py:201]: Exiting thread
2025-05-25 17:41:04,984 [DEBUG] [MainThread] [qasync._windows._IocpProactor/_windows.py:75]: Closing
2025-05-25 17:41:05,257 [INFO] [MainThread] [root/log.py:59]: Yasb v1.7.4
2025-05-25 17:41:05,257 [INFO] [Thread-1 (_run_server)] [cli_server/cli_server.py:212]: CLI server started v1.1.1
2025-05-25 17:41:05,257 [INFO] [MainThread] [cli_server/cli_server.py:104]: Log pipe server started
2025-05-25 17:41:05,347 [DEBUG] [MainThread] [tzlocal/win32.py:55]: Looking up time zone info from registry
2025-05-25 17:41:05,656 [DEBUG] [MainThread] [comtypes/__init__.py:149]: CoInitializeEx(None, 2)
2025-05-25 17:41:06,023 [INFO] [MainThread] [root/watcher.py:55]: Created file watcher for path C:\Users\tamil\.config\yasb
2025-05-25 17:41:06,059 [DEBUG] [MainThread] [qasync._windows._EventPoller/_windows.py:213]: Starting (proactor: <_IocpProactor overlapped#=0 result#=0>)...
2025-05-25 17:41:06,060 [DEBUG] [Dummy-8] [qasync._windows._EventWorker/_windows.py:192]: Thread started
2025-05-25 17:41:11,105 [INFO] [MainThread] [root/controller.py:12]: Reloading Application because of config update...
2025-05-25 17:41:11,220 [INFO] [MainThread] [cli_server/cli_server.py:112]: Log pipe server stopped
2025-05-25 17:41:11,220 [DEBUG] [MainThread] [cli_server/cli_server.py:206]: CLI server stopped
2025-05-25 17:41:11,235 [DEBUG] [MainThread] [qasync._windows._EventPoller/_windows.py:218]: Stopping worker thread...
2025-05-25 17:41:11,236 [DEBUG] [Dummy-8] [qasync._windows._EventWorker/_windows.py:201]: Exiting thread
2025-05-25 17:41:11,238 [DEBUG] [MainThread] [qasync._windows._IocpProactor/_windows.py:75]: Closing
2025-05-25 17:41:11,521 [INFO] [MainThread] [root/log.py:59]: Yasb v1.7.4
2025-05-25 17:41:11,522 [INFO] [Thread-1 (_run_server)] [cli_server/cli_server.py:212]: CLI server started v1.1.1
2025-05-25 17:41:11,523 [INFO] [MainThread] [cli_server/cli_server.py:104]: Log pipe server started
2025-05-25 17:41:11,607 [DEBUG] [MainThread] [tzlocal/win32.py:55]: Looking up time zone info from registry
2025-05-25 17:41:11,911 [DEBUG] [MainThread] [comtypes/__init__.py:149]: CoInitializeEx(None, 2)
2025-05-25 17:41:12,277 [INFO] [MainThread] [root/watcher.py:55]: Created file watcher for path C:\Users\tamil\.config\yasb
2025-05-25 17:41:12,312 [DEBUG] [MainThread] [qasync._windows._EventPoller/_windows.py:213]: Starting (proactor: <_IocpProactor overlapped#=0 result#=0>)...
2025-05-25 17:41:12,313 [DEBUG] [Dummy-5] [qasync._windows._EventWorker/_windows.py:192]: Thread started
2025-05-25 17:41:19,056 [INFO] [MainThread] [root/controller.py:12]: Reloading Application because of config update...
2025-05-25 17:41:19,157 [INFO] [MainThread] [cli_server/cli_server.py:112]: Log pipe server stopped
2025-05-25 17:41:19,157 [DEBUG] [MainThread] [cli_server/cli_server.py:206]: CLI server stopped
2025-05-25 17:41:19,172 [DEBUG] [MainThread] [qasync._windows._EventPoller/_windows.py:218]: Stopping worker thread...
2025-05-25 17:41:19,184 [DEBUG] [Dummy-5] [qasync._windows._EventWorker/_windows.py:201]: Exiting thread
2025-05-25 17:41:19,185 [DEBUG] [MainThread] [qasync._windows._IocpProactor/_windows.py:75]: Closing
2025-05-25 17:41:19,440 [INFO] [MainThread] [root/log.py:59]: Yasb v1.7.4
2025-05-25 17:41:19,440 [INFO] [Thread-1 (_run_server)] [cli_server/cli_server.py:212]: CLI server started v1.1.1
2025-05-25 17:41:19,440 [INFO] [MainThread] [cli_server/cli_server.py:104]: Log pipe server started
2025-05-25 17:41:19,532 [DEBUG] [MainThread] [tzlocal/win32.py:55]: Looking up time zone info from registry
2025-05-25 17:41:19,842 [DEBUG] [MainThread] [comtypes/__init__.py:149]: CoInitializeEx(None, 2)
2025-05-25 17:41:20,209 [INFO] [MainThread] [root/watcher.py:55]: Created file watcher for path C:\Users\tamil\.config\yasb
2025-05-25 17:41:20,243 [DEBUG] [MainThread] [qasync._windows._EventPoller/_windows.py:213]: Starting (proactor: <_IocpProactor overlapped#=0 result#=0>)...
2025-05-25 17:41:20,244 [DEBUG] [Dummy-8] [qasync._windows._EventWorker/_windows.py:192]: Thread started
2025-05-25 17:41:22,450 [INFO] [MainThread] [root/controller.py:12]: Reloading Application because of config update...
2025-05-25 17:41:22,554 [INFO] [MainThread] [cli_server/cli_server.py:112]: Log pipe server stopped
2025-05-25 17:41:22,555 [DEBUG] [MainThread] [cli_server/cli_server.py:206]: CLI server stopped
2025-05-25 17:41:22,569 [DEBUG] [MainThread] [qasync._windows._EventPoller/_windows.py:218]: Stopping worker thread...
2025-05-25 17:41:22,570 [DEBUG] [Dummy-8] [qasync._windows._EventWorker/_windows.py:201]: Exiting thread
2025-05-25 17:41:22,570 [DEBUG] [MainThread] [qasync._windows._IocpProactor/_windows.py:75]: Closing
2025-05-25 17:41:22,853 [INFO] [MainThread] [root/log.py:59]: Yasb v1.7.4
2025-05-25 17:41:22,853 [INFO] [Thread-1 (_run_server)] [cli_server/cli_server.py:212]: CLI server started v1.1.1
2025-05-25 17:41:22,853 [INFO] [MainThread] [cli_server/cli_server.py:104]: Log pipe server started
2025-05-25 17:41:22,935 [DEBUG] [MainThread] [tzlocal/win32.py:55]: Looking up time zone info from registry
2025-05-25 17:41:23,235 [DEBUG] [MainThread] [comtypes/__init__.py:149]: CoInitializeEx(None, 2)
2025-05-25 17:41:23,594 [INFO] [MainThread] [root/watcher.py:55]: Created file watcher for path C:\Users\tamil\.config\yasb
2025-05-25 17:41:23,628 [DEBUG] [MainThread] [qasync._windows._EventPoller/_windows.py:213]: Starting (proactor: <_IocpProactor overlapped#=0 result#=0>)...
2025-05-25 17:41:23,629 [DEBUG] [Dummy-5] [qasync._windows._EventWorker/_windows.py:192]: Thread started
2025-05-25 17:41:32,074 [INFO] [MainThread] [root/controller.py:12]: Reloading Application because of config update...
2025-05-25 17:41:32,188 [INFO] [MainThread] [cli_server/cli_server.py:112]: Log pipe server stopped
2025-05-25 17:41:32,188 [DEBUG] [MainThread] [cli_server/cli_server.py:206]: CLI server stopped
2025-05-25 17:41:32,204 [DEBUG] [MainThread] [qasync._windows._EventPoller/_windows.py:218]: Stopping worker thread...
2025-05-25 17:41:32,206 [DEBUG] [Dummy-5] [qasync._windows._EventWorker/_windows.py:201]: Exiting thread
2025-05-25 17:41:32,206 [DEBUG] [MainThread] [qasync._windows._IocpProactor/_windows.py:75]: Closing
2025-05-25 17:41:32,474 [INFO] [MainThread] [root/log.py:59]: Yasb v1.7.4
2025-05-25 17:41:32,474 [INFO] [Thread-1 (_run_server)] [cli_server/cli_server.py:212]: CLI server started v1.1.1
2025-05-25 17:41:32,474 [INFO] [MainThread] [cli_server/cli_server.py:104]: Log pipe server started
2025-05-25 17:41:32,561 [DEBUG] [MainThread] [tzlocal/win32.py:55]: Looking up time zone info from registry
2025-05-25 17:41:32,852 [DEBUG] [MainThread] [comtypes/__init__.py:149]: CoInitializeEx(None, 2)
2025-05-25 17:41:33,244 [INFO] [MainThread] [root/watcher.py:55]: Created file watcher for path C:\Users\tamil\.config\yasb
2025-05-25 17:41:33,279 [DEBUG] [MainThread] [qasync._windows._EventPoller/_windows.py:213]: Starting (proactor: <_IocpProactor overlapped#=0 result#=0>)...
2025-05-25 17:41:33,280 [DEBUG] [Dummy-5] [qasync._windows._EventWorker/_windows.py:192]: Thread started
2025-05-25 17:42:15,699 [INFO] [MainThread] [root/controller.py:12]: Reloading Application because of config update...
2025-05-25 17:42:15,813 [INFO] [MainThread] [cli_server/cli_server.py:112]: Log pipe server stopped
2025-05-25 17:42:15,813 [DEBUG] [MainThread] [cli_server/cli_server.py:206]: CLI server stopped
2025-05-25 17:42:15,827 [DEBUG] [MainThread] [qasync._windows._EventPoller/_windows.py:218]: Stopping worker thread...
2025-05-25 17:42:15,828 [DEBUG] [Dummy-5] [qasync._windows._EventWorker/_windows.py:201]: Exiting thread
2025-05-25 17:42:15,829 [DEBUG] [MainThread] [qasync._windows._IocpProactor/_windows.py:75]: Closing
2025-05-25 17:42:16,108 [INFO] [MainThread] [root/log.py:59]: Yasb v1.7.4
2025-05-25 17:42:16,108 [INFO] [Thread-1 (_run_server)] [cli_server/cli_server.py:212]: CLI server started v1.1.1
2025-05-25 17:42:16,109 [INFO] [MainThread] [cli_server/cli_server.py:104]: Log pipe server started
2025-05-25 17:42:16,202 [DEBUG] [MainThread] [tzlocal/win32.py:55]: Looking up time zone info from registry
2025-05-25 17:42:16,507 [DEBUG] [MainThread] [comtypes/__init__.py:149]: CoInitializeEx(None, 2)
2025-05-25 17:42:16,871 [INFO] [MainThread] [root/watcher.py:55]: Created file watcher for path C:\Users\tamil\.config\yasb
2025-05-25 17:42:16,905 [DEBUG] [MainThread] [qasync._windows._EventPoller/_windows.py:213]: Starting (proactor: <_IocpProactor overlapped#=0 result#=0>)...
2025-05-25 17:42:16,907 [DEBUG] [Dummy-5] [qasync._windows._EventWorker/_windows.py:192]: Thread started
2025-05-25 17:42:17,146 [INFO] [MainThread] [root/controller.py:12]: Reloading Application because of config update...
2025-05-25 17:42:17,246 [INFO] [MainThread] [cli_server/cli_server.py:112]: Log pipe server stopped
2025-05-25 17:42:17,246 [DEBUG] [MainThread] [cli_server/cli_server.py:206]: CLI server stopped
2025-05-25 17:42:17,263 [DEBUG] [MainThread] [qasync._windows._EventPoller/_windows.py:218]: Stopping worker thread...
2025-05-25 17:42:17,273 [DEBUG] [Dummy-5] [qasync._windows._EventWorker/_windows.py:201]: Exiting thread
2025-05-25 17:42:17,274 [DEBUG] [MainThread] [qasync._windows._IocpProactor/_windows.py:75]: Closing
2025-05-25 17:42:17,541 [INFO] [MainThread] [root/log.py:59]: Yasb v1.7.4
2025-05-25 17:42:17,541 [INFO] [Thread-1 (_run_server)] [cli_server/cli_server.py:212]: CLI server started v1.1.1
2025-05-25 17:42:17,541 [INFO] [MainThread] [cli_server/cli_server.py:104]: Log pipe server started
2025-05-25 17:42:17,626 [DEBUG] [MainThread] [tzlocal/win32.py:55]: Looking up time zone info from registry
2025-05-25 17:42:17,923 [DEBUG] [MainThread] [comtypes/__init__.py:149]: CoInitializeEx(None, 2)
2025-05-25 17:42:18,291 [INFO] [MainThread] [root/watcher.py:55]: Created file watcher for path C:\Users\tamil\.config\yasb
2025-05-25 17:42:18,327 [DEBUG] [MainThread] [qasync._windows._EventPoller/_windows.py:213]: Starting (proactor: <_IocpProactor overlapped#=0 result#=0>)...
2025-05-25 17:42:18,328 [DEBUG] [Dummy-5] [qasync._windows._EventWorker/_windows.py:192]: Thread started
2025-05-25 17:42:25,219 [INFO] [MainThread] [root/controller.py:12]: Reloading Application because of config update...
2025-05-25 17:42:25,339 [INFO] [MainThread] [cli_server/cli_server.py:112]: Log pipe server stopped
2025-05-25 17:42:25,340 [DEBUG] [MainThread] [cli_server/cli_server.py:206]: CLI server stopped
2025-05-25 17:42:25,352 [DEBUG] [MainThread] [qasync._windows._EventPoller/_windows.py:218]: Stopping worker thread...
2025-05-25 17:42:25,367 [DEBUG] [Dummy-5] [qasync._windows._EventWorker/_windows.py:201]: Exiting thread
2025-05-25 17:42:25,367 [DEBUG] [MainThread] [qasync._windows._IocpProactor/_windows.py:75]: Closing
2025-05-25 17:42:25,637 [INFO] [MainThread] [root/log.py:59]: Yasb v1.7.4
2025-05-25 17:42:25,637 [INFO] [Thread-1 (_run_server)] [cli_server/cli_server.py:212]: CLI server started v1.1.1
2025-05-25 17:42:25,638 [INFO] [MainThread] [cli_server/cli_server.py:104]: Log pipe server started
2025-05-25 17:42:25,725 [DEBUG] [MainThread] [tzlocal/win32.py:55]: Looking up time zone info from registry
2025-05-25 17:42:26,016 [DEBUG] [MainThread] [comtypes/__init__.py:149]: CoInitializeEx(None, 2)
2025-05-25 17:42:26,392 [INFO] [MainThread] [root/watcher.py:55]: Created file watcher for path C:\Users\tamil\.config\yasb
2025-05-25 17:42:26,426 [DEBUG] [MainThread] [qasync._windows._EventPoller/_windows.py:213]: Starting (proactor: <_IocpProactor overlapped#=0 result#=0>)...
2025-05-25 17:42:26,427 [DEBUG] [Dummy-5] [qasync._windows._EventWorker/_windows.py:192]: Thread started
2025-05-25 17:42:30,420 [INFO] [MainThread] [root/controller.py:12]: Reloading Application because of config update...
2025-05-25 17:42:30,532 [INFO] [MainThread] [cli_server/cli_server.py:112]: Log pipe server stopped
2025-05-25 17:42:30,532 [DEBUG] [MainThread] [cli_server/cli_server.py:206]: CLI server stopped
2025-05-25 17:42:30,543 [DEBUG] [MainThread] [qasync._windows._EventPoller/_windows.py:218]: Stopping worker thread...
2025-05-25 17:42:30,549 [DEBUG] [Dummy-5] [qasync._windows._EventWorker/_windows.py:201]: Exiting thread
2025-05-25 17:42:30,550 [DEBUG] [MainThread] [qasync._windows._IocpProactor/_windows.py:75]: Closing
2025-05-25 17:42:30,821 [INFO] [MainThread] [root/log.py:59]: Yasb v1.7.4
2025-05-25 17:42:30,823 [INFO] [Thread-1 (_run_server)] [cli_server/cli_server.py:212]: CLI server started v1.1.1
2025-05-25 17:42:30,823 [INFO] [MainThread] [cli_server/cli_server.py:104]: Log pipe server started
2025-05-25 17:42:30,903 [DEBUG] [MainThread] [tzlocal/win32.py:55]: Looking up time zone info from registry
2025-05-25 17:42:31,188 [DEBUG] [MainThread] [comtypes/__init__.py:149]: CoInitializeEx(None, 2)
2025-05-25 17:42:31,562 [INFO] [MainThread] [root/watcher.py:55]: Created file watcher for path C:\Users\tamil\.config\yasb
2025-05-25 17:42:31,595 [DEBUG] [MainThread] [qasync._windows._EventPoller/_windows.py:213]: Starting (proactor: <_IocpProactor overlapped#=0 result#=0>)...
2025-05-25 17:42:31,596 [DEBUG] [Dummy-5] [qasync._windows._EventWorker/_windows.py:192]: Thread started
2025-05-25 17:42:32,576 [INFO] [MainThread] [root/controller.py:12]: Reloading Application because of config update...
2025-05-25 17:42:32,676 [INFO] [MainThread] [cli_server/cli_server.py:112]: Log pipe server stopped
2025-05-25 17:42:32,676 [DEBUG] [MainThread] [cli_server/cli_server.py:206]: CLI server stopped
2025-05-25 17:42:32,691 [DEBUG] [MainThread] [qasync._windows._EventPoller/_windows.py:218]: Stopping worker thread...
2025-05-25 17:42:32,701 [DEBUG] [Dummy-5] [qasync._windows._EventWorker/_windows.py:201]: Exiting thread
2025-05-25 17:42:32,701 [DEBUG] [MainThread] [qasync._windows._IocpProactor/_windows.py:75]: Closing
2025-05-25 17:42:32,969 [INFO] [MainThread] [root/log.py:59]: Yasb v1.7.4
2025-05-25 17:42:32,970 [INFO] [Thread-1 (_run_server)] [cli_server/cli_server.py:212]: CLI server started v1.1.1
2025-05-25 17:42:32,970 [INFO] [MainThread] [cli_server/cli_server.py:104]: Log pipe server started
2025-05-25 17:42:33,058 [DEBUG] [MainThread] [tzlocal/win32.py:55]: Looking up time zone info from registry
2025-05-25 17:42:33,363 [DEBUG] [MainThread] [comtypes/__init__.py:149]: CoInitializeEx(None, 2)
2025-05-25 17:42:33,737 [INFO] [MainThread] [root/watcher.py:55]: Created file watcher for path C:\Users\tamil\.config\yasb
2025-05-25 17:42:33,768 [DEBUG] [MainThread] [qasync._windows._EventPoller/_windows.py:213]: Starting (proactor: <_IocpProactor overlapped#=0 result#=0>)...
2025-05-25 17:42:33,770 [DEBUG] [Dummy-5] [qasync._windows._EventWorker/_windows.py:192]: Thread started
2025-05-25 17:42:43,938 [ERROR] [MainThread] [root/config.py:119]: The file 'C:\Users\tamil\.config\yasb\config.yaml' contains Parser Error(s). Please fix:
while parsing a flow sequence
  in "C:\Users\tamil\.config\yasb\config.yaml", line 46, column 14
expected ',' or ']', but got '<scalar>'
  in "C:\Users\tamil\.config\yasb\config.yaml", line 49, column 9
2025-05-25 17:42:45,154 [INFO] [MainThread] [root/controller.py:12]: Reloading Application because of config update...
2025-05-25 17:42:45,266 [INFO] [MainThread] [cli_server/cli_server.py:112]: Log pipe server stopped
2025-05-25 17:42:45,267 [DEBUG] [MainThread] [cli_server/cli_server.py:206]: CLI server stopped
2025-05-25 17:42:45,284 [DEBUG] [MainThread] [qasync._windows._EventPoller/_windows.py:218]: Stopping worker thread...
2025-05-25 17:42:45,285 [DEBUG] [Dummy-5] [qasync._windows._EventWorker/_windows.py:201]: Exiting thread
2025-05-25 17:42:45,285 [DEBUG] [MainThread] [qasync._windows._IocpProactor/_windows.py:75]: Closing
2025-05-25 17:42:45,560 [INFO] [MainThread] [root/log.py:59]: Yasb v1.7.4
2025-05-25 17:42:45,560 [INFO] [Thread-1 (_run_server)] [cli_server/cli_server.py:212]: CLI server started v1.1.1
2025-05-25 17:42:45,560 [INFO] [MainThread] [cli_server/cli_server.py:104]: Log pipe server started
2025-05-25 17:42:45,640 [DEBUG] [MainThread] [tzlocal/win32.py:55]: Looking up time zone info from registry
2025-05-25 17:42:45,947 [DEBUG] [MainThread] [comtypes/__init__.py:149]: CoInitializeEx(None, 2)
2025-05-25 17:42:46,301 [INFO] [MainThread] [root/watcher.py:55]: Created file watcher for path C:\Users\tamil\.config\yasb
2025-05-25 17:42:46,334 [DEBUG] [MainThread] [qasync._windows._EventPoller/_windows.py:213]: Starting (proactor: <_IocpProactor overlapped#=0 result#=0>)...
2025-05-25 17:42:46,335 [DEBUG] [Dummy-8] [qasync._windows._EventWorker/_windows.py:192]: Thread started
2025-05-25 17:45:46,079 [INFO] [MainThread] [root/controller.py:12]: Reloading Application because of config update...
2025-05-25 17:45:46,188 [INFO] [MainThread] [cli_server/cli_server.py:112]: Log pipe server stopped
2025-05-25 17:45:46,188 [DEBUG] [MainThread] [cli_server/cli_server.py:206]: CLI server stopped
2025-05-25 17:45:46,203 [DEBUG] [MainThread] [qasync._windows._EventPoller/_windows.py:218]: Stopping worker thread...
2025-05-25 17:45:46,204 [DEBUG] [Dummy-8] [qasync._windows._EventWorker/_windows.py:201]: Exiting thread
2025-05-25 17:45:46,205 [DEBUG] [MainThread] [qasync._windows._IocpProactor/_windows.py:75]: Closing
2025-05-25 17:45:46,501 [INFO] [MainThread] [root/log.py:59]: Yasb v1.7.4
2025-05-25 17:45:46,502 [INFO] [Thread-1 (_run_server)] [cli_server/cli_server.py:212]: CLI server started v1.1.1
2025-05-25 17:45:46,502 [INFO] [MainThread] [cli_server/cli_server.py:104]: Log pipe server started
2025-05-25 17:45:46,594 [DEBUG] [MainThread] [tzlocal/win32.py:55]: Looking up time zone info from registry
2025-05-25 17:45:46,909 [DEBUG] [MainThread] [comtypes/__init__.py:149]: CoInitializeEx(None, 2)
2025-05-25 17:45:47,327 [INFO] [MainThread] [root/watcher.py:55]: Created file watcher for path C:\Users\tamil\.config\yasb
2025-05-25 17:45:47,365 [DEBUG] [MainThread] [qasync._windows._EventPoller/_windows.py:213]: Starting (proactor: <_IocpProactor overlapped#=0 result#=0>)...
2025-05-25 17:45:47,367 [DEBUG] [Dummy-8] [qasync._windows._EventWorker/_windows.py:192]: Thread started
2025-05-25 17:46:36,455 [INFO] [MainThread] [root/controller.py:12]: Reloading Application because of config update...
2025-05-25 17:46:36,564 [INFO] [MainThread] [cli_server/cli_server.py:112]: Log pipe server stopped
2025-05-25 17:46:36,564 [DEBUG] [MainThread] [cli_server/cli_server.py:206]: CLI server stopped
2025-05-25 17:46:36,583 [DEBUG] [MainThread] [qasync._windows._EventPoller/_windows.py:218]: Stopping worker thread...
2025-05-25 17:46:36,596 [DEBUG] [Dummy-8] [qasync._windows._EventWorker/_windows.py:201]: Exiting thread
2025-05-25 17:46:36,597 [DEBUG] [MainThread] [qasync._windows._IocpProactor/_windows.py:75]: Closing
2025-05-25 17:46:36,901 [INFO] [MainThread] [root/log.py:59]: Yasb v1.7.4
2025-05-25 17:46:36,902 [INFO] [Thread-1 (_run_server)] [cli_server/cli_server.py:212]: CLI server started v1.1.1
2025-05-25 17:46:36,902 [INFO] [MainThread] [cli_server/cli_server.py:104]: Log pipe server started
2025-05-25 17:46:36,992 [DEBUG] [MainThread] [tzlocal/win32.py:55]: Looking up time zone info from registry
2025-05-25 17:46:37,364 [DEBUG] [MainThread] [comtypes/__init__.py:149]: CoInitializeEx(None, 2)
2025-05-25 17:46:37,711 [INFO] [MainThread] [root/watcher.py:55]: Created file watcher for path C:\Users\tamil\.config\yasb
2025-05-25 17:46:37,747 [DEBUG] [MainThread] [qasync._windows._EventPoller/_windows.py:213]: Starting (proactor: <_IocpProactor overlapped#=0 result#=0>)...
2025-05-25 17:46:37,748 [DEBUG] [Dummy-8] [qasync._windows._EventWorker/_windows.py:192]: Thread started
2025-05-25 17:46:39,047 [ERROR] [MainThread] [root/config.py:119]: The file 'C:\Users\tamil\.config\yasb\config.yaml' contains Parser Error(s). Please fix:
while parsing a block mapping
  in "C:\Users\tamil\.config\yasb\config.yaml", line 136, column 9
expected <block end>, but found '<scalar>'
  in "C:\Users\tamil\.config\yasb\config.yaml", line 136, column 24
2025-05-25 17:46:45,104 [ERROR] [MainThread] [root/config.py:119]: The file 'C:\Users\tamil\.config\yasb\config.yaml' contains Parser Error(s). Please fix:
while parsing a block mapping
  in "C:\Users\tamil\.config\yasb\config.yaml", line 136, column 9
expected <block end>, but found '<scalar>'
  in "C:\Users\tamil\.config\yasb\config.yaml", line 136, column 24
2025-05-25 17:46:46,412 [ERROR] [MainThread] [root/config.py:119]: The file 'C:\Users\tamil\.config\yasb\config.yaml' contains Parser Error(s). Please fix:
while parsing a block mapping
  in "C:\Users\tamil\.config\yasb\config.yaml", line 136, column 9
expected <block end>, but found '<scalar>'
  in "C:\Users\tamil\.config\yasb\config.yaml", line 136, column 73
2025-05-25 17:46:57,924 [INFO] [MainThread] [root/controller.py:12]: Reloading Application because of config update...
2025-05-25 17:46:58,025 [INFO] [MainThread] [cli_server/cli_server.py:112]: Log pipe server stopped
2025-05-25 17:46:58,025 [DEBUG] [MainThread] [cli_server/cli_server.py:206]: CLI server stopped
2025-05-25 17:46:58,043 [DEBUG] [MainThread] [qasync._windows._EventPoller/_windows.py:218]: Stopping worker thread...
2025-05-25 17:46:58,056 [DEBUG] [Dummy-8] [qasync._windows._EventWorker/_windows.py:201]: Exiting thread
2025-05-25 17:46:58,057 [DEBUG] [MainThread] [qasync._windows._IocpProactor/_windows.py:75]: Closing
2025-05-25 17:46:58,331 [INFO] [MainThread] [root/log.py:59]: Yasb v1.7.4
2025-05-25 17:46:58,332 [INFO] [Thread-1 (_run_server)] [cli_server/cli_server.py:212]: CLI server started v1.1.1
2025-05-25 17:46:58,332 [INFO] [MainThread] [cli_server/cli_server.py:104]: Log pipe server started
2025-05-25 17:46:58,420 [DEBUG] [MainThread] [tzlocal/win32.py:55]: Looking up time zone info from registry
2025-05-25 17:46:58,734 [DEBUG] [MainThread] [comtypes/__init__.py:149]: CoInitializeEx(None, 2)
2025-05-25 17:46:59,069 [INFO] [MainThread] [root/watcher.py:55]: Created file watcher for path C:\Users\tamil\.config\yasb
2025-05-25 17:46:59,102 [DEBUG] [MainThread] [qasync._windows._EventPoller/_windows.py:213]: Starting (proactor: <_IocpProactor overlapped#=0 result#=0>)...
2025-05-25 17:46:59,104 [DEBUG] [Dummy-8] [qasync._windows._EventWorker/_windows.py:192]: Thread started
2025-05-25 17:47:00,138 [INFO] [MainThread] [root/controller.py:12]: Reloading Application because of config update...
2025-05-25 17:47:00,238 [INFO] [MainThread] [cli_server/cli_server.py:112]: Log pipe server stopped
2025-05-25 17:47:00,238 [DEBUG] [MainThread] [cli_server/cli_server.py:206]: CLI server stopped
2025-05-25 17:47:00,257 [DEBUG] [MainThread] [qasync._windows._EventPoller/_windows.py:218]: Stopping worker thread...
2025-05-25 17:47:00,267 [DEBUG] [Dummy-8] [qasync._windows._EventWorker/_windows.py:201]: Exiting thread
2025-05-25 17:47:00,268 [DEBUG] [MainThread] [qasync._windows._IocpProactor/_windows.py:75]: Closing
2025-05-25 17:47:00,547 [INFO] [MainThread] [root/log.py:59]: Yasb v1.7.4
2025-05-25 17:47:00,548 [INFO] [Thread-1 (_run_server)] [cli_server/cli_server.py:212]: CLI server started v1.1.1
2025-05-25 17:47:00,549 [INFO] [MainThread] [cli_server/cli_server.py:104]: Log pipe server started
2025-05-25 17:47:00,657 [DEBUG] [MainThread] [tzlocal/win32.py:55]: Looking up time zone info from registry
2025-05-25 17:47:00,968 [DEBUG] [MainThread] [comtypes/__init__.py:149]: CoInitializeEx(None, 2)
2025-05-25 17:47:01,296 [INFO] [MainThread] [root/watcher.py:55]: Created file watcher for path C:\Users\tamil\.config\yasb
2025-05-25 17:47:01,332 [DEBUG] [MainThread] [qasync._windows._EventPoller/_windows.py:213]: Starting (proactor: <_IocpProactor overlapped#=0 result#=0>)...
2025-05-25 17:47:01,333 [DEBUG] [Dummy-8] [qasync._windows._EventWorker/_windows.py:192]: Thread started
2025-05-25 17:48:28,731 [ERROR] [MainThread] [root/config.py:110]: The config file 'C:\Users\tamil\.config\yasb\config.yaml' contains validation errors. Please fix:
widgets:
- active_window:
  - null value not allowed

2025-05-25 17:48:31,518 [INFO] [MainThread] [root/controller.py:12]: Reloading Application because of config update...
2025-05-25 17:48:31,625 [INFO] [MainThread] [cli_server/cli_server.py:112]: Log pipe server stopped
2025-05-25 17:48:31,625 [DEBUG] [MainThread] [cli_server/cli_server.py:206]: CLI server stopped
2025-05-25 17:48:31,911 [INFO] [MainThread] [root/log.py:59]: Yasb v1.7.4
2025-05-25 17:48:31,911 [INFO] [Thread-1 (_run_server)] [cli_server/cli_server.py:212]: CLI server started v1.1.1
2025-05-25 17:48:31,915 [INFO] [MainThread] [cli_server/cli_server.py:104]: Log pipe server started
2025-05-25 17:48:31,999 [DEBUG] [MainThread] [tzlocal/win32.py:55]: Looking up time zone info from registry
2025-05-25 17:48:32,315 [DEBUG] [MainThread] [comtypes/__init__.py:149]: CoInitializeEx(None, 2)
2025-05-25 17:48:32,640 [INFO] [MainThread] [root/watcher.py:55]: Created file watcher for path C:\Users\tamil\.config\yasb
2025-05-25 17:48:32,675 [DEBUG] [MainThread] [qasync._windows._EventPoller/_windows.py:213]: Starting (proactor: <_IocpProactor overlapped#=0 result#=0>)...
2025-05-25 17:48:32,676 [DEBUG] [Dummy-8] [qasync._windows._EventWorker/_windows.py:192]: Thread started
2025-05-25 17:48:33,534 [INFO] [MainThread] [root/controller.py:12]: Reloading Application because of config update...
2025-05-25 17:48:33,634 [INFO] [MainThread] [cli_server/cli_server.py:112]: Log pipe server stopped
2025-05-25 17:48:33,634 [DEBUG] [MainThread] [cli_server/cli_server.py:206]: CLI server stopped
2025-05-25 17:48:33,651 [DEBUG] [MainThread] [qasync._windows._EventPoller/_windows.py:218]: Stopping worker thread...
2025-05-25 17:48:33,660 [DEBUG] [Dummy-8] [qasync._windows._EventWorker/_windows.py:201]: Exiting thread
2025-05-25 17:48:33,660 [DEBUG] [MainThread] [qasync._windows._IocpProactor/_windows.py:75]: Closing
2025-05-25 17:48:33,966 [INFO] [MainThread] [root/log.py:59]: Yasb v1.7.4
2025-05-25 17:48:33,966 [INFO] [Thread-1 (_run_server)] [cli_server/cli_server.py:212]: CLI server started v1.1.1
2025-05-25 17:48:33,967 [INFO] [MainThread] [cli_server/cli_server.py:104]: Log pipe server started
2025-05-25 17:48:34,061 [DEBUG] [MainThread] [tzlocal/win32.py:55]: Looking up time zone info from registry
2025-05-25 17:48:34,373 [DEBUG] [MainThread] [comtypes/__init__.py:149]: CoInitializeEx(None, 2)
2025-05-25 17:48:34,695 [INFO] [MainThread] [root/watcher.py:55]: Created file watcher for path C:\Users\tamil\.config\yasb
2025-05-25 17:48:34,730 [DEBUG] [MainThread] [qasync._windows._EventPoller/_windows.py:213]: Starting (proactor: <_IocpProactor overlapped#=0 result#=0>)...
2025-05-25 17:48:34,731 [DEBUG] [Dummy-8] [qasync._windows._EventWorker/_windows.py:192]: Thread started
2025-05-25 17:48:39,522 [INFO] [MainThread] [root/controller.py:12]: Reloading Application because of config update...
2025-05-25 17:48:39,626 [INFO] [MainThread] [cli_server/cli_server.py:112]: Log pipe server stopped
2025-05-25 17:48:39,627 [DEBUG] [MainThread] [cli_server/cli_server.py:206]: CLI server stopped
2025-05-25 17:48:39,642 [DEBUG] [MainThread] [qasync._windows._EventPoller/_windows.py:218]: Stopping worker thread...
2025-05-25 17:48:39,656 [DEBUG] [Dummy-8] [qasync._windows._EventWorker/_windows.py:201]: Exiting thread
2025-05-25 17:48:39,656 [DEBUG] [MainThread] [qasync._windows._IocpProactor/_windows.py:75]: Closing
2025-05-25 17:48:39,923 [INFO] [MainThread] [root/log.py:59]: Yasb v1.7.4
2025-05-25 17:48:39,924 [INFO] [Thread-1 (_run_server)] [cli_server/cli_server.py:212]: CLI server started v1.1.1
2025-05-25 17:48:39,925 [INFO] [MainThread] [cli_server/cli_server.py:104]: Log pipe server started
2025-05-25 17:48:40,010 [DEBUG] [MainThread] [tzlocal/win32.py:55]: Looking up time zone info from registry
2025-05-25 17:48:40,312 [DEBUG] [MainThread] [comtypes/__init__.py:149]: CoInitializeEx(None, 2)
2025-05-25 17:48:40,641 [INFO] [MainThread] [root/watcher.py:55]: Created file watcher for path C:\Users\tamil\.config\yasb
2025-05-25 17:48:40,676 [DEBUG] [MainThread] [qasync._windows._EventPoller/_windows.py:213]: Starting (proactor: <_IocpProactor overlapped#=0 result#=0>)...
2025-05-25 17:48:40,678 [DEBUG] [Dummy-8] [qasync._windows._EventWorker/_windows.py:192]: Thread started
2025-05-25 17:49:16,759 [INFO] [MainThread] [root/controller.py:12]: Reloading Application because of config update...
2025-05-25 17:49:16,861 [INFO] [MainThread] [cli_server/cli_server.py:112]: Log pipe server stopped
2025-05-25 17:49:16,861 [DEBUG] [MainThread] [cli_server/cli_server.py:206]: CLI server stopped
2025-05-25 17:49:16,876 [DEBUG] [MainThread] [qasync._windows._EventPoller/_windows.py:218]: Stopping worker thread...
2025-05-25 17:49:16,888 [DEBUG] [Dummy-8] [qasync._windows._EventWorker/_windows.py:201]: Exiting thread
2025-05-25 17:49:16,889 [DEBUG] [MainThread] [qasync._windows._IocpProactor/_windows.py:75]: Closing
2025-05-25 17:49:17,147 [INFO] [MainThread] [root/log.py:59]: Yasb v1.7.4
2025-05-25 17:49:17,147 [INFO] [Thread-1 (_run_server)] [cli_server/cli_server.py:212]: CLI server started v1.1.1
2025-05-25 17:49:17,147 [INFO] [MainThread] [cli_server/cli_server.py:104]: Log pipe server started
2025-05-25 17:49:17,234 [DEBUG] [MainThread] [tzlocal/win32.py:55]: Looking up time zone info from registry
2025-05-25 17:49:17,543 [DEBUG] [MainThread] [comtypes/__init__.py:149]: CoInitializeEx(None, 2)
2025-05-25 17:49:17,857 [INFO] [MainThread] [root/watcher.py:55]: Created file watcher for path C:\Users\tamil\.config\yasb
2025-05-25 17:49:17,890 [DEBUG] [MainThread] [qasync._windows._EventPoller/_windows.py:213]: Starting (proactor: <_IocpProactor overlapped#=0 result#=0>)...
2025-05-25 17:49:17,891 [DEBUG] [Dummy-8] [qasync._windows._EventWorker/_windows.py:192]: Thread started
2025-05-25 17:49:29,138 [INFO] [MainThread] [root/controller.py:12]: Reloading Application because of config update...
2025-05-25 17:49:29,246 [INFO] [MainThread] [cli_server/cli_server.py:112]: Log pipe server stopped
2025-05-25 17:49:29,246 [DEBUG] [MainThread] [cli_server/cli_server.py:206]: CLI server stopped
2025-05-25 17:49:29,293 [DEBUG] [MainThread] [qasync._windows._EventPoller/_windows.py:218]: Stopping worker thread...
2025-05-25 17:49:29,301 [DEBUG] [Dummy-8] [qasync._windows._EventWorker/_windows.py:201]: Exiting thread
2025-05-25 17:49:29,301 [DEBUG] [MainThread] [qasync._windows._IocpProactor/_windows.py:75]: Closing
2025-05-25 17:49:29,586 [INFO] [MainThread] [root/log.py:59]: Yasb v1.7.4
2025-05-25 17:49:29,586 [INFO] [Thread-1 (_run_server)] [cli_server/cli_server.py:212]: CLI server started v1.1.1
2025-05-25 17:49:29,586 [INFO] [MainThread] [cli_server/cli_server.py:104]: Log pipe server started
2025-05-25 17:49:29,673 [DEBUG] [MainThread] [tzlocal/win32.py:55]: Looking up time zone info from registry
2025-05-25 17:49:29,960 [DEBUG] [MainThread] [comtypes/__init__.py:149]: CoInitializeEx(None, 2)
2025-05-25 17:49:30,280 [INFO] [MainThread] [root/watcher.py:55]: Created file watcher for path C:\Users\tamil\.config\yasb
2025-05-25 17:49:30,315 [DEBUG] [MainThread] [qasync._windows._EventPoller/_windows.py:213]: Starting (proactor: <_IocpProactor overlapped#=0 result#=0>)...
2025-05-25 17:49:30,316 [DEBUG] [Dummy-8] [qasync._windows._EventWorker/_windows.py:192]: Thread started
2025-05-25 17:51:06,010 [ERROR] [MainThread] [root/config.py:110]: The config file 'C:\Users\tamil\.config\yasb\config.yaml' contains validation errors. Please fix:
widgets:
- windows_workspaces:
  - null value not allowed

2025-05-25 17:51:12,231 [INFO] [MainThread] [root/controller.py:12]: Reloading Application because of config update...
2025-05-25 17:51:12,336 [INFO] [MainThread] [cli_server/cli_server.py:112]: Log pipe server stopped
2025-05-25 17:51:12,336 [DEBUG] [MainThread] [cli_server/cli_server.py:206]: CLI server stopped
2025-05-25 17:51:12,685 [INFO] [MainThread] [root/log.py:59]: Yasb v1.7.4
2025-05-25 17:51:12,688 [INFO] [Thread-1 (_run_server)] [cli_server/cli_server.py:212]: CLI server started v1.1.1
2025-05-25 17:51:12,689 [INFO] [MainThread] [cli_server/cli_server.py:104]: Log pipe server started
2025-05-25 17:51:12,775 [DEBUG] [MainThread] [tzlocal/win32.py:55]: Looking up time zone info from registry
2025-05-25 17:51:13,078 [DEBUG] [MainThread] [comtypes/__init__.py:149]: CoInitializeEx(None, 2)
2025-05-25 17:51:13,397 [INFO] [MainThread] [root/watcher.py:55]: Created file watcher for path C:\Users\tamil\.config\yasb
2025-05-25 17:51:13,432 [DEBUG] [MainThread] [qasync._windows._EventPoller/_windows.py:213]: Starting (proactor: <_IocpProactor overlapped#=0 result#=0>)...
2025-05-25 17:51:13,433 [DEBUG] [Dummy-8] [qasync._windows._EventWorker/_windows.py:192]: Thread started
2025-05-25 17:51:58,489 [INFO] [MainThread] [root/controller.py:12]: Reloading Application because of config update...
2025-05-25 17:51:58,591 [INFO] [MainThread] [cli_server/cli_server.py:112]: Log pipe server stopped
2025-05-25 17:51:58,591 [DEBUG] [MainThread] [cli_server/cli_server.py:206]: CLI server stopped
2025-05-25 17:51:58,639 [DEBUG] [MainThread] [qasync._windows._EventPoller/_windows.py:218]: Stopping worker thread...
2025-05-25 17:51:58,655 [DEBUG] [Dummy-8] [qasync._windows._EventWorker/_windows.py:201]: Exiting thread
2025-05-25 17:51:58,657 [DEBUG] [MainThread] [qasync._windows._IocpProactor/_windows.py:75]: Closing
2025-05-25 17:51:58,923 [INFO] [MainThread] [root/log.py:59]: Yasb v1.7.4
2025-05-25 17:51:58,925 [INFO] [Thread-1 (_run_server)] [cli_server/cli_server.py:212]: CLI server started v1.1.1
2025-05-25 17:51:58,926 [INFO] [MainThread] [cli_server/cli_server.py:104]: Log pipe server started
2025-05-25 17:51:59,009 [DEBUG] [MainThread] [tzlocal/win32.py:55]: Looking up time zone info from registry
2025-05-25 17:51:59,220 [WARNING] [MainThread] [root/widget_builder.py:38]: No widget config could be found for widget 'wind
2025-05-25 17:51:59,276 [DEBUG] [MainThread] [comtypes/__init__.py:149]: CoInitializeEx(None, 2)
2025-05-25 17:51:59,603 [ERROR] [MainThread] [root/widget_builder.py:77]: Failed to add undefined widget(s)  - The widget "wind" is undefined.
2025-05-25 17:52:02,370 [INFO] [MainThread] [root/watcher.py:55]: Created file watcher for path C:\Users\tamil\.config\yasb
2025-05-25 17:52:02,409 [DEBUG] [MainThread] [qasync._windows._EventPoller/_windows.py:213]: Starting (proactor: <_IocpProactor overlapped#=0 result#=0>)...
2025-05-25 17:52:02,412 [DEBUG] [Dummy-8] [qasync._windows._EventWorker/_windows.py:192]: Thread started
2025-05-25 17:52:30,642 [INFO] [MainThread] [root/controller.py:12]: Reloading Application because of config update...
2025-05-25 17:52:30,745 [INFO] [MainThread] [cli_server/cli_server.py:112]: Log pipe server stopped
2025-05-25 17:52:30,745 [DEBUG] [MainThread] [cli_server/cli_server.py:206]: CLI server stopped
2025-05-25 17:52:30,754 [DEBUG] [MainThread] [qasync._windows._EventPoller/_windows.py:218]: Stopping worker thread...
2025-05-25 17:52:30,761 [DEBUG] [Dummy-8] [qasync._windows._EventWorker/_windows.py:201]: Exiting thread
2025-05-25 17:52:30,761 [DEBUG] [MainThread] [qasync._windows._IocpProactor/_windows.py:75]: Closing
2025-05-25 17:52:31,050 [INFO] [MainThread] [root/log.py:59]: Yasb v1.7.4
2025-05-25 17:52:31,051 [INFO] [Thread-1 (_run_server)] [cli_server/cli_server.py:212]: CLI server started v1.1.1
2025-05-25 17:52:31,051 [INFO] [MainThread] [cli_server/cli_server.py:104]: Log pipe server started
2025-05-25 17:52:31,134 [DEBUG] [MainThread] [tzlocal/win32.py:55]: Looking up time zone info from registry
2025-05-25 17:52:31,340 [WARNING] [MainThread] [root/widget_builder.py:38]: No widget config could be found for widget '
2025-05-25 17:52:31,394 [DEBUG] [MainThread] [comtypes/__init__.py:149]: CoInitializeEx(None, 2)
2025-05-25 17:52:31,716 [ERROR] [MainThread] [root/widget_builder.py:77]: Failed to add undefined widget(s)  - The widget "" is undefined.
2025-05-25 17:52:51,425 [INFO] [MainThread] [root/watcher.py:55]: Created file watcher for path C:\Users\tamil\.config\yasb
2025-05-25 17:52:51,468 [DEBUG] [MainThread] [qasync._windows._EventPoller/_windows.py:213]: Starting (proactor: <_IocpProactor overlapped#=0 result#=0>)...
2025-05-25 17:52:51,470 [DEBUG] [Dummy-8] [qasync._windows._EventWorker/_windows.py:192]: Thread started
2025-05-25 17:52:54,621 [INFO] [MainThread] [root/controller.py:12]: Reloading Application because of config update...
2025-05-25 17:52:54,734 [INFO] [MainThread] [cli_server/cli_server.py:112]: Log pipe server stopped
2025-05-25 17:52:54,734 [DEBUG] [MainThread] [cli_server/cli_server.py:206]: CLI server stopped
2025-05-25 17:52:54,748 [DEBUG] [MainThread] [qasync._windows._EventPoller/_windows.py:218]: Stopping worker thread...
2025-05-25 17:52:54,752 [DEBUG] [Dummy-8] [qasync._windows._EventWorker/_windows.py:201]: Exiting thread
2025-05-25 17:52:54,753 [DEBUG] [MainThread] [qasync._windows._IocpProactor/_windows.py:75]: Closing
2025-05-25 17:52:55,053 [INFO] [MainThread] [root/log.py:59]: Yasb v1.7.4
2025-05-25 17:52:55,054 [INFO] [Thread-1 (_run_server)] [cli_server/cli_server.py:212]: CLI server started v1.1.1
2025-05-25 17:52:55,055 [INFO] [MainThread] [cli_server/cli_server.py:104]: Log pipe server started
2025-05-25 17:52:55,137 [DEBUG] [MainThread] [tzlocal/win32.py:55]: Looking up time zone info from registry
2025-05-25 17:52:55,369 [DEBUG] [MainThread] [comtypes/__init__.py:149]: CoInitializeEx(None, 2)
2025-05-25 17:52:55,387 [DEBUG] [MainThread] [pyvda.build/build.py:53]: Starting feature detection...
2025-05-25 17:52:55,387 [DEBUG] [MainThread] [pyvda.build/build.py:57]: Feature detection complete. Windows version is over 26100
2025-05-25 17:52:55,390 [DEBUG] [MainThread] [comtypes/__init__.py:149]: CoInitializeEx(None, 2)
2025-05-25 17:52:55,397 [DEBUG] [MainThread] [comtypes._post_coinit.unknwn/unknwn.py:283]: Release <POINTER(IServiceProvider) ptr=0x1eec9643c98 at 1eecdcb3250>
2025-05-25 17:52:55,400 [DEBUG] [MainThread] [comtypes._post_coinit.unknwn/unknwn.py:283]: Release <POINTER(IServiceProvider) ptr=0x1eec9643818 at 1eecdcb3250>
2025-05-25 17:52:55,402 [DEBUG] [MainThread] [comtypes._post_coinit.unknwn/unknwn.py:283]: Release <POINTER(IServiceProvider) ptr=0x1eec9642198 at 1eecdcb3250>
2025-05-25 17:52:55,404 [DEBUG] [MainThread] [comtypes._post_coinit.unknwn/unknwn.py:283]: Release <POINTER(IServiceProvider) ptr=0x1eec9643698 at 1eecdcb3250>
2025-05-25 17:52:55,410 [DEBUG] [MainThread] [comtypes._post_coinit.unknwn/unknwn.py:283]: Release <POINTER(IObjectArray) ptr=0x1eec9642698 at 1eecdcb34d0>
2025-05-25 17:52:55,410 [DEBUG] [MainThread] [comtypes._post_coinit.unknwn/unknwn.py:283]: Release <POINTER(IVirtualDesktop) ptr=0x1eec9643518 at 1eecdcb22d0>
2025-05-25 17:52:55,411 [DEBUG] [MainThread] [comtypes._post_coinit.unknwn/unknwn.py:283]: Release <POINTER(IObjectArray) ptr=0x1eec9642a98 at 1eecdcb34d0>
2025-05-25 17:52:55,411 [DEBUG] [MainThread] [comtypes._post_coinit.unknwn/unknwn.py:283]: Release <POINTER(IVirtualDesktop) ptr=0x1eec9642698 at 1eecdef54d0>
2025-05-25 17:52:55,411 [DEBUG] [MainThread] [comtypes._post_coinit.unknwn/unknwn.py:283]: Release <POINTER(IVirtualDesktop) ptr=0x1eec9642698 at 1eecdcb22d0>
2025-05-25 17:52:55,412 [DEBUG] [MainThread] [comtypes._post_coinit.unknwn/unknwn.py:283]: Release <POINTER(IObjectArray) ptr=0x1eec9643518 at 1eecdcb34d0>
2025-05-25 17:52:55,412 [DEBUG] [MainThread] [comtypes._post_coinit.unknwn/unknwn.py:283]: Release <POINTER(IVirtualDesktop) ptr=0x1eec9643c98 at 1eecdef54d0>
2025-05-25 17:52:55,412 [DEBUG] [MainThread] [comtypes._post_coinit.unknwn/unknwn.py:283]: Release <POINTER(IVirtualDesktop) ptr=0x1eec9643c98 at 1eecdcb22d0>
2025-05-25 17:52:55,413 [DEBUG] [MainThread] [comtypes._post_coinit.unknwn/unknwn.py:283]: Release <POINTER(IObjectArray) ptr=0x1eec9642698 at 1eecdcb22d0>
2025-05-25 17:52:55,413 [DEBUG] [MainThread] [comtypes._post_coinit.unknwn/unknwn.py:283]: Release <POINTER(IVirtualDesktop) ptr=0x1eec9642a98 at 1eecdcb34d0>
2025-05-25 17:52:55,414 [DEBUG] [MainThread] [comtypes._post_coinit.unknwn/unknwn.py:283]: Release <POINTER(IObjectArray) ptr=0x1eec9642b18 at 1eecdcb22d0>
2025-05-25 17:52:55,414 [DEBUG] [MainThread] [comtypes._post_coinit.unknwn/unknwn.py:283]: Release <POINTER(IVirtualDesktop) ptr=0x1eec9643e98 at 1eecdef54d0>
2025-05-25 17:52:55,414 [DEBUG] [MainThread] [comtypes._post_coinit.unknwn/unknwn.py:283]: Release <POINTER(IVirtualDesktop) ptr=0x1eec9643e98 at 1eecdcb34d0>
2025-05-25 17:52:55,414 [DEBUG] [MainThread] [comtypes._post_coinit.unknwn/unknwn.py:283]: Release <POINTER(IObjectArray) ptr=0x1eec9642498 at 1eecdcb34d0>
2025-05-25 17:52:55,414 [DEBUG] [MainThread] [comtypes._post_coinit.unknwn/unknwn.py:283]: Release <POINTER(IVirtualDesktop) ptr=0x1eec9642698 at 1eecdcb22d0>
2025-05-25 17:52:55,417 [DEBUG] [MainThread] [comtypes._post_coinit.unknwn/unknwn.py:283]: Release <POINTER(IObjectArray) ptr=0x1eec9642d18 at 1eec7a4a2d0>
2025-05-25 17:52:55,417 [DEBUG] [MainThread] [comtypes._post_coinit.unknwn/unknwn.py:283]: Release <POINTER(IVirtualDesktop) ptr=0x1eec9642e98 at 1eec7a4a450>
2025-05-25 17:52:55,417 [DEBUG] [MainThread] [comtypes._post_coinit.unknwn/unknwn.py:283]: Release <POINTER(IObjectArray) ptr=0x1eec9643518 at 1eec7a4a450>
2025-05-25 17:52:55,419 [DEBUG] [MainThread] [comtypes._post_coinit.unknwn/unknwn.py:283]: Release <POINTER(IVirtualDesktop) ptr=0x1eec9643718 at 1eec7a4a2d0>
2025-05-25 17:52:55,421 [DEBUG] [MainThread] [comtypes._post_coinit.unknwn/unknwn.py:283]: Release <POINTER(IObjectArray) ptr=0x1eec9642498 at 1eec7a4a450>
2025-05-25 17:52:55,421 [DEBUG] [MainThread] [comtypes._post_coinit.unknwn/unknwn.py:283]: Release <POINTER(IVirtualDesktop) ptr=0x1eec9643e18 at 1eecdc55a50>
2025-05-25 17:52:55,422 [DEBUG] [MainThread] [comtypes._post_coinit.unknwn/unknwn.py:283]: Release <POINTER(IVirtualDesktop) ptr=0x1eec9642498 at 1eec7a4a450>
2025-05-25 17:52:55,422 [DEBUG] [MainThread] [comtypes._post_coinit.unknwn/unknwn.py:283]: Release <POINTER(IObjectArray) ptr=0x1eec9643e18 at 1eecdc55a50>
2025-05-25 17:52:55,422 [DEBUG] [MainThread] [comtypes._post_coinit.unknwn/unknwn.py:283]: Release <POINTER(IVirtualDesktop) ptr=0x1eec9642498 at 1eecdc55bd0>
2025-05-25 17:52:55,423 [DEBUG] [MainThread] [comtypes._post_coinit.unknwn/unknwn.py:283]: Release <POINTER(IVirtualDesktop) ptr=0x1eec9642d18 at 1eecdc55bd0>
2025-05-25 17:52:55,423 [DEBUG] [MainThread] [comtypes._post_coinit.unknwn/unknwn.py:283]: Release <POINTER(IObjectArray) ptr=0x1eec9642a98 at 1eecdc55a50>
2025-05-25 17:52:55,423 [DEBUG] [MainThread] [comtypes._post_coinit.unknwn/unknwn.py:283]: Release <POINTER(IVirtualDesktop) ptr=0x1eec9642d18 at 1eec7a4a450>
2025-05-25 17:52:55,423 [DEBUG] [MainThread] [comtypes._post_coinit.unknwn/unknwn.py:283]: Release <POINTER(IObjectArray) ptr=0x1eec9643e18 at 1eec7a4a450>
2025-05-25 17:52:55,423 [DEBUG] [MainThread] [comtypes._post_coinit.unknwn/unknwn.py:283]: Release <POINTER(IVirtualDesktop) ptr=0x1eec9642698 at 1eecdc55a50>
2025-05-25 17:52:55,424 [DEBUG] [MainThread] [comtypes._post_coinit.unknwn/unknwn.py:283]: Release <POINTER(IVirtualDesktop) ptr=0x1eec9642698 at 1eec7a4a450>
2025-05-25 17:52:55,424 [DEBUG] [MainThread] [comtypes._post_coinit.unknwn/unknwn.py:283]: Release <POINTER(IObjectArray) ptr=0x1eec9642d18 at 1eecdc55a50>
2025-05-25 17:52:55,424 [DEBUG] [MainThread] [comtypes._post_coinit.unknwn/unknwn.py:283]: Release <POINTER(IVirtualDesktop) ptr=0x1eec9642698 at 1eecdc55bd0>
2025-05-25 17:52:55,424 [DEBUG] [MainThread] [comtypes._post_coinit.unknwn/unknwn.py:283]: Release <POINTER(IObjectArray) ptr=0x1eec9643918 at 1eecdc55bd0>
2025-05-25 17:52:55,425 [DEBUG] [MainThread] [comtypes._post_coinit.unknwn/unknwn.py:283]: Release <POINTER(IVirtualDesktop) ptr=0x1eec9642a98 at 1eecdc55a50>
2025-05-25 17:52:55,425 [DEBUG] [MainThread] [comtypes._post_coinit.unknwn/unknwn.py:283]: Release <POINTER(IVirtualDesktop) ptr=0x1eec9643298 at 1eecdc55a50>
2025-05-25 17:52:55,425 [DEBUG] [MainThread] [comtypes._post_coinit.unknwn/unknwn.py:283]: Release <POINTER(IObjectArray) ptr=0x1eec9643798 at 1eecdc55bd0>
2025-05-25 17:52:55,425 [DEBUG] [MainThread] [comtypes._post_coinit.unknwn/unknwn.py:283]: Release <POINTER(IVirtualDesktop) ptr=0x1eec9643298 at 1eec7a4a450>
2025-05-25 17:52:55,426 [DEBUG] [MainThread] [comtypes._post_coinit.unknwn/unknwn.py:283]: Release <POINTER(IObjectArray) ptr=0x1eec9642e98 at 1eecdc55bd0>
2025-05-25 17:52:55,426 [DEBUG] [MainThread] [comtypes._post_coinit.unknwn/unknwn.py:283]: Release <POINTER(IVirtualDesktop) ptr=0x1eec9642d98 at 1eecdc55a50>
2025-05-25 17:52:55,426 [DEBUG] [MainThread] [comtypes._post_coinit.unknwn/unknwn.py:283]: Release <POINTER(IObjectArray) ptr=0x1eec9642f18 at 1eecdc55a50>
2025-05-25 17:52:55,427 [DEBUG] [MainThread] [comtypes._post_coinit.unknwn/unknwn.py:283]: Release <POINTER(IVirtualDesktop) ptr=0x1eec9642518 at 1eecdc55bd0>
2025-05-25 17:52:55,427 [DEBUG] [MainThread] [comtypes._post_coinit.unknwn/unknwn.py:283]: Release <POINTER(IObjectArray) ptr=0x1eec9642198 at 1eec7a4a450>
2025-05-25 17:52:55,427 [DEBUG] [MainThread] [comtypes._post_coinit.unknwn/unknwn.py:283]: Release <POINTER(IVirtualDesktop) ptr=0x1eec9643798 at 1eecdc55bd0>
2025-05-25 17:52:55,771 [INFO] [MainThread] [root/watcher.py:55]: Created file watcher for path C:\Users\tamil\.config\yasb
2025-05-25 17:52:55,806 [DEBUG] [MainThread] [qasync._windows._EventPoller/_windows.py:213]: Starting (proactor: <_IocpProactor overlapped#=0 result#=0>)...
2025-05-25 17:52:55,807 [DEBUG] [Dummy-8] [qasync._windows._EventWorker/_windows.py:192]: Thread started
2025-05-25 17:53:06,689 [INFO] [MainThread] [root/controller.py:12]: Reloading Application because of config update...
2025-05-25 17:53:06,803 [INFO] [MainThread] [cli_server/cli_server.py:112]: Log pipe server stopped
2025-05-25 17:53:06,803 [DEBUG] [MainThread] [cli_server/cli_server.py:206]: CLI server stopped
2025-05-25 17:53:06,817 [DEBUG] [MainThread] [qasync._windows._EventPoller/_windows.py:218]: Stopping worker thread...
2025-05-25 17:53:06,819 [DEBUG] [Dummy-8] [qasync._windows._EventWorker/_windows.py:201]: Exiting thread
2025-05-25 17:53:06,819 [DEBUG] [MainThread] [qasync._windows._IocpProactor/_windows.py:75]: Closing
2025-05-25 17:53:07,093 [INFO] [MainThread] [root/log.py:59]: Yasb v1.7.4
2025-05-25 17:53:07,093 [INFO] [Thread-1 (_run_server)] [cli_server/cli_server.py:212]: CLI server started v1.1.1
2025-05-25 17:53:07,094 [INFO] [MainThread] [cli_server/cli_server.py:104]: Log pipe server started
2025-05-25 17:53:07,180 [DEBUG] [MainThread] [tzlocal/win32.py:55]: Looking up time zone info from registry
2025-05-25 17:53:07,416 [DEBUG] [MainThread] [comtypes/__init__.py:149]: CoInitializeEx(None, 2)
2025-05-25 17:53:07,430 [DEBUG] [MainThread] [pyvda.build/build.py:53]: Starting feature detection...
2025-05-25 17:53:07,430 [DEBUG] [MainThread] [pyvda.build/build.py:57]: Feature detection complete. Windows version is over 26100
2025-05-25 17:53:07,433 [DEBUG] [MainThread] [comtypes/__init__.py:149]: CoInitializeEx(None, 2)
2025-05-25 17:53:07,436 [DEBUG] [MainThread] [comtypes._post_coinit.unknwn/unknwn.py:283]: Release <POINTER(IServiceProvider) ptr=0x2465bb85f08 at 246601b32d0>
2025-05-25 17:53:07,439 [DEBUG] [MainThread] [comtypes._post_coinit.unknwn/unknwn.py:283]: Release <POINTER(IServiceProvider) ptr=0x2465bb86108 at 246601b32d0>
2025-05-25 17:53:07,441 [DEBUG] [MainThread] [comtypes._post_coinit.unknwn/unknwn.py:283]: Release <POINTER(IServiceProvider) ptr=0x2465bb86808 at 246601b32d0>
2025-05-25 17:53:07,442 [DEBUG] [MainThread] [comtypes._post_coinit.unknwn/unknwn.py:283]: Release <POINTER(IServiceProvider) ptr=0x2465bb86f08 at 246601b32d0>
2025-05-25 17:53:07,447 [DEBUG] [MainThread] [comtypes._post_coinit.unknwn/unknwn.py:283]: Release <POINTER(IObjectArray) ptr=0x2465bb87188 at 246601b3550>
2025-05-25 17:53:07,448 [DEBUG] [MainThread] [comtypes._post_coinit.unknwn/unknwn.py:283]: Release <POINTER(IVirtualDesktop) ptr=0x2465bb87588 at 246601b2350>
2025-05-25 17:53:07,448 [DEBUG] [MainThread] [comtypes._post_coinit.unknwn/unknwn.py:283]: Release <POINTER(IObjectArray) ptr=0x2465bb86608 at 246601b3550>
2025-05-25 17:53:07,448 [DEBUG] [MainThread] [comtypes._post_coinit.unknwn/unknwn.py:283]: Release <POINTER(IVirtualDesktop) ptr=0x2465bb87488 at 246603f5550>
2025-05-25 17:53:07,448 [DEBUG] [MainThread] [comtypes._post_coinit.unknwn/unknwn.py:283]: Release <POINTER(IVirtualDesktop) ptr=0x2465bb87488 at 246601b2350>
2025-05-25 17:53:07,450 [DEBUG] [MainThread] [comtypes._post_coinit.unknwn/unknwn.py:283]: Release <POINTER(IObjectArray) ptr=0x2465bb86888 at 246601b3550>
2025-05-25 17:53:07,450 [DEBUG] [MainThread] [comtypes._post_coinit.unknwn/unknwn.py:283]: Release <POINTER(IVirtualDesktop) ptr=0x2465bb86f88 at 246603f5550>
2025-05-25 17:53:07,451 [DEBUG] [MainThread] [comtypes._post_coinit.unknwn/unknwn.py:283]: Release <POINTER(IVirtualDesktop) ptr=0x2465bb86f88 at 246601b2350>
2025-05-25 17:53:07,451 [DEBUG] [MainThread] [comtypes._post_coinit.unknwn/unknwn.py:283]: Release <POINTER(IObjectArray) ptr=0x2465bb87288 at 246601b2350>
2025-05-25 17:53:07,451 [DEBUG] [MainThread] [comtypes._post_coinit.unknwn/unknwn.py:283]: Release <POINTER(IVirtualDesktop) ptr=0x2465bb85f88 at 246601b3550>
2025-05-25 17:53:07,452 [DEBUG] [MainThread] [comtypes._post_coinit.unknwn/unknwn.py:283]: Release <POINTER(IObjectArray) ptr=0x2465bb87488 at 246601b2350>
2025-05-25 17:53:07,452 [DEBUG] [MainThread] [comtypes._post_coinit.unknwn/unknwn.py:283]: Release <POINTER(IVirtualDesktop) ptr=0x2465bb86f08 at 246603f5550>
2025-05-25 17:53:07,452 [DEBUG] [MainThread] [comtypes._post_coinit.unknwn/unknwn.py:283]: Release <POINTER(IVirtualDesktop) ptr=0x2465bb86f08 at 246601b3550>
2025-05-25 17:53:07,452 [DEBUG] [MainThread] [comtypes._post_coinit.unknwn/unknwn.py:283]: Release <POINTER(IObjectArray) ptr=0x2465bb85808 at 246601b3550>
2025-05-25 17:53:07,453 [DEBUG] [MainThread] [comtypes._post_coinit.unknwn/unknwn.py:283]: Release <POINTER(IVirtualDesktop) ptr=0x2465bb87608 at 246601b2350>
2025-05-25 17:53:07,455 [DEBUG] [MainThread] [comtypes._post_coinit.unknwn/unknwn.py:283]: Release <POINTER(IObjectArray) ptr=0x2465bb87188 at 24659f3a2d0>
2025-05-25 17:53:07,456 [DEBUG] [MainThread] [comtypes._post_coinit.unknwn/unknwn.py:283]: Release <POINTER(IVirtualDesktop) ptr=0x2465bb86008 at 24659f3a450>
2025-05-25 17:53:07,456 [DEBUG] [MainThread] [comtypes._post_coinit.unknwn/unknwn.py:283]: Release <POINTER(IObjectArray) ptr=0x2465bb87308 at 24659f3a450>
2025-05-25 17:53:07,456 [DEBUG] [MainThread] [comtypes._post_coinit.unknwn/unknwn.py:283]: Release <POINTER(IVirtualDesktop) ptr=0x2465bb86d88 at 24659f3a2d0>
2025-05-25 17:53:07,796 [INFO] [MainThread] [root/watcher.py:55]: Created file watcher for path C:\Users\tamil\.config\yasb
2025-05-25 17:53:07,831 [DEBUG] [MainThread] [qasync._windows._EventPoller/_windows.py:213]: Starting (proactor: <_IocpProactor overlapped#=0 result#=0>)...
2025-05-25 17:53:07,832 [DEBUG] [Dummy-8] [qasync._windows._EventWorker/_windows.py:192]: Thread started
2025-05-25 17:53:37,979 [INFO] [MainThread] [root/controller.py:12]: Reloading Application because of config update...
2025-05-25 17:53:38,091 [INFO] [MainThread] [cli_server/cli_server.py:112]: Log pipe server stopped
2025-05-25 17:53:38,092 [DEBUG] [MainThread] [cli_server/cli_server.py:206]: CLI server stopped
2025-05-25 17:53:38,109 [DEBUG] [MainThread] [qasync._windows._EventPoller/_windows.py:218]: Stopping worker thread...
2025-05-25 17:53:38,123 [DEBUG] [Dummy-8] [qasync._windows._EventWorker/_windows.py:201]: Exiting thread
2025-05-25 17:53:38,124 [DEBUG] [MainThread] [qasync._windows._IocpProactor/_windows.py:75]: Closing
2025-05-25 17:53:38,406 [INFO] [MainThread] [root/log.py:59]: Yasb v1.7.4
2025-05-25 17:53:38,408 [INFO] [Thread-1 (_run_server)] [cli_server/cli_server.py:212]: CLI server started v1.1.1
2025-05-25 17:53:38,408 [INFO] [MainThread] [cli_server/cli_server.py:104]: Log pipe server started
2025-05-25 17:53:38,489 [DEBUG] [MainThread] [tzlocal/win32.py:55]: Looking up time zone info from registry
2025-05-25 17:53:38,690 [WARNING] [MainThread] [root/widget_builder.py:38]: No widget config could be found for widget 'windows_workspaces
2025-05-25 17:53:38,745 [DEBUG] [MainThread] [comtypes/__init__.py:149]: CoInitializeEx(None, 2)
2025-05-25 17:53:39,055 [ERROR] [MainThread] [root/widget_builder.py:77]: Failed to add undefined widget(s)  - The widget "windows_workspaces" is undefined.
2025-05-25 17:53:44,893 [INFO] [MainThread] [root/watcher.py:55]: Created file watcher for path C:\Users\tamil\.config\yasb
2025-05-25 17:53:44,931 [DEBUG] [MainThread] [qasync._windows._EventPoller/_windows.py:213]: Starting (proactor: <_IocpProactor overlapped#=0 result#=0>)...
2025-05-25 17:53:44,931 [DEBUG] [Dummy-8] [qasync._windows._EventWorker/_windows.py:192]: Thread started
2025-05-25 17:53:54,633 [INFO] [MainThread] [root/controller.py:12]: Reloading Application because of config update...
2025-05-25 17:53:54,739 [INFO] [MainThread] [cli_server/cli_server.py:112]: Log pipe server stopped
2025-05-25 17:53:54,739 [DEBUG] [MainThread] [cli_server/cli_server.py:206]: CLI server stopped
2025-05-25 17:53:54,758 [DEBUG] [MainThread] [qasync._windows._EventPoller/_windows.py:218]: Stopping worker thread...
2025-05-25 17:53:54,761 [DEBUG] [Dummy-8] [qasync._windows._EventWorker/_windows.py:201]: Exiting thread
2025-05-25 17:53:54,762 [DEBUG] [MainThread] [qasync._windows._IocpProactor/_windows.py:75]: Closing
2025-05-25 17:53:55,048 [INFO] [MainThread] [root/log.py:59]: Yasb v1.7.4
2025-05-25 17:53:55,050 [INFO] [Thread-1 (_run_server)] [cli_server/cli_server.py:212]: CLI server started v1.1.1
2025-05-25 17:53:55,050 [INFO] [MainThread] [cli_server/cli_server.py:104]: Log pipe server started
2025-05-25 17:53:55,137 [DEBUG] [MainThread] [tzlocal/win32.py:55]: Looking up time zone info from registry
2025-05-25 17:53:55,362 [DEBUG] [MainThread] [comtypes/__init__.py:149]: CoInitializeEx(None, 2)
2025-05-25 17:53:55,768 [INFO] [MainThread] [root/watcher.py:55]: Created file watcher for path C:\Users\tamil\.config\yasb
2025-05-25 17:53:55,805 [DEBUG] [MainThread] [qasync._windows._EventPoller/_windows.py:213]: Starting (proactor: <_IocpProactor overlapped#=0 result#=0>)...
2025-05-25 17:53:55,807 [DEBUG] [Dummy-8] [qasync._windows._EventWorker/_windows.py:192]: Thread started
2025-05-25 17:56:20,238 [INFO] [MainThread] [root/controller.py:12]: Reloading Application because of config update...
2025-05-25 17:56:20,347 [INFO] [MainThread] [cli_server/cli_server.py:112]: Log pipe server stopped
2025-05-25 17:56:20,347 [DEBUG] [MainThread] [cli_server/cli_server.py:206]: CLI server stopped
2025-05-25 17:56:20,392 [DEBUG] [MainThread] [qasync._windows._EventPoller/_windows.py:218]: Stopping worker thread...
2025-05-25 17:56:20,402 [DEBUG] [Dummy-8] [qasync._windows._EventWorker/_windows.py:201]: Exiting thread
2025-05-25 17:56:20,403 [DEBUG] [MainThread] [qasync._windows._IocpProactor/_windows.py:75]: Closing
2025-05-25 17:56:20,669 [INFO] [MainThread] [root/log.py:59]: Yasb v1.7.4
2025-05-25 17:56:20,672 [INFO] [Thread-1 (_run_server)] [cli_server/cli_server.py:212]: CLI server started v1.1.1
2025-05-25 17:56:20,672 [INFO] [MainThread] [cli_server/cli_server.py:104]: Log pipe server started
2025-05-25 17:56:20,758 [DEBUG] [MainThread] [tzlocal/win32.py:55]: Looking up time zone info from registry
2025-05-25 17:56:21,051 [DEBUG] [MainThread] [comtypes/__init__.py:149]: CoInitializeEx(None, 2)
2025-05-25 17:56:21,375 [INFO] [MainThread] [root/watcher.py:55]: Created file watcher for path C:\Users\tamil\.config\yasb
2025-05-25 17:56:21,410 [DEBUG] [MainThread] [qasync._windows._EventPoller/_windows.py:213]: Starting (proactor: <_IocpProactor overlapped#=0 result#=0>)...
2025-05-25 17:56:21,411 [DEBUG] [Dummy-8] [qasync._windows._EventWorker/_windows.py:192]: Thread started
2025-05-25 17:56:33,858 [INFO] [MainThread] [root/controller.py:12]: Reloading Application because of config update...
2025-05-25 17:56:33,970 [INFO] [MainThread] [cli_server/cli_server.py:112]: Log pipe server stopped
2025-05-25 17:56:33,970 [DEBUG] [MainThread] [cli_server/cli_server.py:206]: CLI server stopped
2025-05-25 17:56:34,022 [DEBUG] [MainThread] [qasync._windows._EventPoller/_windows.py:218]: Stopping worker thread...
2025-05-25 17:56:34,038 [DEBUG] [Dummy-8] [qasync._windows._EventWorker/_windows.py:201]: Exiting thread
2025-05-25 17:56:34,038 [DEBUG] [MainThread] [qasync._windows._IocpProactor/_windows.py:75]: Closing
2025-05-25 17:56:34,044 [ERROR] [Dummy-9] [root/event_service.py:30]: Failed to emit signal <bound PYQT_SIGNAL window_name_change of ActiveWindowWidget object at 0x00000207C49013B0>. Removing link to WinEvent.EventObjectNameChange.
2025-05-25 17:56:34,295 [INFO] [MainThread] [root/log.py:59]: Yasb v1.7.4
2025-05-25 17:56:34,295 [INFO] [Thread-1 (_run_server)] [cli_server/cli_server.py:212]: CLI server started v1.1.1
2025-05-25 17:56:34,297 [INFO] [MainThread] [cli_server/cli_server.py:104]: Log pipe server started
2025-05-25 17:56:34,378 [DEBUG] [MainThread] [tzlocal/win32.py:55]: Looking up time zone info from registry
2025-05-25 17:56:34,670 [DEBUG] [MainThread] [comtypes/__init__.py:149]: CoInitializeEx(None, 2)
2025-05-25 17:56:34,993 [INFO] [MainThread] [root/watcher.py:55]: Created file watcher for path C:\Users\tamil\.config\yasb
2025-05-25 17:56:35,029 [DEBUG] [MainThread] [qasync._windows._EventPoller/_windows.py:213]: Starting (proactor: <_IocpProactor overlapped#=0 result#=0>)...
2025-05-25 17:56:35,030 [DEBUG] [Dummy-8] [qasync._windows._EventWorker/_windows.py:192]: Thread started
2025-05-25 17:57:03,819 [INFO] [MainThread] [root/controller.py:12]: Reloading Application because of config update...
2025-05-25 17:57:03,924 [INFO] [MainThread] [cli_server/cli_server.py:112]: Log pipe server stopped
2025-05-25 17:57:03,924 [DEBUG] [MainThread] [cli_server/cli_server.py:206]: CLI server stopped
2025-05-25 17:57:03,980 [DEBUG] [MainThread] [qasync._windows._EventPoller/_windows.py:218]: Stopping worker thread...
2025-05-25 17:57:03,988 [DEBUG] [Dummy-8] [qasync._windows._EventWorker/_windows.py:201]: Exiting thread
2025-05-25 17:57:03,988 [DEBUG] [MainThread] [qasync._windows._IocpProactor/_windows.py:75]: Closing
2025-05-25 17:57:03,998 [ERROR] [Dummy-9] [root/event_service.py:30]: Failed to emit signal <bound PYQT_SIGNAL window_name_change of ActiveWindowWidget object at 0x0000029ECCB413B0>. Removing link to WinEvent.EventObjectNameChange.
2025-05-25 17:57:04,251 [INFO] [MainThread] [root/log.py:59]: Yasb v1.7.4
2025-05-25 17:57:04,251 [INFO] [Thread-1 (_run_server)] [cli_server/cli_server.py:212]: CLI server started v1.1.1
2025-05-25 17:57:04,252 [INFO] [MainThread] [cli_server/cli_server.py:104]: Log pipe server started
2025-05-25 17:57:04,338 [DEBUG] [MainThread] [tzlocal/win32.py:55]: Looking up time zone info from registry
2025-05-25 17:57:04,625 [DEBUG] [MainThread] [comtypes/__init__.py:149]: CoInitializeEx(None, 2)
2025-05-25 17:57:04,939 [INFO] [MainThread] [root/watcher.py:55]: Created file watcher for path C:\Users\tamil\.config\yasb
2025-05-25 17:57:04,975 [DEBUG] [MainThread] [qasync._windows._EventPoller/_windows.py:213]: Starting (proactor: <_IocpProactor overlapped#=0 result#=0>)...
2025-05-25 17:57:04,976 [DEBUG] [Dummy-8] [qasync._windows._EventWorker/_windows.py:192]: Thread started
2025-05-25 17:57:11,178 [INFO] [MainThread] [root/controller.py:12]: Reloading Application because of config update...
2025-05-25 17:57:11,292 [INFO] [MainThread] [cli_server/cli_server.py:112]: Log pipe server stopped
2025-05-25 17:57:11,292 [DEBUG] [MainThread] [cli_server/cli_server.py:206]: CLI server stopped
2025-05-25 17:57:11,340 [DEBUG] [MainThread] [qasync._windows._EventPoller/_windows.py:218]: Stopping worker thread...
2025-05-25 17:57:11,356 [DEBUG] [Dummy-8] [qasync._windows._EventWorker/_windows.py:201]: Exiting thread
2025-05-25 17:57:11,356 [DEBUG] [MainThread] [qasync._windows._IocpProactor/_windows.py:75]: Closing
2025-05-25 17:57:11,363 [ERROR] [Dummy-9] [root/event_service.py:30]: Failed to emit signal <bound PYQT_SIGNAL window_name_change of ActiveWindowWidget object at 0x000001F1A7C013B0>. Removing link to WinEvent.EventObjectNameChange.
2025-05-25 17:57:11,608 [INFO] [MainThread] [root/log.py:59]: Yasb v1.7.4
2025-05-25 17:57:11,613 [INFO] [Thread-1 (_run_server)] [cli_server/cli_server.py:212]: CLI server started v1.1.1
2025-05-25 17:57:11,613 [INFO] [MainThread] [cli_server/cli_server.py:104]: Log pipe server started
2025-05-25 17:57:11,696 [DEBUG] [MainThread] [tzlocal/win32.py:55]: Looking up time zone info from registry
2025-05-25 17:57:11,980 [DEBUG] [MainThread] [comtypes/__init__.py:149]: CoInitializeEx(None, 2)
2025-05-25 17:57:12,298 [INFO] [MainThread] [root/watcher.py:55]: Created file watcher for path C:\Users\tamil\.config\yasb
2025-05-25 17:57:12,331 [DEBUG] [MainThread] [qasync._windows._EventPoller/_windows.py:213]: Starting (proactor: <_IocpProactor overlapped#=0 result#=0>)...
2025-05-25 17:57:12,333 [DEBUG] [Dummy-8] [qasync._windows._EventWorker/_windows.py:192]: Thread started
2025-05-25 17:57:17,199 [INFO] [MainThread] [root/controller.py:12]: Reloading Application because of config update...
2025-05-25 17:57:17,311 [INFO] [MainThread] [cli_server/cli_server.py:112]: Log pipe server stopped
2025-05-25 17:57:17,311 [DEBUG] [MainThread] [cli_server/cli_server.py:206]: CLI server stopped
2025-05-25 17:57:17,358 [DEBUG] [MainThread] [qasync._windows._EventPoller/_windows.py:218]: Stopping worker thread...
2025-05-25 17:57:17,374 [DEBUG] [Dummy-8] [qasync._windows._EventWorker/_windows.py:201]: Exiting thread
2025-05-25 17:57:17,374 [DEBUG] [MainThread] [qasync._windows._IocpProactor/_windows.py:75]: Closing
2025-05-25 17:57:17,381 [ERROR] [Dummy-9] [root/event_service.py:30]: Failed to emit signal <bound PYQT_SIGNAL window_name_change of ActiveWindowWidget object at 0x0000028839AA13B0>. Removing link to WinEvent.EventObjectNameChange.
2025-05-25 17:57:17,623 [INFO] [MainThread] [root/log.py:59]: Yasb v1.7.4
2025-05-25 17:57:17,623 [INFO] [Thread-1 (_run_server)] [cli_server/cli_server.py:212]: CLI server started v1.1.1
2025-05-25 17:57:17,623 [INFO] [MainThread] [cli_server/cli_server.py:104]: Log pipe server started
2025-05-25 17:57:17,708 [DEBUG] [MainThread] [tzlocal/win32.py:55]: Looking up time zone info from registry
2025-05-25 17:57:17,997 [DEBUG] [MainThread] [comtypes/__init__.py:149]: CoInitializeEx(None, 2)
2025-05-25 17:57:18,307 [INFO] [MainThread] [root/watcher.py:55]: Created file watcher for path C:\Users\tamil\.config\yasb
2025-05-25 17:57:18,342 [DEBUG] [MainThread] [qasync._windows._EventPoller/_windows.py:213]: Starting (proactor: <_IocpProactor overlapped#=0 result#=0>)...
2025-05-25 17:57:18,344 [DEBUG] [Dummy-8] [qasync._windows._EventWorker/_windows.py:192]: Thread started
2025-05-25 17:57:40,345 [INFO] [MainThread] [root/controller.py:12]: Reloading Application because of config update...
2025-05-25 17:57:40,447 [INFO] [MainThread] [cli_server/cli_server.py:112]: Log pipe server stopped
2025-05-25 17:57:40,447 [DEBUG] [MainThread] [cli_server/cli_server.py:206]: CLI server stopped
2025-05-25 17:57:40,496 [DEBUG] [MainThread] [qasync._windows._EventPoller/_windows.py:218]: Stopping worker thread...
2025-05-25 17:57:40,512 [DEBUG] [Dummy-8] [qasync._windows._EventWorker/_windows.py:201]: Exiting thread
2025-05-25 17:57:40,512 [DEBUG] [MainThread] [qasync._windows._IocpProactor/_windows.py:75]: Closing
2025-05-25 17:57:40,771 [INFO] [MainThread] [root/log.py:59]: Yasb v1.7.4
2025-05-25 17:57:40,771 [INFO] [Thread-1 (_run_server)] [cli_server/cli_server.py:212]: CLI server started v1.1.1
2025-05-25 17:57:40,773 [INFO] [MainThread] [cli_server/cli_server.py:104]: Log pipe server started
2025-05-25 17:57:40,857 [DEBUG] [MainThread] [tzlocal/win32.py:55]: Looking up time zone info from registry
2025-05-25 17:57:41,115 [DEBUG] [MainThread] [comtypes/__init__.py:149]: CoInitializeEx(None, 2)
2025-05-25 17:57:41,428 [INFO] [MainThread] [root/watcher.py:55]: Created file watcher for path C:\Users\tamil\.config\yasb
2025-05-25 17:57:41,462 [DEBUG] [MainThread] [qasync._windows._EventPoller/_windows.py:213]: Starting (proactor: <_IocpProactor overlapped#=0 result#=0>)...
2025-05-25 17:57:41,463 [DEBUG] [Dummy-8] [qasync._windows._EventWorker/_windows.py:192]: Thread started
2025-05-25 17:58:06,085 [INFO] [MainThread] [root/controller.py:12]: Reloading Application because of config update...
2025-05-25 17:58:06,199 [INFO] [MainThread] [cli_server/cli_server.py:112]: Log pipe server stopped
2025-05-25 17:58:06,199 [DEBUG] [MainThread] [cli_server/cli_server.py:206]: CLI server stopped
2025-05-25 17:58:06,219 [DEBUG] [MainThread] [qasync._windows._EventPoller/_windows.py:218]: Stopping worker thread...
2025-05-25 17:58:06,231 [DEBUG] [Dummy-8] [qasync._windows._EventWorker/_windows.py:201]: Exiting thread
2025-05-25 17:58:06,231 [DEBUG] [MainThread] [qasync._windows._IocpProactor/_windows.py:75]: Closing
2025-05-25 17:58:06,492 [INFO] [MainThread] [root/log.py:59]: Yasb v1.7.4
2025-05-25 17:58:06,492 [INFO] [Thread-1 (_run_server)] [cli_server/cli_server.py:212]: CLI server started v1.1.1
2025-05-25 17:58:06,494 [INFO] [MainThread] [cli_server/cli_server.py:104]: Log pipe server started
2025-05-25 17:58:06,580 [DEBUG] [MainThread] [tzlocal/win32.py:55]: Looking up time zone info from registry
2025-05-25 17:58:06,884 [DEBUG] [MainThread] [comtypes/__init__.py:149]: CoInitializeEx(None, 2)
2025-05-25 17:58:07,199 [INFO] [MainThread] [root/watcher.py:55]: Created file watcher for path C:\Users\tamil\.config\yasb
2025-05-25 17:58:07,234 [DEBUG] [MainThread] [qasync._windows._EventPoller/_windows.py:213]: Starting (proactor: <_IocpProactor overlapped#=0 result#=0>)...
2025-05-25 17:58:07,235 [DEBUG] [Dummy-8] [qasync._windows._EventWorker/_windows.py:192]: Thread started
2025-05-25 18:25:34,175 [INFO] [MainThread] [root/controller.py:12]: Reloading Application because of config update...
2025-05-25 18:25:34,277 [INFO] [MainThread] [cli_server/cli_server.py:112]: Log pipe server stopped
2025-05-25 18:25:34,277 [DEBUG] [MainThread] [cli_server/cli_server.py:206]: CLI server stopped
2025-05-25 18:25:34,292 [DEBUG] [MainThread] [qasync._windows._EventPoller/_windows.py:218]: Stopping worker thread...
2025-05-25 18:25:34,304 [DEBUG] [Dummy-8] [qasync._windows._EventWorker/_windows.py:201]: Exiting thread
2025-05-25 18:25:34,305 [DEBUG] [MainThread] [qasync._windows._IocpProactor/_windows.py:75]: Closing
2025-05-25 18:25:34,586 [INFO] [MainThread] [root/log.py:59]: Yasb v1.7.4
2025-05-25 18:25:34,586 [INFO] [Thread-1 (_run_server)] [cli_server/cli_server.py:212]: CLI server started v1.1.1
2025-05-25 18:25:34,587 [INFO] [MainThread] [cli_server/cli_server.py:104]: Log pipe server started
2025-05-25 18:25:34,674 [DEBUG] [MainThread] [tzlocal/win32.py:55]: Looking up time zone info from registry
2025-05-25 18:25:34,991 [DEBUG] [MainThread] [comtypes/__init__.py:149]: CoInitializeEx(None, 2)
2025-05-25 18:25:35,344 [INFO] [MainThread] [root/watcher.py:55]: Created file watcher for path C:\Users\tamil\.config\yasb
2025-05-25 18:25:35,391 [DEBUG] [MainThread] [qasync._windows._EventPoller/_windows.py:213]: Starting (proactor: <_IocpProactor overlapped#=0 result#=0>)...
2025-05-25 18:25:35,392 [DEBUG] [Dummy-8] [qasync._windows._EventWorker/_windows.py:192]: Thread started
2025-05-25 18:25:39,212 [INFO] [MainThread] [root/controller.py:12]: Reloading Application because of config update...
2025-05-25 18:25:39,325 [INFO] [MainThread] [cli_server/cli_server.py:112]: Log pipe server stopped
2025-05-25 18:25:39,325 [DEBUG] [MainThread] [cli_server/cli_server.py:206]: CLI server stopped
2025-05-25 18:25:39,340 [DEBUG] [MainThread] [qasync._windows._EventPoller/_windows.py:218]: Stopping worker thread...
2025-05-25 18:25:39,342 [DEBUG] [Dummy-8] [qasync._windows._EventWorker/_windows.py:201]: Exiting thread
2025-05-25 18:25:39,343 [DEBUG] [MainThread] [qasync._windows._IocpProactor/_windows.py:75]: Closing
2025-05-25 18:25:39,618 [INFO] [MainThread] [root/log.py:59]: Yasb v1.7.4
2025-05-25 18:25:39,619 [INFO] [Thread-1 (_run_server)] [cli_server/cli_server.py:212]: CLI server started v1.1.1
2025-05-25 18:25:39,621 [INFO] [MainThread] [cli_server/cli_server.py:104]: Log pipe server started
2025-05-25 18:25:39,705 [DEBUG] [MainThread] [tzlocal/win32.py:55]: Looking up time zone info from registry
2025-05-25 18:25:40,003 [DEBUG] [MainThread] [comtypes/__init__.py:149]: CoInitializeEx(None, 2)
2025-05-25 18:25:40,323 [INFO] [MainThread] [root/watcher.py:55]: Created file watcher for path C:\Users\tamil\.config\yasb
2025-05-25 18:25:40,357 [DEBUG] [MainThread] [qasync._windows._EventPoller/_windows.py:213]: Starting (proactor: <_IocpProactor overlapped#=0 result#=0>)...
2025-05-25 18:25:40,358 [DEBUG] [Dummy-8] [qasync._windows._EventWorker/_windows.py:192]: Thread started
2025-05-25 18:25:42,716 [ERROR] [MainThread] [root/home.py:76]: The system cannot find the file specified: 'C:\Users\tamil\Desktop'
2025-05-25 18:25:47,907 [ERROR] [MainThread] [root/home.py:76]: The system cannot find the file specified: 'C:\Users\tamil\Desktop'
2025-05-25 18:26:33,600 [ERROR] [MainThread] [root/home.py:76]: The system cannot find the file specified: 'C:\Users\tamil\Desktop'
2025-05-25 18:26:39,480 [ERROR] [MainThread] [root/home.py:76]: The system cannot find the file specified: 'C:\Users\tamil\Desktop'
2025-05-25 18:27:56,371 [INFO] [MainThread] [root/controller.py:12]: Reloading Application because of config update...
2025-05-25 18:27:56,481 [INFO] [MainThread] [cli_server/cli_server.py:112]: Log pipe server stopped
2025-05-25 18:27:56,481 [DEBUG] [MainThread] [cli_server/cli_server.py:206]: CLI server stopped
2025-05-25 18:27:56,498 [DEBUG] [MainThread] [qasync._windows._EventPoller/_windows.py:218]: Stopping worker thread...
2025-05-25 18:27:56,513 [DEBUG] [Dummy-8] [qasync._windows._EventWorker/_windows.py:201]: Exiting thread
2025-05-25 18:27:56,513 [DEBUG] [MainThread] [qasync._windows._IocpProactor/_windows.py:75]: Closing
2025-05-25 18:27:56,773 [INFO] [MainThread] [root/log.py:59]: Yasb v1.7.4
2025-05-25 18:27:56,774 [INFO] [Thread-1 (_run_server)] [cli_server/cli_server.py:212]: CLI server started v1.1.1
2025-05-25 18:27:56,774 [INFO] [MainThread] [cli_server/cli_server.py:104]: Log pipe server started
2025-05-25 18:27:56,860 [DEBUG] [MainThread] [tzlocal/win32.py:55]: Looking up time zone info from registry
2025-05-25 18:27:57,164 [DEBUG] [MainThread] [comtypes/__init__.py:149]: CoInitializeEx(None, 2)
2025-05-25 18:27:57,465 [INFO] [MainThread] [root/watcher.py:55]: Created file watcher for path C:\Users\tamil\.config\yasb
2025-05-25 18:27:57,501 [DEBUG] [MainThread] [qasync._windows._EventPoller/_windows.py:213]: Starting (proactor: <_IocpProactor overlapped#=0 result#=0>)...
2025-05-25 18:27:57,502 [DEBUG] [Dummy-8] [qasync._windows._EventWorker/_windows.py:192]: Thread started
2025-05-25 18:28:00,539 [ERROR] [MainThread] [root/home.py:76]: The system cannot find the file specified: 'Tamil - Personal\Desktop'
2025-05-25 18:28:17,502 [INFO] [MainThread] [root/controller.py:12]: Reloading Application because of config update...
2025-05-25 18:28:17,606 [INFO] [MainThread] [cli_server/cli_server.py:112]: Log pipe server stopped
2025-05-25 18:28:17,606 [DEBUG] [MainThread] [cli_server/cli_server.py:206]: CLI server stopped
2025-05-25 18:28:17,620 [DEBUG] [MainThread] [qasync._windows._EventPoller/_windows.py:218]: Stopping worker thread...
2025-05-25 18:28:17,633 [DEBUG] [Dummy-8] [qasync._windows._EventWorker/_windows.py:201]: Exiting thread
2025-05-25 18:28:17,634 [DEBUG] [MainThread] [qasync._windows._IocpProactor/_windows.py:75]: Closing
2025-05-25 18:28:17,885 [INFO] [MainThread] [root/log.py:59]: Yasb v1.7.4
2025-05-25 18:28:17,885 [INFO] [Thread-1 (_run_server)] [cli_server/cli_server.py:212]: CLI server started v1.1.1
2025-05-25 18:28:17,885 [INFO] [MainThread] [cli_server/cli_server.py:104]: Log pipe server started
2025-05-25 18:28:17,972 [DEBUG] [MainThread] [tzlocal/win32.py:55]: Looking up time zone info from registry
2025-05-25 18:28:18,273 [DEBUG] [MainThread] [comtypes/__init__.py:149]: CoInitializeEx(None, 2)
2025-05-25 18:28:18,573 [INFO] [MainThread] [root/watcher.py:55]: Created file watcher for path C:\Users\tamil\.config\yasb
2025-05-25 18:28:18,611 [DEBUG] [MainThread] [qasync._windows._EventPoller/_windows.py:213]: Starting (proactor: <_IocpProactor overlapped#=0 result#=0>)...
2025-05-25 18:28:18,613 [DEBUG] [Dummy-8] [qasync._windows._EventWorker/_windows.py:192]: Thread started
2025-05-25 18:28:19,613 [ERROR] [MainThread] [root/bar_manager.py:53]: Error loading config: while scanning a double-quoted scalar
  in "C:\Users\tamil\.config\yasb\config.yaml", line 63, column 35
expected escape sequence of 8 hexadecimal numbers, but found 's'
  in "C:\Users\tamil\.config\yasb\config.yaml", line 63, column 40
2025-05-25 18:28:22,319 [ERROR] [MainThread] [root/bar_manager.py:53]: Error loading config: while scanning a double-quoted scalar
  in "C:\Users\tamil\.config\yasb\config.yaml", line 63, column 35
expected escape sequence of 8 hexadecimal numbers, but found 's'
  in "C:\Users\tamil\.config\yasb\config.yaml", line 63, column 40
2025-05-25 18:28:25,519 [ERROR] [MainThread] [root/bar_manager.py:53]: Error loading config: while scanning a double-quoted scalar
  in "C:\Users\tamil\.config\yasb\config.yaml", line 63, column 35
expected escape sequence of 8 hexadecimal numbers, but found 's'
  in "C:\Users\tamil\.config\yasb\config.yaml", line 63, column 40
2025-05-25 18:28:26,897 [ERROR] [MainThread] [root/bar_manager.py:53]: Error loading config: while scanning a double-quoted scalar
  in "C:\Users\tamil\.config\yasb\config.yaml", line 63, column 35
expected escape sequence of 8 hexadecimal numbers, but found 's'
  in "C:\Users\tamil\.config\yasb\config.yaml", line 63, column 40
2025-05-25 18:29:17,170 [INFO] [MainThread] [root/controller.py:12]: Reloading Application because of config update...
2025-05-25 18:29:17,278 [INFO] [MainThread] [cli_server/cli_server.py:112]: Log pipe server stopped
2025-05-25 18:29:17,278 [DEBUG] [MainThread] [cli_server/cli_server.py:206]: CLI server stopped
2025-05-25 18:29:17,293 [DEBUG] [MainThread] [qasync._windows._EventPoller/_windows.py:218]: Stopping worker thread...
2025-05-25 18:29:17,295 [DEBUG] [Dummy-8] [qasync._windows._EventWorker/_windows.py:201]: Exiting thread
2025-05-25 18:29:17,295 [DEBUG] [MainThread] [qasync._windows._IocpProactor/_windows.py:75]: Closing
2025-05-25 18:29:17,606 [INFO] [MainThread] [root/log.py:59]: Yasb v1.7.4
2025-05-25 18:29:17,607 [INFO] [Thread-1 (_run_server)] [cli_server/cli_server.py:212]: CLI server started v1.1.1
2025-05-25 18:29:17,608 [INFO] [MainThread] [cli_server/cli_server.py:104]: Log pipe server started
2025-05-25 18:29:17,715 [DEBUG] [MainThread] [tzlocal/win32.py:55]: Looking up time zone info from registry
2025-05-25 18:29:18,066 [DEBUG] [MainThread] [comtypes/__init__.py:149]: CoInitializeEx(None, 2)
2025-05-25 18:29:18,405 [INFO] [MainThread] [root/watcher.py:55]: Created file watcher for path C:\Users\tamil\.config\yasb
2025-05-25 18:29:18,440 [DEBUG] [MainThread] [qasync._windows._EventPoller/_windows.py:213]: Starting (proactor: <_IocpProactor overlapped#=0 result#=0>)...
2025-05-25 18:29:18,441 [DEBUG] [Dummy-8] [qasync._windows._EventWorker/_windows.py:192]: Thread started
2025-05-25 18:29:30,964 [ERROR] [MainThread] [root/bar_manager.py:53]: Error loading config: while scanning a double-quoted scalar
  in "C:\Users\tamil\.config\yasb\config.yaml", line 64, column 39
expected escape sequence of 8 hexadecimal numbers, but found 's'
  in "C:\Users\tamil\.config\yasb\config.yaml", line 64, column 44
2025-05-25 18:29:33,369 [ERROR] [MainThread] [root/bar_manager.py:53]: Error loading config: while scanning a double-quoted scalar
  in "C:\Users\tamil\.config\yasb\config.yaml", line 64, column 39
found unknown escape character 'O'
  in "C:\Users\tamil\.config\yasb\config.yaml", line 64, column 56
2025-05-25 18:29:35,305 [ERROR] [MainThread] [root/bar_manager.py:53]: Error loading config: while scanning a double-quoted scalar
  in "C:\Users\tamil\.config\yasb\config.yaml", line 64, column 39
found unknown escape character 'O'
  in "C:\Users\tamil\.config\yasb\config.yaml", line 64, column 57
2025-05-25 18:29:36,458 [ERROR] [MainThread] [root/bar_manager.py:53]: Error loading config: while scanning a double-quoted scalar
  in "C:\Users\tamil\.config\yasb\config.yaml", line 64, column 39
found unknown escape character 'S'
  in "C:\Users\tamil\.config\yasb\config.yaml", line 64, column 76
2025-05-25 18:29:37,542 [ERROR] [MainThread] [root/bar_manager.py:53]: Error loading config: while scanning a double-quoted scalar
  in "C:\Users\tamil\.config\yasb\config.yaml", line 64, column 39
found unknown escape character 'S'
  in "C:\Users\tamil\.config\yasb\config.yaml", line 64, column 77
2025-05-25 18:29:38,886 [INFO] [MainThread] [root/controller.py:12]: Reloading Application because of config update...
2025-05-25 18:29:38,999 [INFO] [MainThread] [cli_server/cli_server.py:112]: Log pipe server stopped
2025-05-25 18:29:38,999 [DEBUG] [MainThread] [cli_server/cli_server.py:206]: CLI server stopped
2025-05-25 18:29:39,015 [DEBUG] [MainThread] [qasync._windows._EventPoller/_windows.py:218]: Stopping worker thread...
2025-05-25 18:29:39,031 [DEBUG] [Dummy-8] [qasync._windows._EventWorker/_windows.py:201]: Exiting thread
2025-05-25 18:29:39,031 [DEBUG] [MainThread] [qasync._windows._IocpProactor/_windows.py:75]: Closing
2025-05-25 18:29:39,290 [INFO] [MainThread] [root/log.py:59]: Yasb v1.7.4
2025-05-25 18:29:39,291 [INFO] [Thread-1 (_run_server)] [cli_server/cli_server.py:212]: CLI server started v1.1.1
2025-05-25 18:29:39,291 [INFO] [MainThread] [cli_server/cli_server.py:104]: Log pipe server started
2025-05-25 18:29:39,364 [DEBUG] [MainThread] [tzlocal/win32.py:55]: Looking up time zone info from registry
2025-05-25 18:29:39,706 [DEBUG] [MainThread] [comtypes/__init__.py:149]: CoInitializeEx(None, 2)
2025-05-25 18:29:40,110 [INFO] [MainThread] [root/watcher.py:55]: Created file watcher for path C:\Users\tamil\.config\yasb
2025-05-25 18:29:40,159 [DEBUG] [MainThread] [qasync._windows._EventPoller/_windows.py:213]: Starting (proactor: <_IocpProactor overlapped#=0 result#=0>)...
2025-05-25 18:29:40,159 [DEBUG] [Dummy-8] [qasync._windows._EventWorker/_windows.py:192]: Thread started
2025-05-25 18:29:56,712 [INFO] [MainThread] [root/controller.py:12]: Reloading Application because of config update...
2025-05-25 18:29:56,817 [INFO] [MainThread] [cli_server/cli_server.py:112]: Log pipe server stopped
2025-05-25 18:29:56,817 [DEBUG] [MainThread] [cli_server/cli_server.py:206]: CLI server stopped
2025-05-25 18:29:56,832 [DEBUG] [MainThread] [qasync._windows._EventPoller/_windows.py:218]: Stopping worker thread...
2025-05-25 18:29:56,848 [DEBUG] [Dummy-8] [qasync._windows._EventWorker/_windows.py:201]: Exiting thread
2025-05-25 18:29:56,848 [DEBUG] [MainThread] [qasync._windows._IocpProactor/_windows.py:75]: Closing
2025-05-25 18:29:57,157 [INFO] [MainThread] [root/log.py:59]: Yasb v1.7.4
2025-05-25 18:29:57,157 [INFO] [Thread-1 (_run_server)] [cli_server/cli_server.py:212]: CLI server started v1.1.1
2025-05-25 18:29:57,157 [INFO] [MainThread] [cli_server/cli_server.py:104]: Log pipe server started
2025-05-25 18:29:57,262 [DEBUG] [MainThread] [tzlocal/win32.py:55]: Looking up time zone info from registry
2025-05-25 18:29:57,576 [DEBUG] [MainThread] [comtypes/__init__.py:149]: CoInitializeEx(None, 2)
2025-05-25 18:29:58,019 [INFO] [MainThread] [root/watcher.py:55]: Created file watcher for path C:\Users\tamil\.config\yasb
2025-05-25 18:29:58,059 [DEBUG] [MainThread] [qasync._windows._EventPoller/_windows.py:213]: Starting (proactor: <_IocpProactor overlapped#=0 result#=0>)...
2025-05-25 18:29:58,060 [DEBUG] [Dummy-8] [qasync._windows._EventWorker/_windows.py:192]: Thread started
2025-05-25 18:30:02,260 [INFO] [MainThread] [root/controller.py:12]: Reloading Application because of config update...
2025-05-25 18:30:02,368 [INFO] [MainThread] [cli_server/cli_server.py:112]: Log pipe server stopped
2025-05-25 18:30:02,368 [DEBUG] [MainThread] [cli_server/cli_server.py:206]: CLI server stopped
2025-05-25 18:30:02,392 [DEBUG] [MainThread] [qasync._windows._EventPoller/_windows.py:218]: Stopping worker thread...
2025-05-25 18:30:02,400 [DEBUG] [Dummy-8] [qasync._windows._EventWorker/_windows.py:201]: Exiting thread
2025-05-25 18:30:02,400 [DEBUG] [MainThread] [qasync._windows._IocpProactor/_windows.py:75]: Closing
2025-05-25 18:30:02,707 [INFO] [MainThread] [root/log.py:59]: Yasb v1.7.4
2025-05-25 18:30:02,708 [INFO] [Thread-1 (_run_server)] [cli_server/cli_server.py:212]: CLI server started v1.1.1
2025-05-25 18:30:02,708 [INFO] [MainThread] [cli_server/cli_server.py:104]: Log pipe server started
2025-05-25 18:30:02,805 [DEBUG] [MainThread] [tzlocal/win32.py:55]: Looking up time zone info from registry
2025-05-25 18:30:03,117 [DEBUG] [MainThread] [comtypes/__init__.py:149]: CoInitializeEx(None, 2)
2025-05-25 18:30:03,453 [INFO] [MainThread] [root/watcher.py:55]: Created file watcher for path C:\Users\tamil\.config\yasb
2025-05-25 18:30:03,492 [DEBUG] [MainThread] [qasync._windows._EventPoller/_windows.py:213]: Starting (proactor: <_IocpProactor overlapped#=0 result#=0>)...
2025-05-25 18:30:03,493 [DEBUG] [Dummy-8] [qasync._windows._EventWorker/_windows.py:192]: Thread started
2025-05-25 18:30:05,190 [INFO] [MainThread] [root/controller.py:12]: Reloading Application because of config update...
2025-05-25 18:30:05,299 [INFO] [MainThread] [cli_server/cli_server.py:112]: Log pipe server stopped
2025-05-25 18:30:05,299 [DEBUG] [MainThread] [cli_server/cli_server.py:206]: CLI server stopped
2025-05-25 18:30:05,299 [DEBUG] [MainThread] [qasync._windows._EventPoller/_windows.py:218]: Stopping worker thread...
2025-05-25 18:30:05,331 [DEBUG] [Dummy-8] [qasync._windows._EventWorker/_windows.py:201]: Exiting thread
2025-05-25 18:30:05,331 [DEBUG] [MainThread] [qasync._windows._IocpProactor/_windows.py:75]: Closing
2025-05-25 18:30:05,637 [INFO] [MainThread] [root/log.py:59]: Yasb v1.7.4
2025-05-25 18:30:05,637 [INFO] [Thread-1 (_run_server)] [cli_server/cli_server.py:212]: CLI server started v1.1.1
2025-05-25 18:30:05,638 [INFO] [MainThread] [cli_server/cli_server.py:104]: Log pipe server started
2025-05-25 18:30:05,740 [DEBUG] [MainThread] [tzlocal/win32.py:55]: Looking up time zone info from registry
2025-05-25 18:30:06,085 [DEBUG] [MainThread] [comtypes/__init__.py:149]: CoInitializeEx(None, 2)
2025-05-25 18:30:06,391 [INFO] [MainThread] [root/watcher.py:55]: Created file watcher for path C:\Users\tamil\.config\yasb
2025-05-25 18:30:06,426 [DEBUG] [MainThread] [qasync._windows._EventPoller/_windows.py:213]: Starting (proactor: <_IocpProactor overlapped#=0 result#=0>)...
2025-05-25 18:30:06,427 [DEBUG] [Dummy-8] [qasync._windows._EventWorker/_windows.py:192]: Thread started
2025-05-25 18:30:08,213 [INFO] [MainThread] [root/controller.py:12]: Reloading Application because of config update...
2025-05-25 18:30:08,318 [INFO] [MainThread] [cli_server/cli_server.py:112]: Log pipe server stopped
2025-05-25 18:30:08,320 [DEBUG] [MainThread] [cli_server/cli_server.py:206]: CLI server stopped
2025-05-25 18:30:08,328 [DEBUG] [MainThread] [qasync._windows._EventPoller/_windows.py:218]: Stopping worker thread...
2025-05-25 18:30:08,336 [DEBUG] [Dummy-8] [qasync._windows._EventWorker/_windows.py:201]: Exiting thread
2025-05-25 18:30:08,336 [DEBUG] [MainThread] [qasync._windows._IocpProactor/_windows.py:75]: Closing
2025-05-25 18:30:08,605 [INFO] [MainThread] [root/log.py:59]: Yasb v1.7.4
2025-05-25 18:30:08,605 [INFO] [Thread-1 (_run_server)] [cli_server/cli_server.py:212]: CLI server started v1.1.1
2025-05-25 18:30:08,605 [INFO] [MainThread] [cli_server/cli_server.py:104]: Log pipe server started
2025-05-25 18:30:08,690 [DEBUG] [MainThread] [tzlocal/win32.py:55]: Looking up time zone info from registry
2025-05-25 18:30:09,003 [DEBUG] [MainThread] [comtypes/__init__.py:149]: CoInitializeEx(None, 2)
2025-05-25 18:30:09,303 [ERROR] [MainThread] [root/widget_builder.py:88]: Failed to validate widget(s) due to invalid options  - home
      menu_list:
      - 4:
        - path:
          - null value not allowed
      
2025-05-25 18:30:23,115 [INFO] [MainThread] [root/watcher.py:55]: Created file watcher for path C:\Users\tamil\.config\yasb
2025-05-25 18:30:23,157 [DEBUG] [MainThread] [qasync._windows._EventPoller/_windows.py:213]: Starting (proactor: <_IocpProactor overlapped#=0 result#=0>)...
2025-05-25 18:30:23,157 [DEBUG] [Dummy-8] [qasync._windows._EventWorker/_windows.py:192]: Thread started
2025-05-25 18:30:29,472 [INFO] [MainThread] [root/controller.py:12]: Reloading Application from tray...
2025-05-25 18:30:29,573 [INFO] [MainThread] [cli_server/cli_server.py:112]: Log pipe server stopped
2025-05-25 18:30:29,574 [DEBUG] [MainThread] [cli_server/cli_server.py:206]: CLI server stopped
2025-05-25 18:30:29,592 [DEBUG] [MainThread] [qasync._windows._EventPoller/_windows.py:218]: Stopping worker thread...
2025-05-25 18:30:29,607 [DEBUG] [Dummy-8] [qasync._windows._EventWorker/_windows.py:201]: Exiting thread
2025-05-25 18:30:29,607 [DEBUG] [MainThread] [qasync._windows._IocpProactor/_windows.py:75]: Closing
2025-05-25 18:30:29,893 [INFO] [MainThread] [root/log.py:59]: Yasb v1.7.4
2025-05-25 18:30:29,894 [INFO] [Thread-1 (_run_server)] [cli_server/cli_server.py:212]: CLI server started v1.1.1
2025-05-25 18:30:29,894 [INFO] [MainThread] [cli_server/cli_server.py:104]: Log pipe server started
2025-05-25 18:30:29,976 [DEBUG] [MainThread] [tzlocal/win32.py:55]: Looking up time zone info from registry
2025-05-25 18:30:30,274 [DEBUG] [MainThread] [comtypes/__init__.py:149]: CoInitializeEx(None, 2)
2025-05-25 18:30:30,570 [INFO] [MainThread] [root/watcher.py:55]: Created file watcher for path C:\Users\tamil\.config\yasb
2025-05-25 18:30:30,605 [DEBUG] [MainThread] [qasync._windows._EventPoller/_windows.py:213]: Starting (proactor: <_IocpProactor overlapped#=0 result#=0>)...
2025-05-25 18:30:30,607 [DEBUG] [Dummy-8] [qasync._windows._EventWorker/_windows.py:192]: Thread started
2025-05-25 18:30:39,454 [INFO] [MainThread] [root/controller.py:12]: Reloading Application because of config update...
2025-05-25 18:30:39,559 [INFO] [MainThread] [cli_server/cli_server.py:112]: Log pipe server stopped
2025-05-25 18:30:39,559 [DEBUG] [MainThread] [cli_server/cli_server.py:206]: CLI server stopped
2025-05-25 18:30:39,559 [DEBUG] [MainThread] [qasync._windows._EventPoller/_windows.py:218]: Stopping worker thread...
2025-05-25 18:30:39,575 [DEBUG] [Dummy-8] [qasync._windows._EventWorker/_windows.py:201]: Exiting thread
2025-05-25 18:30:39,575 [DEBUG] [MainThread] [qasync._windows._IocpProactor/_windows.py:75]: Closing
2025-05-25 18:30:39,868 [INFO] [MainThread] [root/log.py:59]: Yasb v1.7.4
2025-05-25 18:30:39,869 [INFO] [Thread-1 (_run_server)] [cli_server/cli_server.py:212]: CLI server started v1.1.1
2025-05-25 18:30:39,870 [INFO] [MainThread] [cli_server/cli_server.py:104]: Log pipe server started
2025-05-25 18:30:39,954 [DEBUG] [MainThread] [tzlocal/win32.py:55]: Looking up time zone info from registry
2025-05-25 18:30:40,257 [DEBUG] [MainThread] [comtypes/__init__.py:149]: CoInitializeEx(None, 2)
2025-05-25 18:30:40,566 [INFO] [MainThread] [root/watcher.py:55]: Created file watcher for path C:\Users\tamil\.config\yasb
2025-05-25 18:30:40,600 [DEBUG] [MainThread] [qasync._windows._EventPoller/_windows.py:213]: Starting (proactor: <_IocpProactor overlapped#=0 result#=0>)...
2025-05-25 18:30:40,601 [DEBUG] [Dummy-8] [qasync._windows._EventWorker/_windows.py:192]: Thread started
2025-05-28 07:28:08,479 [ERROR] [MainThread] [root/wifi.py:145]: Error in wifi widget update: [Errno 11004] getaddrinfo failed
2025-05-28 07:28:08,490 [ERROR] [MainThread] [root/base.py:89]: Failed to execute callback of type 'update_label' with args: []
Traceback (most recent call last):
  File "D:\a\yasb\yasb\src\core\widgets\base.py", line 87, in _run_callback
  File "D:\a\yasb\yasb\src\core\widgets\yasb\wifi.py", line 163, in _update_label
UnboundLocalError: cannot access local variable 'ip_addr' where it is not associated with a value
2025-06-05 12:00:51,545 [INFO] [MainThread] [root/log.py:59]: Yasb v1.7.4
2025-06-05 12:00:51,557 [INFO] [Thread-1 (_run_server)] [cli_server/cli_server.py:212]: CLI server started v1.1.1
2025-06-05 12:00:51,557 [INFO] [MainThread] [cli_server/cli_server.py:104]: Log pipe server started
2025-06-05 12:00:51,667 [DEBUG] [MainThread] [tzlocal/win32.py:55]: Looking up time zone info from registry
2025-06-05 12:00:53,025 [DEBUG] [MainThread] [comtypes/__init__.py:149]: CoInitializeEx(None, 2)
2025-06-05 12:00:53,470 [INFO] [MainThread] [root/watcher.py:55]: Created file watcher for path C:\Users\tamil\.config\yasb
2025-06-05 12:00:53,512 [DEBUG] [MainThread] [qasync._windows._EventPoller/_windows.py:213]: Starting (proactor: <_IocpProactor overlapped#=0 result#=0>)...
2025-06-05 12:00:53,514 [DEBUG] [Dummy-8] [qasync._windows._EventWorker/_windows.py:192]: Thread started
2025-06-05 12:01:44,137 [INFO] [MainThread] [root/controller.py:12]: Reloading Application because of config update...
2025-06-05 12:01:44,249 [INFO] [MainThread] [cli_server/cli_server.py:112]: Log pipe server stopped
2025-06-05 12:01:44,249 [DEBUG] [MainThread] [cli_server/cli_server.py:206]: CLI server stopped
2025-06-05 12:01:44,296 [DEBUG] [MainThread] [qasync._windows._EventPoller/_windows.py:218]: Stopping worker thread...
2025-06-05 12:01:44,312 [DEBUG] [Dummy-8] [qasync._windows._EventWorker/_windows.py:201]: Exiting thread
2025-06-05 12:01:44,312 [DEBUG] [MainThread] [qasync._windows._IocpProactor/_windows.py:75]: Closing
2025-06-05 12:01:44,629 [INFO] [MainThread] [root/log.py:59]: Yasb v1.7.4
2025-06-05 12:01:44,630 [INFO] [Thread-1 (_run_server)] [cli_server/cli_server.py:212]: CLI server started v1.1.1
2025-06-05 12:01:44,631 [INFO] [MainThread] [cli_server/cli_server.py:104]: Log pipe server started
2025-06-05 12:01:44,727 [DEBUG] [MainThread] [tzlocal/win32.py:55]: Looking up time zone info from registry
2025-06-05 12:01:45,061 [DEBUG] [MainThread] [comtypes/__init__.py:149]: CoInitializeEx(None, 2)
2025-06-05 12:01:45,299 [INFO] [MainThread] [root/watcher.py:55]: Created file watcher for path C:\Users\tamil\.config\yasb
2025-06-05 12:01:45,346 [DEBUG] [MainThread] [qasync._windows._EventPoller/_windows.py:213]: Starting (proactor: <_IocpProactor overlapped#=0 result#=0>)...
2025-06-05 12:01:45,349 [DEBUG] [Dummy-8] [qasync._windows._EventWorker/_windows.py:192]: Thread started
2025-06-05 13:05:47,601 [INFO] [MainThread] [root/controller.py:12]: Reloading Application from tray...
2025-06-05 13:05:47,709 [INFO] [MainThread] [cli_server/cli_server.py:112]: Log pipe server stopped
2025-06-05 13:05:47,709 [DEBUG] [MainThread] [cli_server/cli_server.py:206]: CLI server stopped
2025-06-05 13:05:47,729 [DEBUG] [MainThread] [qasync._windows._EventPoller/_windows.py:218]: Stopping worker thread...
2025-06-05 13:05:47,744 [DEBUG] [Dummy-8] [qasync._windows._EventWorker/_windows.py:201]: Exiting thread
2025-06-05 13:05:47,745 [DEBUG] [MainThread] [qasync._windows._IocpProactor/_windows.py:75]: Closing
2025-06-05 13:05:48,052 [INFO] [MainThread] [root/log.py:59]: Yasb v1.7.4
2025-06-05 13:05:48,053 [INFO] [Thread-1 (_run_server)] [cli_server/cli_server.py:212]: CLI server started v1.1.1
2025-06-05 13:05:48,053 [INFO] [MainThread] [cli_server/cli_server.py:104]: Log pipe server started
2025-06-05 13:05:48,141 [DEBUG] [MainThread] [tzlocal/win32.py:55]: Looking up time zone info from registry
2025-06-05 13:05:48,468 [DEBUG] [MainThread] [comtypes/__init__.py:149]: CoInitializeEx(None, 2)
2025-06-05 13:05:48,809 [INFO] [MainThread] [root/watcher.py:55]: Created file watcher for path C:\Users\tamil\.config\yasb
2025-06-05 13:05:48,847 [DEBUG] [MainThread] [qasync._windows._EventPoller/_windows.py:213]: Starting (proactor: <_IocpProactor overlapped#=0 result#=0>)...
2025-06-05 13:05:48,849 [DEBUG] [Dummy-8] [qasync._windows._EventWorker/_windows.py:192]: Thread started
2025-06-05 15:04:19,050 [ERROR] [MainThread] [root/wifi.py:145]: Error in wifi widget update: [Errno 11004] getaddrinfo failed
2025-06-05 15:04:19,054 [ERROR] [MainThread] [root/base.py:89]: Failed to execute callback of type 'update_label' with args: []
Traceback (most recent call last):
  File "D:\a\yasb\yasb\src\core\widgets\base.py", line 87, in _run_callback
  File "D:\a\yasb\yasb\src\core\widgets\yasb\wifi.py", line 163, in _update_label
UnboundLocalError: cannot access local variable 'ip_addr' where it is not associated with a value
2025-06-06 15:06:24,923 [INFO] [MainThread] [root/controller.py:12]: Reloading Application because of config update...
2025-06-06 15:06:25,030 [INFO] [MainThread] [cli_server/cli_server.py:112]: Log pipe server stopped
2025-06-06 15:06:25,031 [DEBUG] [MainThread] [cli_server/cli_server.py:206]: CLI server stopped
2025-06-06 15:06:25,137 [DEBUG] [MainThread] [qasync._windows._EventPoller/_windows.py:218]: Stopping worker thread...
2025-06-06 15:06:25,148 [DEBUG] [Dummy-8] [qasync._windows._EventWorker/_windows.py:201]: Exiting thread
2025-06-06 15:06:25,148 [DEBUG] [MainThread] [qasync._windows._IocpProactor/_windows.py:75]: Closing
2025-06-06 15:06:25,513 [INFO] [MainThread] [root/log.py:59]: Yasb v1.7.4
2025-06-06 15:06:25,513 [INFO] [Thread-1 (_run_server)] [cli_server/cli_server.py:212]: CLI server started v1.1.1
2025-06-06 15:06:25,516 [INFO] [MainThread] [cli_server/cli_server.py:104]: Log pipe server started
2025-06-06 15:06:25,640 [DEBUG] [MainThread] [tzlocal/win32.py:55]: Looking up time zone info from registry
2025-06-06 15:06:26,092 [DEBUG] [MainThread] [comtypes/__init__.py:149]: CoInitializeEx(None, 2)
2025-06-06 15:06:26,594 [INFO] [MainThread] [root/watcher.py:55]: Created file watcher for path C:\Users\tamil\.config\yasb
2025-06-06 15:06:26,641 [DEBUG] [MainThread] [qasync._windows._EventPoller/_windows.py:213]: Starting (proactor: <_IocpProactor overlapped#=0 result#=0>)...
2025-06-06 15:06:26,644 [DEBUG] [Dummy-8] [qasync._windows._EventWorker/_windows.py:192]: Thread started
2025-06-06 15:06:39,367 [INFO] [MainThread] [root/controller.py:12]: Reloading Application because of config update...
2025-06-06 15:06:39,479 [INFO] [MainThread] [cli_server/cli_server.py:112]: Log pipe server stopped
2025-06-06 15:06:39,479 [DEBUG] [MainThread] [cli_server/cli_server.py:206]: CLI server stopped
2025-06-06 15:06:39,526 [DEBUG] [MainThread] [qasync._windows._EventPoller/_windows.py:218]: Stopping worker thread...
2025-06-06 15:06:39,542 [DEBUG] [Dummy-8] [qasync._windows._EventWorker/_windows.py:201]: Exiting thread
2025-06-06 15:06:39,542 [DEBUG] [MainThread] [qasync._windows._IocpProactor/_windows.py:75]: Closing
2025-06-06 15:06:39,846 [INFO] [MainThread] [root/log.py:59]: Yasb v1.7.4
2025-06-06 15:06:39,846 [INFO] [Thread-1 (_run_server)] [cli_server/cli_server.py:212]: CLI server started v1.1.1
2025-06-06 15:06:39,851 [INFO] [MainThread] [cli_server/cli_server.py:104]: Log pipe server started
2025-06-06 15:06:39,943 [DEBUG] [MainThread] [tzlocal/win32.py:55]: Looking up time zone info from registry
2025-06-06 15:06:40,283 [DEBUG] [MainThread] [comtypes/__init__.py:149]: CoInitializeEx(None, 2)
2025-06-06 15:06:40,607 [INFO] [MainThread] [root/watcher.py:55]: Created file watcher for path C:\Users\tamil\.config\yasb
2025-06-06 15:06:40,646 [DEBUG] [MainThread] [qasync._windows._EventPoller/_windows.py:213]: Starting (proactor: <_IocpProactor overlapped#=0 result#=0>)...
2025-06-06 15:06:40,648 [DEBUG] [Dummy-8] [qasync._windows._EventWorker/_windows.py:192]: Thread started
2025-06-06 15:06:43,808 [INFO] [MainThread] [root/controller.py:12]: Reloading Application because of config update...
2025-06-06 15:06:43,916 [INFO] [MainThread] [cli_server/cli_server.py:112]: Log pipe server stopped
2025-06-06 15:06:43,916 [DEBUG] [MainThread] [cli_server/cli_server.py:206]: CLI server stopped
2025-06-06 15:06:43,933 [DEBUG] [MainThread] [qasync._windows._EventPoller/_windows.py:218]: Stopping worker thread...
2025-06-06 15:06:43,947 [DEBUG] [Dummy-8] [qasync._windows._EventWorker/_windows.py:201]: Exiting thread
2025-06-06 15:06:43,947 [DEBUG] [MainThread] [qasync._windows._IocpProactor/_windows.py:75]: Closing
2025-06-06 15:06:44,223 [INFO] [MainThread] [root/log.py:59]: Yasb v1.7.4
2025-06-06 15:06:44,223 [INFO] [Thread-1 (_run_server)] [cli_server/cli_server.py:212]: CLI server started v1.1.1
2025-06-06 15:06:44,223 [INFO] [MainThread] [cli_server/cli_server.py:104]: Log pipe server started
2025-06-06 15:06:44,324 [DEBUG] [MainThread] [tzlocal/win32.py:55]: Looking up time zone info from registry
2025-06-06 15:06:44,683 [DEBUG] [MainThread] [comtypes/__init__.py:149]: CoInitializeEx(None, 2)
2025-06-06 15:06:45,001 [INFO] [MainThread] [root/watcher.py:55]: Created file watcher for path C:\Users\tamil\.config\yasb
2025-06-06 15:06:45,036 [DEBUG] [MainThread] [qasync._windows._EventPoller/_windows.py:213]: Starting (proactor: <_IocpProactor overlapped#=0 result#=0>)...
2025-06-06 15:06:45,036 [DEBUG] [Dummy-8] [qasync._windows._EventWorker/_windows.py:192]: Thread started
2025-06-06 15:06:49,301 [INFO] [MainThread] [root/controller.py:12]: Reloading Application because of config update...
2025-06-06 15:06:49,409 [INFO] [MainThread] [cli_server/cli_server.py:112]: Log pipe server stopped
2025-06-06 15:06:49,409 [DEBUG] [MainThread] [cli_server/cli_server.py:206]: CLI server stopped
2025-06-06 15:06:49,464 [DEBUG] [MainThread] [qasync._windows._EventPoller/_windows.py:218]: Stopping worker thread...
2025-06-06 15:06:49,487 [DEBUG] [Dummy-8] [qasync._windows._EventWorker/_windows.py:201]: Exiting thread
2025-06-06 15:06:49,487 [DEBUG] [MainThread] [qasync._windows._IocpProactor/_windows.py:75]: Closing
2025-06-06 15:06:49,776 [INFO] [MainThread] [root/log.py:59]: Yasb v1.7.4
2025-06-06 15:06:49,778 [INFO] [Thread-1 (_run_server)] [cli_server/cli_server.py:212]: CLI server started v1.1.1
2025-06-06 15:06:49,778 [INFO] [MainThread] [cli_server/cli_server.py:104]: Log pipe server started
2025-06-06 15:06:49,876 [DEBUG] [MainThread] [tzlocal/win32.py:55]: Looking up time zone info from registry
2025-06-06 15:06:50,199 [DEBUG] [MainThread] [comtypes/__init__.py:149]: CoInitializeEx(None, 2)
2025-06-06 15:06:50,519 [INFO] [MainThread] [root/watcher.py:55]: Created file watcher for path C:\Users\tamil\.config\yasb
2025-06-06 15:06:50,563 [DEBUG] [MainThread] [qasync._windows._EventPoller/_windows.py:213]: Starting (proactor: <_IocpProactor overlapped#=0 result#=0>)...
2025-06-06 15:06:50,565 [DEBUG] [Dummy-8] [qasync._windows._EventWorker/_windows.py:192]: Thread started
2025-06-06 15:06:53,748 [INFO] [MainThread] [root/controller.py:12]: Reloading Application because of config update...
2025-06-06 15:06:53,856 [INFO] [MainThread] [cli_server/cli_server.py:112]: Log pipe server stopped
2025-06-06 15:06:53,856 [DEBUG] [MainThread] [cli_server/cli_server.py:206]: CLI server stopped
2025-06-06 15:06:53,905 [DEBUG] [MainThread] [qasync._windows._EventPoller/_windows.py:218]: Stopping worker thread...
2025-06-06 15:06:53,919 [DEBUG] [Dummy-8] [qasync._windows._EventWorker/_windows.py:201]: Exiting thread
2025-06-06 15:06:53,921 [DEBUG] [MainThread] [qasync._windows._IocpProactor/_windows.py:75]: Closing
2025-06-06 15:06:54,237 [INFO] [MainThread] [root/log.py:59]: Yasb v1.7.4
2025-06-06 15:06:54,237 [INFO] [Thread-1 (_run_server)] [cli_server/cli_server.py:212]: CLI server started v1.1.1
2025-06-06 15:06:54,239 [INFO] [MainThread] [cli_server/cli_server.py:104]: Log pipe server started
2025-06-06 15:06:54,336 [DEBUG] [MainThread] [tzlocal/win32.py:55]: Looking up time zone info from registry
2025-06-06 15:06:54,664 [DEBUG] [MainThread] [comtypes/__init__.py:149]: CoInitializeEx(None, 2)
2025-06-06 15:06:54,968 [INFO] [MainThread] [root/watcher.py:55]: Created file watcher for path C:\Users\tamil\.config\yasb
2025-06-06 15:06:55,007 [DEBUG] [MainThread] [qasync._windows._EventPoller/_windows.py:213]: Starting (proactor: <_IocpProactor overlapped#=0 result#=0>)...
2025-06-06 15:06:55,007 [DEBUG] [Dummy-8] [qasync._windows._EventWorker/_windows.py:192]: Thread started
2025-06-06 15:07:07,013 [INFO] [MainThread] [root/controller.py:12]: Reloading Application because of config update...
2025-06-06 15:07:07,122 [INFO] [MainThread] [cli_server/cli_server.py:112]: Log pipe server stopped
2025-06-06 15:07:07,123 [DEBUG] [MainThread] [cli_server/cli_server.py:206]: CLI server stopped
2025-06-06 15:07:07,201 [DEBUG] [MainThread] [qasync._windows._EventPoller/_windows.py:218]: Stopping worker thread...
2025-06-06 15:07:07,202 [DEBUG] [Dummy-8] [qasync._windows._EventWorker/_windows.py:201]: Exiting thread
2025-06-06 15:07:07,267 [DEBUG] [MainThread] [qasync._windows._IocpProactor/_windows.py:75]: Closing
2025-06-06 15:07:07,611 [INFO] [MainThread] [root/log.py:59]: Yasb v1.7.4
2025-06-06 15:07:07,611 [INFO] [Thread-1 (_run_server)] [cli_server/cli_server.py:212]: CLI server started v1.1.1
2025-06-06 15:07:07,614 [INFO] [MainThread] [cli_server/cli_server.py:104]: Log pipe server started
2025-06-06 15:07:07,732 [DEBUG] [MainThread] [tzlocal/win32.py:55]: Looking up time zone info from registry
2025-06-06 15:07:08,117 [DEBUG] [MainThread] [comtypes/__init__.py:149]: CoInitializeEx(None, 2)
2025-06-06 15:07:08,439 [INFO] [MainThread] [root/watcher.py:55]: Created file watcher for path C:\Users\tamil\.config\yasb
2025-06-06 15:07:08,483 [DEBUG] [MainThread] [qasync._windows._EventPoller/_windows.py:213]: Starting (proactor: <_IocpProactor overlapped#=0 result#=0>)...
2025-06-06 15:07:08,483 [DEBUG] [Dummy-8] [qasync._windows._EventWorker/_windows.py:192]: Thread started
2025-06-06 15:07:40,533 [INFO] [MainThread] [root/controller.py:12]: Reloading Application because of config update...
2025-06-06 15:07:40,648 [INFO] [MainThread] [cli_server/cli_server.py:112]: Log pipe server stopped
2025-06-06 15:07:40,649 [DEBUG] [MainThread] [cli_server/cli_server.py:206]: CLI server stopped
2025-06-06 15:07:40,681 [DEBUG] [MainThread] [qasync._windows._EventPoller/_windows.py:218]: Stopping worker thread...
2025-06-06 15:07:40,695 [DEBUG] [Dummy-8] [qasync._windows._EventWorker/_windows.py:201]: Exiting thread
2025-06-06 15:07:40,695 [DEBUG] [MainThread] [qasync._windows._IocpProactor/_windows.py:75]: Closing
2025-06-06 15:07:41,018 [INFO] [MainThread] [root/log.py:59]: Yasb v1.7.4
2025-06-06 15:07:41,020 [INFO] [Thread-1 (_run_server)] [cli_server/cli_server.py:212]: CLI server started v1.1.1
2025-06-06 15:07:41,020 [INFO] [MainThread] [cli_server/cli_server.py:104]: Log pipe server started
2025-06-06 15:07:41,115 [DEBUG] [MainThread] [tzlocal/win32.py:55]: Looking up time zone info from registry
2025-06-06 15:07:41,440 [DEBUG] [MainThread] [comtypes/__init__.py:149]: CoInitializeEx(None, 2)
2025-06-06 15:07:41,750 [INFO] [MainThread] [root/watcher.py:55]: Created file watcher for path C:\Users\tamil\.config\yasb
2025-06-06 15:07:41,781 [DEBUG] [MainThread] [qasync._windows._EventPoller/_windows.py:213]: Starting (proactor: <_IocpProactor overlapped#=0 result#=0>)...
2025-06-06 15:07:41,781 [DEBUG] [Dummy-8] [qasync._windows._EventWorker/_windows.py:192]: Thread started
2025-06-06 15:07:46,676 [INFO] [MainThread] [root/controller.py:12]: Reloading Application because of config update...
2025-06-06 15:07:46,791 [INFO] [MainThread] [cli_server/cli_server.py:112]: Log pipe server stopped
2025-06-06 15:07:46,792 [DEBUG] [MainThread] [cli_server/cli_server.py:206]: CLI server stopped
2025-06-06 15:07:46,845 [DEBUG] [MainThread] [qasync._windows._EventPoller/_windows.py:218]: Stopping worker thread...
2025-06-06 15:07:46,869 [DEBUG] [Dummy-8] [qasync._windows._EventWorker/_windows.py:201]: Exiting thread
2025-06-06 15:07:46,871 [DEBUG] [MainThread] [qasync._windows._IocpProactor/_windows.py:75]: Closing
2025-06-06 15:07:47,170 [INFO] [MainThread] [root/log.py:59]: Yasb v1.7.4
2025-06-06 15:07:47,170 [INFO] [Thread-1 (_run_server)] [cli_server/cli_server.py:212]: CLI server started v1.1.1
2025-06-06 15:07:47,170 [INFO] [MainThread] [cli_server/cli_server.py:104]: Log pipe server started
2025-06-06 15:07:47,268 [DEBUG] [MainThread] [tzlocal/win32.py:55]: Looking up time zone info from registry
2025-06-06 15:07:47,600 [DEBUG] [MainThread] [comtypes/__init__.py:149]: CoInitializeEx(None, 2)
2025-06-06 15:07:47,913 [INFO] [MainThread] [root/watcher.py:55]: Created file watcher for path C:\Users\tamil\.config\yasb
2025-06-06 15:07:47,948 [DEBUG] [MainThread] [qasync._windows._EventPoller/_windows.py:213]: Starting (proactor: <_IocpProactor overlapped#=0 result#=0>)...
2025-06-06 15:07:47,948 [DEBUG] [Dummy-8] [qasync._windows._EventWorker/_windows.py:192]: Thread started
2025-06-06 15:08:01,125 [INFO] [MainThread] [root/controller.py:12]: Reloading Application because of config update...
2025-06-06 15:08:01,239 [INFO] [MainThread] [cli_server/cli_server.py:112]: Log pipe server stopped
2025-06-06 15:08:01,239 [DEBUG] [MainThread] [cli_server/cli_server.py:206]: CLI server stopped
2025-06-06 15:08:01,266 [DEBUG] [MainThread] [qasync._windows._EventPoller/_windows.py:218]: Stopping worker thread...
2025-06-06 15:08:01,287 [DEBUG] [Dummy-8] [qasync._windows._EventWorker/_windows.py:201]: Exiting thread
2025-06-06 15:08:01,288 [DEBUG] [MainThread] [qasync._windows._IocpProactor/_windows.py:75]: Closing
2025-06-06 15:08:01,567 [INFO] [MainThread] [root/log.py:59]: Yasb v1.7.4
2025-06-06 15:08:01,567 [INFO] [Thread-1 (_run_server)] [cli_server/cli_server.py:212]: CLI server started v1.1.1
2025-06-06 15:08:01,567 [INFO] [MainThread] [cli_server/cli_server.py:104]: Log pipe server started
2025-06-06 15:08:01,667 [DEBUG] [MainThread] [tzlocal/win32.py:55]: Looking up time zone info from registry
2025-06-06 15:08:01,993 [DEBUG] [MainThread] [comtypes/__init__.py:149]: CoInitializeEx(None, 2)
2025-06-06 15:08:02,301 [INFO] [MainThread] [root/watcher.py:55]: Created file watcher for path C:\Users\tamil\.config\yasb
2025-06-06 15:08:02,341 [DEBUG] [MainThread] [qasync._windows._EventPoller/_windows.py:213]: Starting (proactor: <_IocpProactor overlapped#=0 result#=0>)...
2025-06-06 15:08:02,341 [DEBUG] [Dummy-8] [qasync._windows._EventWorker/_windows.py:192]: Thread started
2025-06-06 15:08:03,709 [INFO] [MainThread] [root/controller.py:12]: Reloading Application because of config update...
2025-06-06 15:08:03,823 [INFO] [MainThread] [cli_server/cli_server.py:112]: Log pipe server stopped
2025-06-06 15:08:03,823 [DEBUG] [MainThread] [cli_server/cli_server.py:206]: CLI server stopped
2025-06-06 15:08:03,849 [DEBUG] [MainThread] [qasync._windows._EventPoller/_windows.py:218]: Stopping worker thread...
2025-06-06 15:08:03,870 [DEBUG] [Dummy-8] [qasync._windows._EventWorker/_windows.py:201]: Exiting thread
2025-06-06 15:08:03,872 [DEBUG] [MainThread] [qasync._windows._IocpProactor/_windows.py:75]: Closing
2025-06-06 15:08:04,161 [INFO] [MainThread] [root/log.py:59]: Yasb v1.7.4
2025-06-06 15:08:04,163 [INFO] [Thread-1 (_run_server)] [cli_server/cli_server.py:212]: CLI server started v1.1.1
2025-06-06 15:08:04,163 [INFO] [MainThread] [cli_server/cli_server.py:104]: Log pipe server started
2025-06-06 15:08:04,254 [DEBUG] [MainThread] [tzlocal/win32.py:55]: Looking up time zone info from registry
2025-06-06 15:08:04,593 [DEBUG] [MainThread] [comtypes/__init__.py:149]: CoInitializeEx(None, 2)
2025-06-06 15:08:04,905 [INFO] [MainThread] [root/watcher.py:55]: Created file watcher for path C:\Users\tamil\.config\yasb
2025-06-06 15:08:04,943 [DEBUG] [MainThread] [qasync._windows._EventPoller/_windows.py:213]: Starting (proactor: <_IocpProactor overlapped#=0 result#=0>)...
2025-06-06 15:08:04,943 [DEBUG] [Dummy-8] [qasync._windows._EventWorker/_windows.py:192]: Thread started
2025-06-06 15:08:10,333 [INFO] [MainThread] [root/controller.py:12]: Reloading Application because of config update...
2025-06-06 15:08:10,438 [INFO] [MainThread] [cli_server/cli_server.py:112]: Log pipe server stopped
2025-06-06 15:08:10,449 [DEBUG] [MainThread] [cli_server/cli_server.py:206]: CLI server stopped
2025-06-06 15:08:10,501 [DEBUG] [MainThread] [qasync._windows._EventPoller/_windows.py:218]: Stopping worker thread...
2025-06-06 15:08:10,516 [DEBUG] [Dummy-8] [qasync._windows._EventWorker/_windows.py:201]: Exiting thread
2025-06-06 15:08:10,516 [DEBUG] [MainThread] [qasync._windows._IocpProactor/_windows.py:75]: Closing
2025-06-06 15:08:10,828 [INFO] [MainThread] [root/log.py:59]: Yasb v1.7.4
2025-06-06 15:08:10,828 [INFO] [Thread-1 (_run_server)] [cli_server/cli_server.py:212]: CLI server started v1.1.1
2025-06-06 15:08:10,828 [INFO] [MainThread] [cli_server/cli_server.py:104]: Log pipe server started
2025-06-06 15:08:10,928 [DEBUG] [MainThread] [tzlocal/win32.py:55]: Looking up time zone info from registry
2025-06-06 15:08:11,254 [DEBUG] [MainThread] [comtypes/__init__.py:149]: CoInitializeEx(None, 2)
2025-06-06 15:08:11,578 [INFO] [MainThread] [root/watcher.py:55]: Created file watcher for path C:\Users\tamil\.config\yasb
2025-06-06 15:08:11,607 [DEBUG] [MainThread] [qasync._windows._EventPoller/_windows.py:213]: Starting (proactor: <_IocpProactor overlapped#=0 result#=0>)...
2025-06-06 15:08:11,618 [DEBUG] [Dummy-8] [qasync._windows._EventWorker/_windows.py:192]: Thread started
2025-06-06 15:08:14,395 [INFO] [MainThread] [root/controller.py:12]: Reloading Application because of config update...
2025-06-06 15:08:14,505 [INFO] [MainThread] [cli_server/cli_server.py:112]: Log pipe server stopped
2025-06-06 15:08:14,505 [DEBUG] [MainThread] [cli_server/cli_server.py:206]: CLI server stopped
2025-06-06 15:08:14,551 [DEBUG] [MainThread] [qasync._windows._EventPoller/_windows.py:218]: Stopping worker thread...
2025-06-06 15:08:14,568 [DEBUG] [Dummy-8] [qasync._windows._EventWorker/_windows.py:201]: Exiting thread
2025-06-06 15:08:14,568 [DEBUG] [MainThread] [qasync._windows._IocpProactor/_windows.py:75]: Closing
2025-06-06 15:08:14,866 [INFO] [MainThread] [root/log.py:59]: Yasb v1.7.4
2025-06-06 15:08:14,866 [INFO] [Thread-1 (_run_server)] [cli_server/cli_server.py:212]: CLI server started v1.1.1
2025-06-06 15:08:14,866 [INFO] [MainThread] [cli_server/cli_server.py:104]: Log pipe server started
2025-06-06 15:08:14,963 [DEBUG] [MainThread] [tzlocal/win32.py:55]: Looking up time zone info from registry
2025-06-06 15:08:15,287 [DEBUG] [MainThread] [comtypes/__init__.py:149]: CoInitializeEx(None, 2)
2025-06-06 15:08:15,599 [INFO] [MainThread] [root/watcher.py:55]: Created file watcher for path C:\Users\tamil\.config\yasb
2025-06-06 15:08:15,633 [DEBUG] [MainThread] [qasync._windows._EventPoller/_windows.py:213]: Starting (proactor: <_IocpProactor overlapped#=0 result#=0>)...
2025-06-06 15:08:15,637 [DEBUG] [Dummy-8] [qasync._windows._EventWorker/_windows.py:192]: Thread started
2025-06-06 15:09:11,348 [INFO] [MainThread] [root/controller.py:12]: Reloading Application because of config update...
2025-06-06 15:09:11,457 [INFO] [MainThread] [cli_server/cli_server.py:112]: Log pipe server stopped
2025-06-06 15:09:11,457 [DEBUG] [MainThread] [cli_server/cli_server.py:206]: CLI server stopped
2025-06-06 15:09:11,479 [DEBUG] [MainThread] [qasync._windows._EventPoller/_windows.py:218]: Stopping worker thread...
2025-06-06 15:09:11,504 [DEBUG] [Dummy-8] [qasync._windows._EventWorker/_windows.py:201]: Exiting thread
2025-06-06 15:09:11,506 [DEBUG] [MainThread] [qasync._windows._IocpProactor/_windows.py:75]: Closing
2025-06-06 15:09:11,813 [INFO] [MainThread] [root/log.py:59]: Yasb v1.7.4
2025-06-06 15:09:11,813 [INFO] [Thread-1 (_run_server)] [cli_server/cli_server.py:212]: CLI server started v1.1.1
2025-06-06 15:09:11,813 [INFO] [MainThread] [cli_server/cli_server.py:104]: Log pipe server started
2025-06-06 15:09:11,904 [DEBUG] [MainThread] [tzlocal/win32.py:55]: Looking up time zone info from registry
2025-06-06 15:09:12,226 [DEBUG] [MainThread] [comtypes/__init__.py:149]: CoInitializeEx(None, 2)
2025-06-06 15:09:12,544 [INFO] [MainThread] [root/watcher.py:55]: Created file watcher for path C:\Users\tamil\.config\yasb
2025-06-06 15:09:12,580 [DEBUG] [MainThread] [qasync._windows._EventPoller/_windows.py:213]: Starting (proactor: <_IocpProactor overlapped#=0 result#=0>)...
2025-06-06 15:09:12,582 [DEBUG] [Dummy-8] [qasync._windows._EventWorker/_windows.py:192]: Thread started
2025-06-06 15:09:16,381 [INFO] [MainThread] [root/controller.py:12]: Reloading Application because of config update...
2025-06-06 15:09:16,492 [INFO] [MainThread] [cli_server/cli_server.py:112]: Log pipe server stopped
2025-06-06 15:09:16,492 [DEBUG] [MainThread] [cli_server/cli_server.py:206]: CLI server stopped
2025-06-06 15:09:16,531 [DEBUG] [MainThread] [qasync._windows._EventPoller/_windows.py:218]: Stopping worker thread...
2025-06-06 15:09:16,548 [DEBUG] [Dummy-8] [qasync._windows._EventWorker/_windows.py:201]: Exiting thread
2025-06-06 15:09:16,550 [DEBUG] [MainThread] [qasync._windows._IocpProactor/_windows.py:75]: Closing
2025-06-06 15:09:16,886 [INFO] [MainThread] [root/log.py:59]: Yasb v1.7.4
2025-06-06 15:09:16,888 [INFO] [Thread-1 (_run_server)] [cli_server/cli_server.py:212]: CLI server started v1.1.1
2025-06-06 15:09:16,888 [INFO] [MainThread] [cli_server/cli_server.py:104]: Log pipe server started
2025-06-06 15:09:16,979 [DEBUG] [MainThread] [tzlocal/win32.py:55]: Looking up time zone info from registry
2025-06-06 15:09:17,345 [DEBUG] [MainThread] [comtypes/__init__.py:149]: CoInitializeEx(None, 2)
2025-06-06 15:09:17,655 [INFO] [MainThread] [root/watcher.py:55]: Created file watcher for path C:\Users\tamil\.config\yasb
2025-06-06 15:09:17,695 [DEBUG] [MainThread] [qasync._windows._EventPoller/_windows.py:213]: Starting (proactor: <_IocpProactor overlapped#=0 result#=0>)...
2025-06-06 15:09:17,695 [DEBUG] [Dummy-8] [qasync._windows._EventWorker/_windows.py:192]: Thread started
2025-06-06 15:15:20,339 [ERROR] [MainThread] [root/main.py:90]: Unhandled exception
Traceback (most recent call last):
  File "D:\a\yasb\yasb\src\core\widgets\yasb\media.py", line 524, in _update_interpolated_position
RuntimeError: wrapped C/C++ object of type MediaWidget has been deleted

During handling of the above exception, another exception occurred:

Traceback (most recent call last):
  File "D:\a\yasb\yasb\src\core\utils\win32\media.py", line 384, in _interpolate_timeline
  File "D:\a\yasb\yasb\src\core\widgets\yasb\media.py", line 550, in _update_interpolated_position
RuntimeError: wrapped C/C++ object of type MediaWidget has been deleted
2025-06-06 15:23:56,358 [INFO] [MainThread] [root/log.py:59]: Yasb v1.7.4
2025-06-06 15:23:56,358 [INFO] [Thread-1 (_run_server)] [cli_server/cli_server.py:212]: CLI server started v1.1.1
2025-06-06 15:23:56,358 [INFO] [MainThread] [cli_server/cli_server.py:104]: Log pipe server started
2025-06-06 15:23:56,449 [DEBUG] [MainThread] [tzlocal/win32.py:55]: Looking up time zone info from registry
2025-06-06 15:23:56,793 [DEBUG] [MainThread] [comtypes/__init__.py:149]: CoInitializeEx(None, 2)
2025-06-06 15:23:57,074 [INFO] [MainThread] [root/watcher.py:55]: Created file watcher for path C:\Users\tamil\.config\yasb
2025-06-06 15:23:57,118 [DEBUG] [MainThread] [qasync._windows._EventPoller/_windows.py:213]: Starting (proactor: <_IocpProactor overlapped#=0 result#=0>)...
2025-06-06 15:23:57,119 [DEBUG] [Dummy-8] [qasync._windows._EventWorker/_windows.py:192]: Thread started
2025-06-06 17:26:47,137 [ERROR] [MainThread] [root/wifi.py:145]: Error in wifi widget update: [Errno 11004] getaddrinfo failed
2025-06-06 17:26:47,179 [ERROR] [MainThread] [root/base.py:89]: Failed to execute callback of type 'update_label' with args: []
Traceback (most recent call last):
  File "D:\a\yasb\yasb\src\core\widgets\base.py", line 87, in _run_callback
  File "D:\a\yasb\yasb\src\core\widgets\yasb\wifi.py", line 163, in _update_label
UnboundLocalError: cannot access local variable 'ip_addr' where it is not associated with a value
2025-06-06 18:38:55,109 [INFO] [MainThread] [root/controller.py:12]: Reloading Application from tray...
2025-06-06 18:38:55,225 [INFO] [MainThread] [cli_server/cli_server.py:112]: Log pipe server stopped
2025-06-06 18:38:55,225 [DEBUG] [MainThread] [cli_server/cli_server.py:206]: CLI server stopped
2025-06-06 18:38:55,312 [DEBUG] [MainThread] [qasync._windows._EventPoller/_windows.py:218]: Stopping worker thread...
2025-06-06 18:38:55,331 [DEBUG] [Dummy-8] [qasync._windows._EventWorker/_windows.py:201]: Exiting thread
2025-06-06 18:38:55,331 [DEBUG] [MainThread] [qasync._windows._IocpProactor/_windows.py:75]: Closing
2025-06-06 18:38:55,676 [INFO] [MainThread] [root/log.py:59]: Yasb v1.7.4
2025-06-06 18:38:55,676 [INFO] [Thread-1 (_run_server)] [cli_server/cli_server.py:212]: CLI server started v1.1.1
2025-06-06 18:38:55,677 [INFO] [MainThread] [cli_server/cli_server.py:104]: Log pipe server started
2025-06-06 18:38:55,780 [DEBUG] [MainThread] [tzlocal/win32.py:55]: Looking up time zone info from registry
2025-06-06 18:38:56,209 [DEBUG] [MainThread] [comtypes/__init__.py:149]: CoInitializeEx(None, 2)
2025-06-06 18:38:56,675 [INFO] [MainThread] [root/watcher.py:55]: Created file watcher for path C:\Users\tamil\.config\yasb
2025-06-06 18:38:56,714 [DEBUG] [MainThread] [qasync._windows._EventPoller/_windows.py:213]: Starting (proactor: <_IocpProactor overlapped#=0 result#=0>)...
2025-06-06 18:38:56,716 [DEBUG] [Dummy-8] [qasync._windows._EventWorker/_windows.py:192]: Thread started
2025-06-07 10:25:02,986 [DEBUG] [MainThread] [root/volume.py:330]: Attempting PolicyConfig interface with device: {0.0.0.00000000}.{8b40cfb9-0d38-44c3-82dc-3afd42a93544}
2025-06-07 11:34:12,655 [DEBUG] [MainThread] [root/volume.py:330]: Attempting PolicyConfig interface with device: {0.0.0.00000000}.{9aa9b678-033f-45d2-9a10-e0cd875904ca}
2025-06-07 11:44:18,209 [INFO] [MainThread] [root/log.py:59]: Yasb v1.7.4
2025-06-07 11:44:18,209 [INFO] [Thread-1 (_run_server)] [cli_server/cli_server.py:212]: CLI server started v1.1.1
2025-06-07 11:44:18,225 [INFO] [MainThread] [cli_server/cli_server.py:104]: Log pipe server started
2025-06-07 11:44:18,304 [DEBUG] [MainThread] [tzlocal/win32.py:55]: Looking up time zone info from registry
2025-06-07 11:44:18,722 [DEBUG] [MainThread] [comtypes/__init__.py:149]: CoInitializeEx(None, 2)
2025-06-07 11:44:18,972 [INFO] [MainThread] [root/watcher.py:55]: Created file watcher for path C:\Users\tamil\.config\yasb
2025-06-07 11:44:18,997 [DEBUG] [MainThread] [qasync._windows._EventPoller/_windows.py:213]: Starting (proactor: <_IocpProactor overlapped#=0 result#=0>)...
2025-06-07 11:44:18,997 [DEBUG] [Dummy-8] [qasync._windows._EventWorker/_windows.py:192]: Thread started
2025-06-07 19:46:07,919 [DEBUG] [MainThread] [root/volume.py:330]: Attempting PolicyConfig interface with device: {0.0.0.00000000}.{8b40cfb9-0d38-44c3-82dc-3afd42a93544}
2025-06-07 19:46:54,246 [DEBUG] [MainThread] [root/volume.py:330]: Attempting PolicyConfig interface with device: {0.0.0.00000000}.{9aa9b678-033f-45d2-9a10-e0cd875904ca}
2025-06-07 23:42:56,112 [ERROR] [MainThread] [root/wifi.py:145]: Error in wifi widget update: [Errno 11004] getaddrinfo failed
2025-06-07 23:42:56,115 [ERROR] [MainThread] [root/base.py:89]: Failed to execute callback of type 'update_label' with args: []
Traceback (most recent call last):
  File "D:\a\yasb\yasb\src\core\widgets\base.py", line 87, in _run_callback
  File "D:\a\yasb\yasb\src\core\widgets\yasb\wifi.py", line 163, in _update_label
UnboundLocalError: cannot access local variable 'ip_addr' where it is not associated with a value
2025-06-08 12:19:19,241 [DEBUG] [MainThread] [root/volume.py:330]: Attempting PolicyConfig interface with device: {0.0.0.00000000}.{33b88327-36b5-4489-a138-ac33d71d413a}
2025-06-08 12:19:29,052 [DEBUG] [MainThread] [root/volume.py:330]: Attempting PolicyConfig interface with device: {0.0.0.00000000}.{8b40cfb9-0d38-44c3-82dc-3afd42a93544}
2025-06-08 12:19:32,675 [DEBUG] [MainThread] [root/volume.py:330]: Attempting PolicyConfig interface with device: {0.0.0.00000000}.{33b88327-36b5-4489-a138-ac33d71d413a}
2025-06-08 13:05:57,149 [ERROR] [MainThread] [root/wifi.py:145]: Error in wifi widget update: [Errno 11004] getaddrinfo failed
2025-06-08 13:05:57,153 [ERROR] [MainThread] [root/base.py:89]: Failed to execute callback of type 'update_label' with args: []
Traceback (most recent call last):
  File "D:\a\yasb\yasb\src\core\widgets\base.py", line 87, in _run_callback
  File "D:\a\yasb\yasb\src\core\widgets\yasb\wifi.py", line 163, in _update_label
UnboundLocalError: cannot access local variable 'ip_addr' where it is not associated with a value
2025-06-08 14:35:13,761 [ERROR] [MainThread] [root/wifi.py:145]: Error in wifi widget update: [Errno 11004] getaddrinfo failed
2025-06-08 14:35:13,763 [ERROR] [MainThread] [root/base.py:89]: Failed to execute callback of type 'update_label' with args: []
Traceback (most recent call last):
  File "D:\a\yasb\yasb\src\core\widgets\base.py", line 87, in _run_callback
  File "D:\a\yasb\yasb\src\core\widgets\yasb\wifi.py", line 163, in _update_label
UnboundLocalError: cannot access local variable 'ip_addr' where it is not associated with a value
2025-06-08 18:37:44,238 [ERROR] [MainThread] [root/wifi.py:145]: Error in wifi widget update: [Errno 11004] getaddrinfo failed
2025-06-08 18:37:44,239 [ERROR] [MainThread] [root/base.py:89]: Failed to execute callback of type 'update_label' with args: []
Traceback (most recent call last):
  File "D:\a\yasb\yasb\src\core\widgets\base.py", line 87, in _run_callback
  File "D:\a\yasb\yasb\src\core\widgets\yasb\wifi.py", line 163, in _update_label
UnboundLocalError: cannot access local variable 'ip_addr' where it is not associated with a value
2025-06-09 18:40:13,410 [ERROR] [MainThread] [root/wifi.py:145]: Error in wifi widget update: [Errno 11004] getaddrinfo failed
2025-06-09 18:40:13,419 [ERROR] [MainThread] [root/base.py:89]: Failed to execute callback of type 'update_label' with args: []
Traceback (most recent call last):
  File "D:\a\yasb\yasb\src\core\widgets\base.py", line 87, in _run_callback
  File "D:\a\yasb\yasb\src\core\widgets\yasb\wifi.py", line 163, in _update_label
UnboundLocalError: cannot access local variable 'ip_addr' where it is not associated with a value
2025-06-09 20:32:35,309 [ERROR] [MainThread] [root/wifi.py:145]: Error in wifi widget update: [Errno 11004] getaddrinfo failed
2025-06-09 20:32:35,310 [ERROR] [MainThread] [root/base.py:89]: Failed to execute callback of type 'update_label' with args: []
Traceback (most recent call last):
  File "D:\a\yasb\yasb\src\core\widgets\base.py", line 87, in _run_callback
  File "D:\a\yasb\yasb\src\core\widgets\yasb\wifi.py", line 163, in _update_label
UnboundLocalError: cannot access local variable 'ip_addr' where it is not associated with a value
2025-06-10 13:49:47,367 [INFO] [MainThread] [root/log.py:59]: Yasb v1.7.4
2025-06-10 13:49:47,369 [INFO] [Thread-1 (_run_server)] [cli_server/cli_server.py:212]: CLI server started v1.1.1
2025-06-10 13:49:47,369 [INFO] [MainThread] [cli_server/cli_server.py:104]: Log pipe server started
2025-06-10 13:49:47,458 [DEBUG] [MainThread] [tzlocal/win32.py:55]: Looking up time zone info from registry
2025-06-10 13:49:47,859 [DEBUG] [MainThread] [comtypes/__init__.py:149]: CoInitializeEx(None, 2)
2025-06-10 13:49:48,140 [INFO] [MainThread] [root/watcher.py:55]: Created file watcher for path C:\Users\tamil\.config\yasb
2025-06-10 13:49:48,179 [DEBUG] [MainThread] [qasync._windows._EventPoller/_windows.py:213]: Starting (proactor: <_IocpProactor overlapped#=0 result#=0>)...
2025-06-10 13:49:48,179 [DEBUG] [Dummy-8] [qasync._windows._EventWorker/_windows.py:192]: Thread started
2025-06-10 15:13:56,713 [ERROR] [MainThread] [root/wifi.py:145]: Error in wifi widget update: [Errno 11004] getaddrinfo failed
2025-06-10 15:13:56,725 [ERROR] [MainThread] [root/base.py:89]: Failed to execute callback of type 'update_label' with args: []
Traceback (most recent call last):
  File "D:\a\yasb\yasb\src\core\widgets\base.py", line 87, in _run_callback
  File "D:\a\yasb\yasb\src\core\widgets\yasb\wifi.py", line 163, in _update_label
UnboundLocalError: cannot access local variable 'ip_addr' where it is not associated with a value
2025-06-10 16:21:37,900 [ERROR] [MainThread] [root/wifi.py:145]: Error in wifi widget update: [Errno 11004] getaddrinfo failed
2025-06-10 16:21:37,900 [ERROR] [MainThread] [root/base.py:89]: Failed to execute callback of type 'update_label' with args: []
Traceback (most recent call last):
  File "D:\a\yasb\yasb\src\core\widgets\base.py", line 87, in _run_callback
  File "D:\a\yasb\yasb\src\core\widgets\yasb\wifi.py", line 163, in _update_label
UnboundLocalError: cannot access local variable 'ip_addr' where it is not associated with a value
2025-06-10 18:01:05,876 [ERROR] [MainThread] [root/wifi.py:145]: Error in wifi widget update: [Errno 11004] getaddrinfo failed
2025-06-10 18:01:05,878 [ERROR] [MainThread] [root/base.py:89]: Failed to execute callback of type 'update_label' with args: []
Traceback (most recent call last):
  File "D:\a\yasb\yasb\src\core\widgets\base.py", line 87, in _run_callback
  File "D:\a\yasb\yasb\src\core\widgets\yasb\wifi.py", line 163, in _update_label
UnboundLocalError: cannot access local variable 'ip_addr' where it is not associated with a value
2025-06-10 18:58:24,714 [ERROR] [MainThread] [root/wifi.py:145]: Error in wifi widget update: [Errno 11004] getaddrinfo failed
2025-06-10 18:58:24,715 [ERROR] [MainThread] [root/base.py:89]: Failed to execute callback of type 'update_label' with args: []
Traceback (most recent call last):
  File "D:\a\yasb\yasb\src\core\widgets\base.py", line 87, in _run_callback
  File "D:\a\yasb\yasb\src\core\widgets\yasb\wifi.py", line 163, in _update_label
UnboundLocalError: cannot access local variable 'ip_addr' where it is not associated with a value
2025-06-11 13:48:05,981 [DEBUG] [MainThread] [root/volume.py:330]: Attempting PolicyConfig interface with device: {0.0.0.00000000}.{33b88327-36b5-4489-a138-ac33d71d413a}
2025-06-11 15:59:57,792 [ERROR] [MainThread] [root/wifi.py:145]: Error in wifi widget update: [Errno 11004] getaddrinfo failed
2025-06-11 15:59:57,795 [ERROR] [MainThread] [root/base.py:89]: Failed to execute callback of type 'update_label' with args: []
Traceback (most recent call last):
  File "D:\a\yasb\yasb\src\core\widgets\base.py", line 87, in _run_callback
  File "D:\a\yasb\yasb\src\core\widgets\yasb\wifi.py", line 163, in _update_label
UnboundLocalError: cannot access local variable 'ip_addr' where it is not associated with a value
2025-06-11 17:14:40,990 [ERROR] [MainThread] [root/wifi.py:145]: Error in wifi widget update: [Errno 11004] getaddrinfo failed
2025-06-11 17:14:40,991 [ERROR] [MainThread] [root/base.py:89]: Failed to execute callback of type 'update_label' with args: []
Traceback (most recent call last):
  File "D:\a\yasb\yasb\src\core\widgets\base.py", line 87, in _run_callback
  File "D:\a\yasb\yasb\src\core\widgets\yasb\wifi.py", line 163, in _update_label
UnboundLocalError: cannot access local variable 'ip_addr' where it is not associated with a value
2025-06-11 18:53:33,460 [ERROR] [MainThread] [root/wifi.py:145]: Error in wifi widget update: [Errno 11004] getaddrinfo failed
2025-06-11 18:53:33,461 [ERROR] [MainThread] [root/base.py:89]: Failed to execute callback of type 'update_label' with args: []
Traceback (most recent call last):
  File "D:\a\yasb\yasb\src\core\widgets\base.py", line 87, in _run_callback
  File "D:\a\yasb\yasb\src\core\widgets\yasb\wifi.py", line 163, in _update_label
UnboundLocalError: cannot access local variable 'ip_addr' where it is not associated with a value
2025-06-12 11:46:20,248 [INFO] [MainThread] [root/log.py:59]: Yasb v1.7.4
2025-06-12 11:46:20,248 [INFO] [Thread-1 (_run_server)] [cli_server/cli_server.py:212]: CLI server started v1.1.1
2025-06-12 11:46:20,248 [INFO] [MainThread] [cli_server/cli_server.py:104]: Log pipe server started
2025-06-12 11:46:20,332 [DEBUG] [MainThread] [tzlocal/win32.py:55]: Looking up time zone info from registry
2025-06-12 11:46:20,989 [DEBUG] [MainThread] [comtypes/__init__.py:149]: CoInitializeEx(None, 2)
2025-06-12 11:46:21,364 [INFO] [MainThread] [root/watcher.py:55]: Created file watcher for path C:\Users\tamil\.config\yasb
2025-06-12 11:46:21,406 [DEBUG] [MainThread] [qasync._windows._EventPoller/_windows.py:213]: Starting (proactor: <_IocpProactor overlapped#=0 result#=0>)...
2025-06-12 11:46:21,407 [DEBUG] [Dummy-8] [qasync._windows._EventWorker/_windows.py:192]: Thread started
2025-06-12 19:03:18,618 [INFO] [MainThread] [root/log.py:59]: Yasb v1.7.4
2025-06-12 19:03:18,620 [INFO] [Thread-1 (_run_server)] [cli_server/cli_server.py:212]: CLI server started v1.1.1
2025-06-12 19:03:18,620 [INFO] [MainThread] [cli_server/cli_server.py:104]: Log pipe server started
2025-06-12 19:03:18,704 [DEBUG] [MainThread] [tzlocal/win32.py:55]: Looking up time zone info from registry
2025-06-12 19:03:20,474 [DEBUG] [MainThread] [comtypes/__init__.py:149]: CoInitializeEx(None, 2)
2025-06-12 19:03:20,881 [INFO] [MainThread] [root/watcher.py:55]: Created file watcher for path C:\Users\tamil\.config\yasb
2025-06-12 19:03:20,928 [DEBUG] [MainThread] [qasync._windows._EventPoller/_windows.py:213]: Starting (proactor: <_IocpProactor overlapped#=0 result#=0>)...
2025-06-12 19:03:20,929 [DEBUG] [Dummy-8] [qasync._windows._EventWorker/_windows.py:192]: Thread started
2025-06-12 22:28:32,297 [ERROR] [MainThread] [root/wifi.py:145]: Error in wifi widget update: [Errno 11004] getaddrinfo failed
2025-06-12 22:28:32,310 [ERROR] [MainThread] [root/base.py:89]: Failed to execute callback of type 'update_label' with args: []
Traceback (most recent call last):
  File "D:\a\yasb\yasb\src\core\widgets\base.py", line 87, in _run_callback
  File "D:\a\yasb\yasb\src\core\widgets\yasb\wifi.py", line 163, in _update_label
UnboundLocalError: cannot access local variable 'ip_addr' where it is not associated with a value
2025-06-13 14:17:41,168 [INFO] [MainThread] [root/log.py:59]: Yasb v1.7.4
2025-06-13 14:17:41,184 [INFO] [Thread-1 (_run_server)] [cli_server/cli_server.py:212]: CLI server started v1.1.1
2025-06-13 14:17:41,184 [INFO] [MainThread] [cli_server/cli_server.py:104]: Log pipe server started
2025-06-13 14:17:41,296 [DEBUG] [MainThread] [tzlocal/win32.py:55]: Looking up time zone info from registry
2025-06-13 14:17:41,789 [DEBUG] [MainThread] [comtypes/__init__.py:149]: CoInitializeEx(None, 2)
2025-06-13 14:17:42,197 [INFO] [MainThread] [root/watcher.py:55]: Created file watcher for path C:\Users\tamil\.config\yasb
2025-06-13 14:17:42,229 [DEBUG] [MainThread] [qasync._windows._EventPoller/_windows.py:213]: Starting (proactor: <_IocpProactor overlapped#=0 result#=0>)...
2025-06-13 14:17:42,245 [DEBUG] [Dummy-8] [qasync._windows._EventWorker/_windows.py:192]: Thread started
2025-06-13 16:07:32,006 [INFO] [MainThread] [root/log.py:59]: Yasb v1.7.4
2025-06-13 16:07:32,006 [INFO] [Thread-1 (_run_server)] [cli_server/cli_server.py:212]: CLI server started v1.1.1
2025-06-13 16:07:32,006 [INFO] [MainThread] [cli_server/cli_server.py:104]: Log pipe server started
2025-06-13 16:07:32,092 [DEBUG] [MainThread] [tzlocal/win32.py:55]: Looking up time zone info from registry
2025-06-13 16:07:32,527 [DEBUG] [MainThread] [comtypes/__init__.py:149]: CoInitializeEx(None, 2)
2025-06-13 16:07:32,886 [INFO] [MainThread] [root/watcher.py:55]: Created file watcher for path C:\Users\tamil\.config\yasb
2025-06-13 16:07:32,929 [DEBUG] [MainThread] [qasync._windows._EventPoller/_windows.py:213]: Starting (proactor: <_IocpProactor overlapped#=0 result#=0>)...
2025-06-13 16:07:32,929 [DEBUG] [Dummy-8] [qasync._windows._EventWorker/_windows.py:192]: Thread started
2025-06-13 18:35:51,084 [ERROR] [MainThread] [root/wifi.py:145]: Error in wifi widget update: [Errno 11004] getaddrinfo failed
2025-06-13 18:35:51,087 [ERROR] [MainThread] [root/base.py:89]: Failed to execute callback of type 'update_label' with args: []
Traceback (most recent call last):
  File "D:\a\yasb\yasb\src\core\widgets\base.py", line 87, in _run_callback
  File "D:\a\yasb\yasb\src\core\widgets\yasb\wifi.py", line 163, in _update_label
UnboundLocalError: cannot access local variable 'ip_addr' where it is not associated with a value
2025-06-13 20:17:21,432 [ERROR] [MainThread] [root/wifi.py:145]: Error in wifi widget update: [Errno 11004] getaddrinfo failed
2025-06-13 20:17:21,435 [ERROR] [MainThread] [root/base.py:89]: Failed to execute callback of type 'update_label' with args: []
Traceback (most recent call last):
  File "D:\a\yasb\yasb\src\core\widgets\base.py", line 87, in _run_callback
  File "D:\a\yasb\yasb\src\core\widgets\yasb\wifi.py", line 163, in _update_label
UnboundLocalError: cannot access local variable 'ip_addr' where it is not associated with a value
2025-06-13 22:45:42,855 [ERROR] [MainThread] [root/wifi.py:145]: Error in wifi widget update: [Errno 11004] getaddrinfo failed
2025-06-13 22:45:42,859 [ERROR] [MainThread] [root/base.py:89]: Failed to execute callback of type 'update_label' with args: []
Traceback (most recent call last):
  File "D:\a\yasb\yasb\src\core\widgets\base.py", line 87, in _run_callback
  File "D:\a\yasb\yasb\src\core\widgets\yasb\wifi.py", line 163, in _update_label
UnboundLocalError: cannot access local variable 'ip_addr' where it is not associated with a value
2025-06-22 10:29:18,825 [INFO] [MainThread] [root/log.py:59]: Yasb v1.7.4
2025-06-22 10:29:18,825 [INFO] [Thread-1 (_run_server)] [cli_server/cli_server.py:212]: CLI server started v1.1.1
2025-06-22 10:29:18,825 [INFO] [MainThread] [cli_server/cli_server.py:104]: Log pipe server started
2025-06-22 10:29:18,940 [DEBUG] [MainThread] [tzlocal/win32.py:55]: Looking up time zone info from registry
2025-06-22 10:29:25,450 [DEBUG] [MainThread] [comtypes/__init__.py:149]: CoInitializeEx(None, 2)
2025-06-22 10:29:25,872 [INFO] [MainThread] [root/watcher.py:55]: Created file watcher for path C:\Users\tamil\.config\yasb
2025-06-22 10:29:25,922 [DEBUG] [MainThread] [qasync._windows._EventPoller/_windows.py:213]: Starting (proactor: <_IocpProactor overlapped#=0 result#=0>)...
2025-06-22 10:29:25,924 [DEBUG] [Dummy-8] [qasync._windows._EventWorker/_windows.py:192]: Thread started
2025-06-22 15:56:55,079 [ERROR] [Dummy-9] [core.utils.win32.media/media.py:262]: MediaCallback: Error occurred whilst fetching media properties and thumbnail: [WinError -2147024875] The device is not ready
2025-06-22 15:58:29,522 [ERROR] [Dummy-10] [core.utils.win32.media/media.py:262]: MediaCallback: Error occurred whilst fetching media properties and thumbnail: [WinError -2147024875] The device is not ready
2025-06-22 16:38:29,452 [ERROR] [Dummy-11] [core.utils.win32.media/media.py:262]: MediaCallback: Error occurred whilst fetching media properties and thumbnail: [WinError -2147024875] The device is not ready
2025-06-22 16:43:53,838 [ERROR] [Dummy-12] [core.utils.win32.media/media.py:262]: MediaCallback: Error occurred whilst fetching media properties and thumbnail: [WinError -2147024875] The device is not ready
2025-06-22 16:45:29,835 [ERROR] [Dummy-12] [core.utils.win32.media/media.py:262]: MediaCallback: Error occurred whilst fetching media properties and thumbnail: [WinError -2147024875] The device is not ready
2025-06-22 18:33:32,150 [ERROR] [Dummy-15] [core.utils.win32.media/media.py:262]: MediaCallback: Error occurred whilst fetching media properties and thumbnail: [WinError -2147024875] The device is not ready
2025-06-22 19:39:11,616 [ERROR] [MainThread] [root/wifi.py:145]: Error in wifi widget update: [Errno 11004] getaddrinfo failed
2025-06-22 19:39:11,646 [ERROR] [MainThread] [root/base.py:89]: Failed to execute callback of type 'update_label' with args: []
Traceback (most recent call last):
  File "D:\a\yasb\yasb\src\core\widgets\base.py", line 87, in _run_callback
  File "D:\a\yasb\yasb\src\core\widgets\yasb\wifi.py", line 163, in _update_label
UnboundLocalError: cannot access local variable 'ip_addr' where it is not associated with a value
2025-06-23 09:59:36,069 [ERROR] [MainThread] [root/wifi.py:145]: Error in wifi widget update: [Errno 11004] getaddrinfo failed
2025-06-23 09:59:36,069 [ERROR] [MainThread] [root/base.py:89]: Failed to execute callback of type 'update_label' with args: []
Traceback (most recent call last):
  File "D:\a\yasb\yasb\src\core\widgets\base.py", line 87, in _run_callback
  File "D:\a\yasb\yasb\src\core\widgets\yasb\wifi.py", line 163, in _update_label
UnboundLocalError: cannot access local variable 'ip_addr' where it is not associated with a value
2025-06-23 12:24:03,530 [ERROR] [Dummy-17] [core.utils.win32.media/media.py:262]: MediaCallback: Error occurred whilst fetching media properties and thumbnail: [WinError -2147024875] The device is not ready
2025-06-23 12:24:25,457 [ERROR] [Dummy-18] [core.utils.win32.media/media.py:262]: MediaCallback: Error occurred whilst fetching media properties and thumbnail: [WinError -2147024875] The device is not ready
2025-06-23 13:15:01,278 [ERROR] [Dummy-20] [core.utils.win32.media/media.py:262]: MediaCallback: Error occurred whilst fetching media properties and thumbnail: [WinError -2147024875] The device is not ready
2025-06-23 13:15:48,747 [ERROR] [Dummy-21] [core.utils.win32.media/media.py:262]: MediaCallback: Error occurred whilst fetching media properties and thumbnail: [WinError -2147024875] The device is not ready
2025-06-23 13:19:17,238 [ERROR] [Dummy-22] [core.utils.win32.media/media.py:262]: MediaCallback: Error occurred whilst fetching media properties and thumbnail: [WinError -2147024875] The device is not ready
2025-06-23 15:36:52,797 [ERROR] [Dummy-24] [core.utils.win32.media/media.py:262]: MediaCallback: Error occurred whilst fetching media properties and thumbnail: [WinError -2147024875] The device is not ready
2025-06-24 13:41:32,989 [ERROR] [Dummy-25] [core.utils.win32.media/media.py:262]: MediaCallback: Error occurred whilst fetching media properties and thumbnail: [WinError -2147286928] There is insufficient disk space to complete operation
2025-06-24 18:51:29,533 [ERROR] [MainThread] [root/wifi.py:145]: Error in wifi widget update: [Errno 11004] getaddrinfo failed
2025-06-24 18:51:29,537 [ERROR] [MainThread] [root/base.py:89]: Failed to execute callback of type 'update_label' with args: []
Traceback (most recent call last):
  File "D:\a\yasb\yasb\src\core\widgets\base.py", line 87, in _run_callback
  File "D:\a\yasb\yasb\src\core\widgets\yasb\wifi.py", line 163, in _update_label
UnboundLocalError: cannot access local variable 'ip_addr' where it is not associated with a value
2025-06-25 01:55:53,547 [INFO] [MainThread] [root/log.py:59]: Yasb v1.7.4
2025-06-25 01:55:53,548 [INFO] [Thread-1 (_run_server)] [cli_server/cli_server.py:212]: CLI server started v1.1.1
2025-06-25 01:55:53,549 [INFO] [MainThread] [cli_server/cli_server.py:104]: Log pipe server started
2025-06-25 01:55:53,808 [DEBUG] [MainThread] [tzlocal/win32.py:55]: Looking up time zone info from registry
2025-06-25 01:55:54,706 [DEBUG] [MainThread] [comtypes/__init__.py:149]: CoInitializeEx(None, 2)
2025-06-25 01:55:55,303 [INFO] [MainThread] [root/watcher.py:55]: Created file watcher for path C:\Users\tamil\.config\yasb
2025-06-25 01:55:55,345 [DEBUG] [MainThread] [qasync._windows._EventPoller/_windows.py:213]: Starting (proactor: <_IocpProactor overlapped#=0 result#=0>)...
2025-06-25 01:55:55,346 [DEBUG] [Dummy-8] [qasync._windows._EventWorker/_windows.py:192]: Thread started
2025-06-27 05:48:48,957 [ERROR] [MainThread] [root/wifi.py:145]: Error in wifi widget update: [Errno 11004] getaddrinfo failed
2025-06-27 05:48:48,977 [ERROR] [MainThread] [root/base.py:89]: Failed to execute callback of type 'update_label' with args: []
Traceback (most recent call last):
  File "D:\a\yasb\yasb\src\core\widgets\base.py", line 87, in _run_callback
  File "D:\a\yasb\yasb\src\core\widgets\yasb\wifi.py", line 163, in _update_label
UnboundLocalError: cannot access local variable 'ip_addr' where it is not associated with a value
2025-06-27 06:23:58,576 [ERROR] [MainThread] [root/wifi.py:145]: Error in wifi widget update: [Errno 11004] getaddrinfo failed
2025-06-27 06:23:58,576 [ERROR] [MainThread] [root/base.py:89]: Failed to execute callback of type 'update_label' with args: []
Traceback (most recent call last):
  File "D:\a\yasb\yasb\src\core\widgets\base.py", line 87, in _run_callback
  File "D:\a\yasb\yasb\src\core\widgets\yasb\wifi.py", line 163, in _update_label
UnboundLocalError: cannot access local variable 'ip_addr' where it is not associated with a value
2025-06-29 20:03:47,538 [ERROR] [MainThread] [root/wifi.py:145]: Error in wifi widget update: [Errno 11004] getaddrinfo failed
2025-06-29 20:03:47,540 [ERROR] [MainThread] [root/base.py:89]: Failed to execute callback of type 'update_label' with args: []
Traceback (most recent call last):
  File "D:\a\yasb\yasb\src\core\widgets\base.py", line 87, in _run_callback
  File "D:\a\yasb\yasb\src\core\widgets\yasb\wifi.py", line 163, in _update_label
UnboundLocalError: cannot access local variable 'ip_addr' where it is not associated with a value
2025-07-03 14:43:00,794 [ERROR] [MainThread] [root/wifi.py:145]: Error in wifi widget update: [Errno 11004] getaddrinfo failed
2025-07-03 14:43:00,814 [ERROR] [MainThread] [root/base.py:89]: Failed to execute callback of type 'update_label' with args: []
Traceback (most recent call last):
  File "D:\a\yasb\yasb\src\core\widgets\base.py", line 87, in _run_callback
  File "D:\a\yasb\yasb\src\core\widgets\yasb\wifi.py", line 163, in _update_label
UnboundLocalError: cannot access local variable 'ip_addr' where it is not associated with a value
2025-07-03 16:40:20,900 [DEBUG] [MainThread] [root/volume.py:330]: Attempting PolicyConfig interface with device: {0.0.0.00000000}.{932b2482-9970-4ea1-ac6f-f0d956db05cd}
2025-07-03 23:40:29,873 [ERROR] [MainThread] [root/wifi.py:145]: Error in wifi widget update: [Errno 11004] getaddrinfo failed
2025-07-03 23:40:29,883 [ERROR] [MainThread] [root/base.py:89]: Failed to execute callback of type 'update_label' with args: []
Traceback (most recent call last):
  File "D:\a\yasb\yasb\src\core\widgets\base.py", line 87, in _run_callback
  File "D:\a\yasb\yasb\src\core\widgets\yasb\wifi.py", line 163, in _update_label
UnboundLocalError: cannot access local variable 'ip_addr' where it is not associated with a value
2025-07-04 11:30:44,169 [INFO] [MainThread] [root/log.py:59]: Yasb v1.7.4
2025-07-04 11:30:44,171 [INFO] [Thread-1 (_run_server)] [cli_server/cli_server.py:212]: CLI server started v1.1.1
2025-07-04 11:30:44,171 [INFO] [MainThread] [cli_server/cli_server.py:104]: Log pipe server started
2025-07-04 11:30:44,319 [DEBUG] [MainThread] [tzlocal/win32.py:55]: Looking up time zone info from registry
2025-07-04 11:30:45,881 [DEBUG] [MainThread] [comtypes/__init__.py:149]: CoInitializeEx(None, 2)
2025-07-04 11:30:46,302 [INFO] [MainThread] [root/watcher.py:55]: Created file watcher for path C:\Users\tamil\.config\yasb
2025-07-04 11:30:46,352 [DEBUG] [MainThread] [qasync._windows._EventPoller/_windows.py:213]: Starting (proactor: <_IocpProactor overlapped#=0 result#=0>)...
2025-07-04 11:30:46,352 [DEBUG] [Dummy-7] [qasync._windows._EventWorker/_windows.py:192]: Thread started
2025-07-04 13:18:57,664 [DEBUG] [MainThread] [root/volume.py:330]: Attempting PolicyConfig interface with device: {0.0.0.00000000}.{a9b39a05-3eef-4180-8316-1e447a42a81e}
2025-07-04 13:30:23,185 [DEBUG] [MainThread] [root/volume.py:330]: Attempting PolicyConfig interface with device: {0.0.0.00000000}.{932b2482-9970-4ea1-ac6f-f0d956db05cd}
2025-07-04 15:11:23,581 [DEBUG] [MainThread] [root/volume.py:330]: Attempting PolicyConfig interface with device: {0.0.0.00000000}.{a9b39a05-3eef-4180-8316-1e447a42a81e}
2025-07-04 16:26:00,213 [DEBUG] [MainThread] [root/volume.py:330]: Attempting PolicyConfig interface with device: {0.0.0.00000000}.{932b2482-9970-4ea1-ac6f-f0d956db05cd}
2025-07-04 16:26:08,801 [DEBUG] [MainThread] [root/volume.py:330]: Attempting PolicyConfig interface with device: {0.0.0.00000000}.{932b2482-9970-4ea1-ac6f-f0d956db05cd}
2025-07-04 21:01:32,942 [ERROR] [MainThread] [root/wifi.py:145]: Error in wifi widget update: [Errno 11004] getaddrinfo failed
2025-07-04 21:01:32,946 [ERROR] [MainThread] [root/base.py:89]: Failed to execute callback of type 'update_label' with args: []
Traceback (most recent call last):
  File "D:\a\yasb\yasb\src\core\widgets\base.py", line 87, in _run_callback
  File "D:\a\yasb\yasb\src\core\widgets\yasb\wifi.py", line 163, in _update_label
UnboundLocalError: cannot access local variable 'ip_addr' where it is not associated with a value
2025-07-05 19:38:06,998 [ERROR] [Dummy-9] [core.utils.win32.media/media.py:262]: MediaCallback: Error occurred whilst fetching media properties and thumbnail: [WinError -2147024875] The device is not ready
2025-07-05 19:45:58,499 [INFO] [MainThread] [root/log.py:59]: Yasb v1.7.4
2025-07-05 19:45:58,502 [INFO] [Thread-1 (_run_server)] [cli_server/cli_server.py:212]: CLI server started v1.1.1
2025-07-05 19:45:58,502 [INFO] [MainThread] [cli_server/cli_server.py:104]: Log pipe server started
2025-07-05 19:45:58,632 [DEBUG] [MainThread] [tzlocal/win32.py:55]: Looking up time zone info from registry
2025-07-05 19:45:59,074 [DEBUG] [MainThread] [comtypes/__init__.py:149]: CoInitializeEx(None, 2)
2025-07-05 19:45:59,494 [INFO] [MainThread] [root/watcher.py:55]: Created file watcher for path C:\Users\tamil\.config\yasb
2025-07-05 19:45:59,545 [DEBUG] [MainThread] [qasync._windows._EventPoller/_windows.py:213]: Starting (proactor: <_IocpProactor overlapped#=0 result#=0>)...
2025-07-05 19:45:59,546 [DEBUG] [Dummy-7] [qasync._windows._EventWorker/_windows.py:192]: Thread started
2025-07-05 20:21:40,899 [INFO] [MainThread] [root/log.py:59]: Yasb v1.7.4
2025-07-05 20:21:40,901 [INFO] [Thread-1 (_run_server)] [cli_server/cli_server.py:212]: CLI server started v1.1.1
2025-07-05 20:21:40,901 [INFO] [MainThread] [cli_server/cli_server.py:104]: Log pipe server started
2025-07-05 20:21:41,041 [DEBUG] [MainThread] [tzlocal/win32.py:55]: Looking up time zone info from registry
2025-07-05 20:21:41,549 [DEBUG] [MainThread] [comtypes/__init__.py:149]: CoInitializeEx(None, 2)
2025-07-05 20:21:41,997 [INFO] [MainThread] [root/watcher.py:55]: Created file watcher for path C:\Users\tamil\.config\yasb
2025-07-05 20:21:42,051 [DEBUG] [MainThread] [qasync._windows._EventPoller/_windows.py:213]: Starting (proactor: <_IocpProactor overlapped#=0 result#=0>)...
2025-07-05 20:21:42,053 [DEBUG] [Dummy-7] [qasync._windows._EventWorker/_windows.py:192]: Thread started
2025-07-05 22:36:44,381 [ERROR] [MainThread] [root/wifi.py:145]: Error in wifi widget update: [Errno 11004] getaddrinfo failed
2025-07-05 22:36:44,384 [ERROR] [MainThread] [root/base.py:89]: Failed to execute callback of type 'update_label' with args: []
Traceback (most recent call last):
  File "D:\a\yasb\yasb\src\core\widgets\base.py", line 87, in _run_callback
  File "D:\a\yasb\yasb\src\core\widgets\yasb\wifi.py", line 163, in _update_label
UnboundLocalError: cannot access local variable 'ip_addr' where it is not associated with a value
2025-07-06 09:29:18,318 [ERROR] [MainThread] [root/wifi.py:145]: Error in wifi widget update: [Errno 11004] getaddrinfo failed
2025-07-06 09:29:18,318 [ERROR] [MainThread] [root/base.py:89]: Failed to execute callback of type 'update_label' with args: []
Traceback (most recent call last):
  File "D:\a\yasb\yasb\src\core\widgets\base.py", line 87, in _run_callback
  File "D:\a\yasb\yasb\src\core\widgets\yasb\wifi.py", line 163, in _update_label
UnboundLocalError: cannot access local variable 'ip_addr' where it is not associated with a value
2025-07-06 10:21:20,562 [ERROR] [MainThread] [root/wifi.py:145]: Error in wifi widget update: [Errno 11004] getaddrinfo failed
2025-07-06 10:21:20,562 [ERROR] [MainThread] [root/base.py:89]: Failed to execute callback of type 'update_label' with args: []
Traceback (most recent call last):
  File "D:\a\yasb\yasb\src\core\widgets\base.py", line 87, in _run_callback
  File "D:\a\yasb\yasb\src\core\widgets\yasb\wifi.py", line 163, in _update_label
UnboundLocalError: cannot access local variable 'ip_addr' where it is not associated with a value
2025-07-06 10:43:01,306 [INFO] [MainThread] [root/log.py:59]: Yasb v1.7.4
2025-07-06 10:43:01,306 [INFO] [Thread-1 (_run_server)] [cli_server/cli_server.py:212]: CLI server started v1.1.1
2025-07-06 10:43:01,306 [INFO] [MainThread] [cli_server/cli_server.py:104]: Log pipe server started
2025-07-06 10:43:01,466 [DEBUG] [MainThread] [tzlocal/win32.py:55]: Looking up time zone info from registry
2025-07-06 10:43:02,056 [DEBUG] [MainThread] [comtypes/__init__.py:149]: CoInitializeEx(None, 2)
2025-07-06 10:43:02,558 [INFO] [MainThread] [root/watcher.py:55]: Created file watcher for path C:\Users\tamil\.config\yasb
2025-07-06 10:43:02,615 [DEBUG] [MainThread] [qasync._windows._EventPoller/_windows.py:213]: Starting (proactor: <_IocpProactor overlapped#=0 result#=0>)...
2025-07-06 10:43:02,615 [DEBUG] [Dummy-10] [qasync._windows._EventWorker/_windows.py:192]: Thread started
2025-07-06 10:45:15,608 [INFO] [MainThread] [root/log.py:59]: Yasb v1.7.4
2025-07-06 10:45:15,609 [INFO] [Thread-1 (_run_server)] [cli_server/cli_server.py:212]: CLI server started v1.1.1
2025-07-06 10:45:15,609 [INFO] [MainThread] [cli_server/cli_server.py:104]: Log pipe server started
2025-07-06 10:45:15,758 [DEBUG] [MainThread] [tzlocal/win32.py:55]: Looking up time zone info from registry
2025-07-06 10:45:16,259 [DEBUG] [MainThread] [comtypes/__init__.py:149]: CoInitializeEx(None, 2)
2025-07-06 10:45:16,664 [INFO] [MainThread] [root/watcher.py:55]: Created file watcher for path C:\Users\tamil\.config\yasb
2025-07-06 10:45:16,717 [DEBUG] [MainThread] [qasync._windows._EventPoller/_windows.py:213]: Starting (proactor: <_IocpProactor overlapped#=0 result#=0>)...
2025-07-06 10:45:16,718 [DEBUG] [Dummy-10] [qasync._windows._EventWorker/_windows.py:192]: Thread started
2025-07-07 13:10:28,945 [INFO] [MainThread] [root/controller.py:12]: Reloading Application because of config update...
2025-07-07 13:10:29,051 [INFO] [MainThread] [cli_server/cli_server.py:112]: Log pipe server stopped
2025-07-07 13:10:29,051 [DEBUG] [MainThread] [cli_server/cli_server.py:206]: CLI server stopped
2025-07-07 13:10:29,084 [DEBUG] [MainThread] [qasync._windows._EventPoller/_windows.py:218]: Stopping worker thread...
2025-07-07 13:10:29,098 [DEBUG] [Dummy-10] [qasync._windows._EventWorker/_windows.py:201]: Exiting thread
2025-07-07 13:10:29,100 [DEBUG] [MainThread] [qasync._windows._IocpProactor/_windows.py:75]: Closing
2025-07-07 13:10:29,612 [INFO] [MainThread] [root/log.py:59]: Yasb v1.7.4
2025-07-07 13:10:29,613 [INFO] [Thread-1 (_run_server)] [cli_server/cli_server.py:212]: CLI server started v1.1.1
2025-07-07 13:10:29,613 [INFO] [MainThread] [cli_server/cli_server.py:104]: Log pipe server started
2025-07-07 13:10:29,739 [DEBUG] [MainThread] [tzlocal/win32.py:55]: Looking up time zone info from registry
2025-07-07 13:10:30,237 [DEBUG] [MainThread] [comtypes/__init__.py:149]: CoInitializeEx(None, 2)
2025-07-07 13:10:30,730 [INFO] [MainThread] [root/watcher.py:55]: Created file watcher for path C:\Users\tamil\.config\yasb
2025-07-07 13:10:30,780 [DEBUG] [MainThread] [qasync._windows._EventPoller/_windows.py:213]: Starting (proactor: <_IocpProactor overlapped#=0 result#=0>)...
2025-07-07 13:10:30,781 [DEBUG] [Dummy-10] [qasync._windows._EventWorker/_windows.py:192]: Thread started
2025-07-07 13:16:50,086 [INFO] [MainThread] [root/controller.py:12]: Reloading Application because of config update...
2025-07-07 13:16:50,199 [INFO] [MainThread] [cli_server/cli_server.py:112]: Log pipe server stopped
2025-07-07 13:16:50,199 [DEBUG] [MainThread] [cli_server/cli_server.py:206]: CLI server stopped
2025-07-07 13:16:50,214 [DEBUG] [MainThread] [qasync._windows._EventPoller/_windows.py:218]: Stopping worker thread...
2025-07-07 13:16:50,218 [DEBUG] [Dummy-10] [qasync._windows._EventWorker/_windows.py:201]: Exiting thread
2025-07-07 13:16:50,220 [DEBUG] [MainThread] [qasync._windows._IocpProactor/_windows.py:75]: Closing
2025-07-07 13:16:50,568 [INFO] [MainThread] [root/log.py:59]: Yasb v1.7.4
2025-07-07 13:16:50,569 [INFO] [Thread-1 (_run_server)] [cli_server/cli_server.py:212]: CLI server started v1.1.1
2025-07-07 13:16:50,569 [INFO] [MainThread] [cli_server/cli_server.py:104]: Log pipe server started
2025-07-07 13:16:50,674 [DEBUG] [MainThread] [tzlocal/win32.py:55]: Looking up time zone info from registry
2025-07-07 13:16:51,080 [DEBUG] [MainThread] [comtypes/__init__.py:149]: CoInitializeEx(None, 2)
2025-07-07 13:16:51,393 [INFO] [MainThread] [root/watcher.py:55]: Created file watcher for path C:\Users\tamil\.config\yasb
2025-07-07 13:16:51,442 [DEBUG] [MainThread] [qasync._windows._EventPoller/_windows.py:213]: Starting (proactor: <_IocpProactor overlapped#=0 result#=0>)...
2025-07-07 13:16:51,443 [DEBUG] [Dummy-10] [qasync._windows._EventWorker/_windows.py:192]: Thread started
2025-07-07 13:17:27,883 [ERROR] [MainThread] [root/bar_manager.py:53]: Error loading config: while scanning a double-quoted scalar
  in "C:\Users\tamil\.config\yasb\config.yaml", line 99, column 16
found unknown escape character '%'
  in "C:\Users\tamil\.config\yasb\config.yaml", line 99, column 28
2025-07-07 13:17:36,407 [INFO] [MainThread] [root/controller.py:12]: Reloading Application from tray...
2025-07-07 13:17:36,523 [INFO] [MainThread] [cli_server/cli_server.py:112]: Log pipe server stopped
2025-07-07 13:17:36,523 [DEBUG] [MainThread] [cli_server/cli_server.py:206]: CLI server stopped
2025-07-07 13:17:36,539 [DEBUG] [MainThread] [qasync._windows._EventPoller/_windows.py:218]: Stopping worker thread...
2025-07-07 13:17:36,555 [DEBUG] [Dummy-10] [qasync._windows._EventWorker/_windows.py:201]: Exiting thread
2025-07-07 13:17:36,556 [DEBUG] [MainThread] [qasync._windows._IocpProactor/_windows.py:75]: Closing
2025-07-07 13:17:36,864 [INFO] [MainThread] [root/log.py:59]: Yasb v1.7.4
2025-07-07 13:17:36,865 [INFO] [Thread-1 (_run_server)] [cli_server/cli_server.py:212]: CLI server started v1.1.1
2025-07-07 13:17:36,865 [INFO] [MainThread] [cli_server/cli_server.py:104]: Log pipe server started
2025-07-07 13:17:36,893 [ERROR] [MainThread] [root/main.py:99]: Exception during application startup
Traceback (most recent call last):
  File "main.py", line 97, in <module>
  File "main.py", line 50, in main
  File "D:\a\yasb\yasb\src\core\config.py", line 149, in get_config_and_stylesheet
  File "D:\a\yasb\yasb\src\core\config.py", line 104, in get_config
  File "D:\a\yasb\yasb\venv\Lib\site-packages\yaml\__init__.py", line 125, in safe_load
  File "D:\a\yasb\yasb\venv\Lib\site-packages\yaml\__init__.py", line 81, in load
  File "D:\a\yasb\yasb\venv\Lib\site-packages\yaml\constructor.py", line 49, in get_single_data
  File "D:\a\yasb\yasb\venv\Lib\site-packages\yaml\composer.py", line 36, in get_single_node
  File "D:\a\yasb\yasb\venv\Lib\site-packages\yaml\composer.py", line 55, in compose_document
  File "D:\a\yasb\yasb\venv\Lib\site-packages\yaml\composer.py", line 84, in compose_node
  File "D:\a\yasb\yasb\venv\Lib\site-packages\yaml\composer.py", line 133, in compose_mapping_node
  File "D:\a\yasb\yasb\venv\Lib\site-packages\yaml\composer.py", line 84, in compose_node
  File "D:\a\yasb\yasb\venv\Lib\site-packages\yaml\composer.py", line 133, in compose_mapping_node
  File "D:\a\yasb\yasb\venv\Lib\site-packages\yaml\composer.py", line 84, in compose_node
  File "D:\a\yasb\yasb\venv\Lib\site-packages\yaml\composer.py", line 133, in compose_mapping_node
  File "D:\a\yasb\yasb\venv\Lib\site-packages\yaml\composer.py", line 84, in compose_node
  File "D:\a\yasb\yasb\venv\Lib\site-packages\yaml\composer.py", line 133, in compose_mapping_node
  File "D:\a\yasb\yasb\venv\Lib\site-packages\yaml\composer.py", line 64, in compose_node
  File "D:\a\yasb\yasb\venv\Lib\site-packages\yaml\parser.py", line 98, in check_event
  File "D:\a\yasb\yasb\venv\Lib\site-packages\yaml\parser.py", line 449, in parse_block_mapping_value
  File "D:\a\yasb\yasb\venv\Lib\site-packages\yaml\scanner.py", line 116, in check_token
  File "D:\a\yasb\yasb\venv\Lib\site-packages\yaml\scanner.py", line 251, in fetch_more_tokens
  File "D:\a\yasb\yasb\venv\Lib\site-packages\yaml\scanner.py", line 655, in fetch_double
  File "D:\a\yasb\yasb\venv\Lib\site-packages\yaml\scanner.py", line 666, in fetch_flow_scalar
  File "D:\a\yasb\yasb\venv\Lib\site-packages\yaml\scanner.py", line 1152, in scan_flow_scalar
  File "D:\a\yasb\yasb\venv\Lib\site-packages\yaml\scanner.py", line 1223, in scan_flow_scalar_non_spaces
yaml.scanner.ScannerError: while scanning a double-quoted scalar
  in "C:\Users\tamil\.config\yasb\config.yaml", line 99, column 16
found unknown escape character '%'
  in "C:\Users\tamil\.config\yasb\config.yaml", line 99, column 28
2025-07-07 13:18:55,746 [INFO] [MainThread] [root/log.py:59]: Yasb v1.7.4
2025-07-07 13:18:55,747 [INFO] [Thread-1 (_run_server)] [cli_server/cli_server.py:212]: CLI server started v1.1.1
2025-07-07 13:18:55,747 [INFO] [MainThread] [cli_server/cli_server.py:104]: Log pipe server started
2025-07-07 13:18:55,847 [DEBUG] [MainThread] [tzlocal/win32.py:55]: Looking up time zone info from registry
2025-07-07 13:18:56,242 [DEBUG] [MainThread] [comtypes/__init__.py:149]: CoInitializeEx(None, 2)
2025-07-07 13:18:56,605 [INFO] [MainThread] [root/watcher.py:55]: Created file watcher for path C:\Users\tamil\.config\yasb
2025-07-07 13:18:56,659 [DEBUG] [MainThread] [qasync._windows._EventPoller/_windows.py:213]: Starting (proactor: <_IocpProactor overlapped#=0 result#=0>)...
2025-07-07 13:18:56,660 [DEBUG] [Dummy-10] [qasync._windows._EventWorker/_windows.py:192]: Thread started
2025-07-07 13:20:09,291 [INFO] [MainThread] [root/controller.py:12]: Reloading Application because of config update...
2025-07-07 13:20:09,399 [INFO] [MainThread] [cli_server/cli_server.py:112]: Log pipe server stopped
2025-07-07 13:20:09,399 [DEBUG] [MainThread] [cli_server/cli_server.py:206]: CLI server stopped
2025-07-07 13:20:09,415 [DEBUG] [MainThread] [qasync._windows._EventPoller/_windows.py:218]: Stopping worker thread...
2025-07-07 13:20:09,431 [DEBUG] [Dummy-10] [qasync._windows._EventWorker/_windows.py:201]: Exiting thread
2025-07-07 13:20:09,431 [DEBUG] [MainThread] [qasync._windows._IocpProactor/_windows.py:75]: Closing
2025-07-07 13:20:09,735 [INFO] [MainThread] [root/log.py:59]: Yasb v1.7.4
2025-07-07 13:20:09,736 [INFO] [Thread-1 (_run_server)] [cli_server/cli_server.py:212]: CLI server started v1.1.1
2025-07-07 13:20:09,737 [INFO] [MainThread] [cli_server/cli_server.py:104]: Log pipe server started
2025-07-07 13:20:09,839 [DEBUG] [MainThread] [tzlocal/win32.py:55]: Looking up time zone info from registry
2025-07-07 13:20:10,241 [DEBUG] [MainThread] [comtypes/__init__.py:149]: CoInitializeEx(None, 2)
2025-07-07 13:20:10,544 [INFO] [MainThread] [root/watcher.py:55]: Created file watcher for path C:\Users\tamil\.config\yasb
2025-07-07 13:20:10,590 [DEBUG] [MainThread] [qasync._windows._EventPoller/_windows.py:213]: Starting (proactor: <_IocpProactor overlapped#=0 result#=0>)...
2025-07-07 13:20:10,591 [DEBUG] [Dummy-10] [qasync._windows._EventWorker/_windows.py:192]: Thread started
2025-07-07 13:20:53,750 [INFO] [MainThread] [root/controller.py:12]: Reloading Application because of config update...
2025-07-07 13:20:53,860 [INFO] [MainThread] [cli_server/cli_server.py:112]: Log pipe server stopped
2025-07-07 13:20:53,860 [DEBUG] [MainThread] [cli_server/cli_server.py:206]: CLI server stopped
2025-07-07 13:20:53,875 [DEBUG] [MainThread] [qasync._windows._EventPoller/_windows.py:218]: Stopping worker thread...
2025-07-07 13:20:53,891 [DEBUG] [Dummy-10] [qasync._windows._EventWorker/_windows.py:201]: Exiting thread
2025-07-07 13:20:53,892 [DEBUG] [MainThread] [qasync._windows._IocpProactor/_windows.py:75]: Closing
2025-07-07 13:20:54,213 [INFO] [MainThread] [root/log.py:59]: Yasb v1.7.4
2025-07-07 13:20:54,214 [INFO] [Thread-1 (_run_server)] [cli_server/cli_server.py:212]: CLI server started v1.1.1
2025-07-07 13:20:54,215 [INFO] [MainThread] [cli_server/cli_server.py:104]: Log pipe server started
2025-07-07 13:20:54,322 [DEBUG] [MainThread] [tzlocal/win32.py:55]: Looking up time zone info from registry
2025-07-07 13:20:54,743 [DEBUG] [MainThread] [comtypes/__init__.py:149]: CoInitializeEx(None, 2)
2025-07-07 13:20:55,052 [INFO] [MainThread] [root/watcher.py:55]: Created file watcher for path C:\Users\tamil\.config\yasb
2025-07-07 13:20:55,104 [DEBUG] [MainThread] [qasync._windows._EventPoller/_windows.py:213]: Starting (proactor: <_IocpProactor overlapped#=0 result#=0>)...
2025-07-07 13:20:55,105 [DEBUG] [Dummy-10] [qasync._windows._EventWorker/_windows.py:192]: Thread started
2025-07-07 13:21:19,497 [INFO] [MainThread] [root/controller.py:12]: Reloading Application because of config update...
2025-07-07 13:21:19,609 [INFO] [MainThread] [cli_server/cli_server.py:112]: Log pipe server stopped
2025-07-07 13:21:19,609 [DEBUG] [MainThread] [cli_server/cli_server.py:206]: CLI server stopped
2025-07-07 13:21:19,641 [DEBUG] [MainThread] [qasync._windows._EventPoller/_windows.py:218]: Stopping worker thread...
2025-07-07 13:21:19,656 [DEBUG] [Dummy-10] [qasync._windows._EventWorker/_windows.py:201]: Exiting thread
2025-07-07 13:21:19,657 [DEBUG] [MainThread] [qasync._windows._IocpProactor/_windows.py:75]: Closing
2025-07-07 13:21:19,944 [INFO] [MainThread] [root/log.py:59]: Yasb v1.7.4
2025-07-07 13:21:19,945 [INFO] [Thread-1 (_run_server)] [cli_server/cli_server.py:212]: CLI server started v1.1.1
2025-07-07 13:21:19,945 [INFO] [MainThread] [cli_server/cli_server.py:104]: Log pipe server started
2025-07-07 13:21:20,063 [DEBUG] [MainThread] [tzlocal/win32.py:55]: Looking up time zone info from registry
2025-07-07 13:21:20,489 [DEBUG] [MainThread] [comtypes/__init__.py:149]: CoInitializeEx(None, 2)
2025-07-07 13:21:20,783 [INFO] [MainThread] [root/watcher.py:55]: Created file watcher for path C:\Users\tamil\.config\yasb
2025-07-07 13:21:20,831 [DEBUG] [MainThread] [qasync._windows._EventPoller/_windows.py:213]: Starting (proactor: <_IocpProactor overlapped#=0 result#=0>)...
2025-07-07 13:21:20,832 [DEBUG] [Dummy-10] [qasync._windows._EventWorker/_windows.py:192]: Thread started
2025-07-07 13:21:54,031 [INFO] [MainThread] [root/controller.py:12]: Reloading Application because of config update...
2025-07-07 13:21:54,132 [INFO] [MainThread] [cli_server/cli_server.py:112]: Log pipe server stopped
2025-07-07 13:21:54,132 [DEBUG] [MainThread] [cli_server/cli_server.py:206]: CLI server stopped
2025-07-07 13:21:54,149 [DEBUG] [MainThread] [qasync._windows._EventPoller/_windows.py:218]: Stopping worker thread...
2025-07-07 13:21:54,162 [DEBUG] [Dummy-10] [qasync._windows._EventWorker/_windows.py:201]: Exiting thread
2025-07-07 13:21:54,162 [DEBUG] [MainThread] [qasync._windows._IocpProactor/_windows.py:75]: Closing
2025-07-07 13:21:54,472 [INFO] [MainThread] [root/log.py:59]: Yasb v1.7.4
2025-07-07 13:21:54,473 [INFO] [Thread-1 (_run_server)] [cli_server/cli_server.py:212]: CLI server started v1.1.1
2025-07-07 13:21:54,474 [INFO] [MainThread] [cli_server/cli_server.py:104]: Log pipe server started
2025-07-07 13:21:54,583 [DEBUG] [MainThread] [tzlocal/win32.py:55]: Looking up time zone info from registry
2025-07-07 13:21:55,045 [DEBUG] [MainThread] [comtypes/__init__.py:149]: CoInitializeEx(None, 2)
2025-07-07 13:21:55,374 [INFO] [MainThread] [root/watcher.py:55]: Created file watcher for path C:\Users\tamil\.config\yasb
2025-07-07 13:21:55,424 [DEBUG] [MainThread] [qasync._windows._EventPoller/_windows.py:213]: Starting (proactor: <_IocpProactor overlapped#=0 result#=0>)...
2025-07-07 13:21:55,425 [DEBUG] [Dummy-10] [qasync._windows._EventWorker/_windows.py:192]: Thread started
2025-07-07 13:22:53,833 [INFO] [MainThread] [root/controller.py:12]: Reloading Application because of config update...
2025-07-07 13:22:53,937 [INFO] [MainThread] [cli_server/cli_server.py:112]: Log pipe server stopped
2025-07-07 13:22:53,937 [DEBUG] [MainThread] [cli_server/cli_server.py:206]: CLI server stopped
2025-07-07 13:22:53,953 [DEBUG] [MainThread] [qasync._windows._EventPoller/_windows.py:218]: Stopping worker thread...
2025-07-07 13:22:53,967 [DEBUG] [Dummy-10] [qasync._windows._EventWorker/_windows.py:201]: Exiting thread
2025-07-07 13:22:53,968 [DEBUG] [MainThread] [qasync._windows._IocpProactor/_windows.py:75]: Closing
2025-07-07 13:22:54,296 [INFO] [MainThread] [root/log.py:59]: Yasb v1.7.4
2025-07-07 13:22:54,297 [INFO] [Thread-1 (_run_server)] [cli_server/cli_server.py:212]: CLI server started v1.1.1
2025-07-07 13:22:54,297 [INFO] [MainThread] [cli_server/cli_server.py:104]: Log pipe server started
2025-07-07 13:22:54,405 [DEBUG] [MainThread] [tzlocal/win32.py:55]: Looking up time zone info from registry
2025-07-07 13:22:54,825 [DEBUG] [MainThread] [comtypes/__init__.py:149]: CoInitializeEx(None, 2)
2025-07-07 13:22:55,142 [INFO] [MainThread] [root/watcher.py:55]: Created file watcher for path C:\Users\tamil\.config\yasb
2025-07-07 13:22:55,194 [DEBUG] [MainThread] [qasync._windows._EventPoller/_windows.py:213]: Starting (proactor: <_IocpProactor overlapped#=0 result#=0>)...
2025-07-07 13:22:55,196 [DEBUG] [Dummy-10] [qasync._windows._EventWorker/_windows.py:192]: Thread started
2025-07-07 13:25:10,757 [INFO] [MainThread] [root/controller.py:12]: Reloading Application because of config update...
2025-07-07 13:25:10,866 [INFO] [MainThread] [cli_server/cli_server.py:112]: Log pipe server stopped
2025-07-07 13:25:10,866 [DEBUG] [MainThread] [cli_server/cli_server.py:206]: CLI server stopped
2025-07-07 13:25:10,882 [DEBUG] [MainThread] [qasync._windows._EventPoller/_windows.py:218]: Stopping worker thread...
2025-07-07 13:25:10,897 [DEBUG] [Dummy-10] [qasync._windows._EventWorker/_windows.py:201]: Exiting thread
2025-07-07 13:25:10,898 [DEBUG] [MainThread] [qasync._windows._IocpProactor/_windows.py:75]: Closing
2025-07-07 13:25:11,229 [INFO] [MainThread] [root/log.py:59]: Yasb v1.7.4
2025-07-07 13:25:11,230 [INFO] [Thread-1 (_run_server)] [cli_server/cli_server.py:212]: CLI server started v1.1.1
2025-07-07 13:25:11,231 [INFO] [MainThread] [cli_server/cli_server.py:104]: Log pipe server started
2025-07-07 13:25:11,334 [DEBUG] [MainThread] [tzlocal/win32.py:55]: Looking up time zone info from registry
2025-07-07 13:25:11,745 [DEBUG] [MainThread] [comtypes/__init__.py:149]: CoInitializeEx(None, 2)
2025-07-07 13:25:12,054 [INFO] [MainThread] [root/watcher.py:55]: Created file watcher for path C:\Users\tamil\.config\yasb
2025-07-07 13:25:12,104 [DEBUG] [MainThread] [qasync._windows._EventPoller/_windows.py:213]: Starting (proactor: <_IocpProactor overlapped#=0 result#=0>)...
2025-07-07 13:25:12,105 [DEBUG] [Dummy-10] [qasync._windows._EventWorker/_windows.py:192]: Thread started
2025-07-07 13:25:24,937 [INFO] [MainThread] [root/controller.py:12]: Reloading Application because of config update...
2025-07-07 13:25:25,038 [INFO] [MainThread] [cli_server/cli_server.py:112]: Log pipe server stopped
2025-07-07 13:25:25,038 [DEBUG] [MainThread] [cli_server/cli_server.py:206]: CLI server stopped
2025-07-07 13:25:25,053 [DEBUG] [MainThread] [qasync._windows._EventPoller/_windows.py:218]: Stopping worker thread...
2025-07-07 13:25:25,054 [DEBUG] [Dummy-10] [qasync._windows._EventWorker/_windows.py:201]: Exiting thread
2025-07-07 13:25:25,055 [DEBUG] [MainThread] [qasync._windows._IocpProactor/_windows.py:75]: Closing
2025-07-07 13:25:25,377 [INFO] [MainThread] [root/log.py:59]: Yasb v1.7.4
2025-07-07 13:25:25,378 [INFO] [Thread-1 (_run_server)] [cli_server/cli_server.py:212]: CLI server started v1.1.1
2025-07-07 13:25:25,379 [INFO] [MainThread] [cli_server/cli_server.py:104]: Log pipe server started
2025-07-07 13:25:25,483 [DEBUG] [MainThread] [tzlocal/win32.py:55]: Looking up time zone info from registry
2025-07-07 13:25:25,892 [DEBUG] [MainThread] [comtypes/__init__.py:149]: CoInitializeEx(None, 2)
2025-07-07 13:25:26,196 [INFO] [MainThread] [root/watcher.py:55]: Created file watcher for path C:\Users\tamil\.config\yasb
2025-07-07 13:25:26,245 [DEBUG] [MainThread] [qasync._windows._EventPoller/_windows.py:213]: Starting (proactor: <_IocpProactor overlapped#=0 result#=0>)...
2025-07-07 13:25:26,247 [DEBUG] [Dummy-10] [qasync._windows._EventWorker/_windows.py:192]: Thread started
2025-07-07 13:26:07,352 [ERROR] [MainThread] [root/base.py:89]: Failed to execute callback of type 'toggle_group' with args: []
Traceback (most recent call last):
  File "D:\a\yasb\yasb\src\core\widgets\base.py", line 87, in _run_callback
  File "D:\a\yasb\yasb\src\core\widgets\yasb\disk.py", line 90, in _toggle_group
  File "D:\a\yasb\yasb\src\core\widgets\yasb\disk.py", line 132, in show_group_label
  File "D:\a\yasb\yasb\src\core\widgets\yasb\disk.py", line 213, in _get_space
  File "D:\a\yasb\yasb\venv\Lib\site-packages\psutil\__init__.py", line 2049, in disk_usage
  File "D:\a\yasb\yasb\venv\Lib\site-packages\psutil\_pswindows.py", line 259, in disk_usage
PermissionError: [WinError 21] The device is not ready: 'E:\\'
2025-07-07 13:26:11,287 [ERROR] [MainThread] [root/base.py:89]: Failed to execute callback of type 'toggle_group' with args: []
Traceback (most recent call last):
  File "D:\a\yasb\yasb\src\core\widgets\base.py", line 87, in _run_callback
  File "D:\a\yasb\yasb\src\core\widgets\yasb\disk.py", line 90, in _toggle_group
  File "D:\a\yasb\yasb\src\core\widgets\yasb\disk.py", line 132, in show_group_label
  File "D:\a\yasb\yasb\src\core\widgets\yasb\disk.py", line 213, in _get_space
  File "D:\a\yasb\yasb\venv\Lib\site-packages\psutil\__init__.py", line 2049, in disk_usage
  File "D:\a\yasb\yasb\venv\Lib\site-packages\psutil\_pswindows.py", line 259, in disk_usage
PermissionError: [WinError 21] The device is not ready: 'E:\\'
2025-07-07 13:26:22,865 [ERROR] [MainThread] [root/base.py:89]: Failed to execute callback of type 'toggle_group' with args: []
Traceback (most recent call last):
  File "D:\a\yasb\yasb\src\core\widgets\base.py", line 87, in _run_callback
  File "D:\a\yasb\yasb\src\core\widgets\yasb\disk.py", line 90, in _toggle_group
  File "D:\a\yasb\yasb\src\core\widgets\yasb\disk.py", line 132, in show_group_label
  File "D:\a\yasb\yasb\src\core\widgets\yasb\disk.py", line 213, in _get_space
  File "D:\a\yasb\yasb\venv\Lib\site-packages\psutil\__init__.py", line 2049, in disk_usage
  File "D:\a\yasb\yasb\venv\Lib\site-packages\psutil\_pswindows.py", line 259, in disk_usage
PermissionError: [WinError 21] The device is not ready: 'E:\\'
2025-07-07 13:31:42,043 [INFO] [MainThread] [root/controller.py:12]: Reloading Application because of config update...
2025-07-07 13:31:42,143 [INFO] [MainThread] [cli_server/cli_server.py:112]: Log pipe server stopped
2025-07-07 13:31:42,144 [DEBUG] [MainThread] [cli_server/cli_server.py:206]: CLI server stopped
2025-07-07 13:31:42,161 [DEBUG] [MainThread] [qasync._windows._EventPoller/_windows.py:218]: Stopping worker thread...
2025-07-07 13:31:42,175 [DEBUG] [Dummy-10] [qasync._windows._EventWorker/_windows.py:201]: Exiting thread
2025-07-07 13:31:42,176 [DEBUG] [MainThread] [qasync._windows._IocpProactor/_windows.py:75]: Closing
2025-07-07 13:31:42,513 [INFO] [MainThread] [root/log.py:59]: Yasb v1.7.4
2025-07-07 13:31:42,513 [INFO] [Thread-1 (_run_server)] [cli_server/cli_server.py:212]: CLI server started v1.1.1
2025-07-07 13:31:42,515 [INFO] [MainThread] [cli_server/cli_server.py:104]: Log pipe server started
2025-07-07 13:31:42,625 [DEBUG] [MainThread] [tzlocal/win32.py:55]: Looking up time zone info from registry
2025-07-07 13:31:43,076 [DEBUG] [MainThread] [comtypes/__init__.py:149]: CoInitializeEx(None, 2)
2025-07-07 13:31:43,384 [INFO] [MainThread] [root/watcher.py:55]: Created file watcher for path C:\Users\tamil\.config\yasb
2025-07-07 13:31:43,433 [DEBUG] [MainThread] [qasync._windows._EventPoller/_windows.py:213]: Starting (proactor: <_IocpProactor overlapped#=0 result#=0>)...
2025-07-07 13:31:43,434 [DEBUG] [Dummy-10] [qasync._windows._EventWorker/_windows.py:192]: Thread started
2025-07-07 13:31:56,783 [INFO] [MainThread] [root/controller.py:12]: Reloading Application because of config update...
2025-07-07 13:31:56,886 [INFO] [MainThread] [cli_server/cli_server.py:112]: Log pipe server stopped
2025-07-07 13:31:56,886 [DEBUG] [MainThread] [cli_server/cli_server.py:206]: CLI server stopped
2025-07-07 13:31:56,900 [DEBUG] [MainThread] [qasync._windows._EventPoller/_windows.py:218]: Stopping worker thread...
2025-07-07 13:31:56,916 [DEBUG] [Dummy-10] [qasync._windows._EventWorker/_windows.py:201]: Exiting thread
2025-07-07 13:31:56,916 [DEBUG] [MainThread] [qasync._windows._IocpProactor/_windows.py:75]: Closing
2025-07-07 13:31:57,251 [INFO] [MainThread] [root/log.py:59]: Yasb v1.7.4
2025-07-07 13:31:57,252 [INFO] [Thread-1 (_run_server)] [cli_server/cli_server.py:212]: CLI server started v1.1.1
2025-07-07 13:31:57,252 [INFO] [MainThread] [cli_server/cli_server.py:104]: Log pipe server started
2025-07-07 13:31:57,365 [DEBUG] [MainThread] [tzlocal/win32.py:55]: Looking up time zone info from registry
2025-07-07 13:31:57,802 [DEBUG] [MainThread] [comtypes/__init__.py:149]: CoInitializeEx(None, 2)
2025-07-07 13:31:58,125 [INFO] [MainThread] [root/watcher.py:55]: Created file watcher for path C:\Users\tamil\.config\yasb
2025-07-07 13:31:58,179 [DEBUG] [MainThread] [qasync._windows._EventPoller/_windows.py:213]: Starting (proactor: <_IocpProactor overlapped#=0 result#=0>)...
2025-07-07 13:31:58,180 [DEBUG] [Dummy-10] [qasync._windows._EventWorker/_windows.py:192]: Thread started
2025-07-07 19:48:11,026 [ERROR] [MainThread] [root/base.py:89]: Failed to execute callback of type 'toggle_group' with args: []
Traceback (most recent call last):
  File "D:\a\yasb\yasb\src\core\widgets\base.py", line 87, in _run_callback
  File "D:\a\yasb\yasb\src\core\widgets\yasb\disk.py", line 90, in _toggle_group
  File "D:\a\yasb\yasb\src\core\widgets\yasb\disk.py", line 132, in show_group_label
  File "D:\a\yasb\yasb\src\core\widgets\yasb\disk.py", line 213, in _get_space
  File "D:\a\yasb\yasb\venv\Lib\site-packages\psutil\__init__.py", line 2049, in disk_usage
  File "D:\a\yasb\yasb\venv\Lib\site-packages\psutil\_pswindows.py", line 259, in disk_usage
PermissionError: [WinError 21] The device is not ready: 'E:\\'
2025-07-08 15:34:39,790 [INFO] [MainThread] [root/log.py:59]: Yasb v1.7.4
2025-07-08 15:34:39,791 [INFO] [Thread-1 (_run_server)] [cli_server/cli_server.py:212]: CLI server started v1.1.1
2025-07-08 15:34:39,792 [INFO] [MainThread] [cli_server/cli_server.py:104]: Log pipe server started
2025-07-08 15:34:39,898 [DEBUG] [MainThread] [tzlocal/win32.py:55]: Looking up time zone info from registry
2025-07-08 15:34:40,408 [DEBUG] [MainThread] [comtypes/__init__.py:149]: CoInitializeEx(None, 2)
2025-07-08 15:34:40,737 [INFO] [MainThread] [root/watcher.py:55]: Created file watcher for path C:\Users\tamil\.config\yasb
2025-07-08 15:34:40,795 [DEBUG] [MainThread] [qasync._windows._EventPoller/_windows.py:213]: Starting (proactor: <_IocpProactor overlapped#=0 result#=0>)...
2025-07-08 15:34:40,797 [DEBUG] [Dummy-10] [qasync._windows._EventWorker/_windows.py:192]: Thread started
2025-07-09 22:26:27,936 [INFO] [MainThread] [root/controller.py:27]: Exiting Application from tray...
2025-07-09 22:26:28,044 [INFO] [MainThread] [cli_server/cli_server.py:112]: Log pipe server stopped
2025-07-09 22:26:28,044 [DEBUG] [MainThread] [cli_server/cli_server.py:206]: CLI server stopped
2025-07-09 22:26:28,053 [DEBUG] [MainThread] [qasync._windows._EventPoller/_windows.py:218]: Stopping worker thread...
2025-07-09 22:26:28,059 [DEBUG] [Dummy-10] [qasync._windows._EventWorker/_windows.py:201]: Exiting thread
2025-07-09 22:26:28,063 [DEBUG] [MainThread] [qasync._windows._IocpProactor/_windows.py:75]: Closing
2025-07-09 22:30:55,662 [INFO] [MainThread] [root/log.py:59]: Yasb v1.7.4
2025-07-09 22:30:55,662 [INFO] [Thread-1 (_run_server)] [cli_server/cli_server.py:212]: CLI server started v1.1.1
2025-07-09 22:30:55,663 [INFO] [MainThread] [cli_server/cli_server.py:104]: Log pipe server started
2025-07-09 22:30:55,752 [DEBUG] [MainThread] [tzlocal/win32.py:55]: Looking up time zone info from registry
2025-07-09 22:30:56,091 [DEBUG] [MainThread] [comtypes/__init__.py:149]: CoInitializeEx(None, 2)
2025-07-09 22:30:56,497 [INFO] [MainThread] [root/watcher.py:55]: Created file watcher for path C:\Users\tamil\.config\yasb
2025-07-09 22:30:56,561 [DEBUG] [MainThread] [qasync._windows._EventPoller/_windows.py:213]: Starting (proactor: <_IocpProactor overlapped#=0 result#=0>)...
2025-07-09 22:30:56,562 [DEBUG] [Dummy-10] [qasync._windows._EventWorker/_windows.py:192]: Thread started
2025-07-10 10:04:29,775 [INFO] [MainThread] [root/controller.py:27]: Exiting Application from tray...
2025-07-10 10:04:29,888 [INFO] [MainThread] [cli_server/cli_server.py:112]: Log pipe server stopped
2025-07-10 10:04:29,888 [DEBUG] [MainThread] [cli_server/cli_server.py:206]: CLI server stopped
2025-07-10 10:04:29,890 [DEBUG] [MainThread] [qasync._windows._EventPoller/_windows.py:218]: Stopping worker thread...
2025-07-10 10:04:29,904 [DEBUG] [Dummy-10] [qasync._windows._EventWorker/_windows.py:201]: Exiting thread
2025-07-10 10:04:29,904 [DEBUG] [MainThread] [qasync._windows._IocpProactor/_windows.py:75]: Closing
2025-07-10 10:04:32,912 [INFO] [MainThread] [root/log.py:59]: Yasb v1.7.4
2025-07-10 10:04:32,913 [INFO] [Thread-1 (_run_server)] [cli_server/cli_server.py:212]: CLI server started v1.1.1
2025-07-10 10:04:32,913 [INFO] [MainThread] [cli_server/cli_server.py:104]: Log pipe server started
2025-07-10 10:04:33,000 [DEBUG] [MainThread] [tzlocal/win32.py:55]: Looking up time zone info from registry
2025-07-10 10:04:33,322 [DEBUG] [MainThread] [comtypes/__init__.py:149]: CoInitializeEx(None, 2)
2025-07-10 10:04:33,588 [INFO] [MainThread] [root/watcher.py:55]: Created file watcher for path C:\Users\tamil\.config\yasb
2025-07-10 10:04:33,633 [DEBUG] [MainThread] [qasync._windows._EventPoller/_windows.py:213]: Starting (proactor: <_IocpProactor overlapped#=0 result#=0>)...
2025-07-10 10:04:33,634 [DEBUG] [Dummy-10] [qasync._windows._EventWorker/_windows.py:192]: Thread started
2025-07-10 15:23:23,420 [ERROR] [MainThread] [root/wifi.py:145]: Error in wifi widget update: [Errno 11004] getaddrinfo failed
2025-07-10 15:23:23,429 [ERROR] [MainThread] [root/base.py:89]: Failed to execute callback of type 'update_label' with args: []
Traceback (most recent call last):
  File "D:\a\yasb\yasb\src\core\widgets\base.py", line 87, in _run_callback
  File "D:\a\yasb\yasb\src\core\widgets\yasb\wifi.py", line 163, in _update_label
UnboundLocalError: cannot access local variable 'ip_addr' where it is not associated with a value
2025-07-10 19:35:35,409 [DEBUG] [MainThread] [root/volume.py:330]: Attempting PolicyConfig interface with device: {0.0.0.00000000}.{5f61a209-31d4-461c-a9d1-bd6b8e168490}
2025-07-11 09:46:08,245 [INFO] [MainThread] [root/log.py:59]: Yasb v1.7.4
2025-07-11 09:46:08,249 [INFO] [Thread-1 (_run_server)] [cli_server/cli_server.py:212]: CLI server started v1.1.1
2025-07-11 09:46:08,249 [INFO] [MainThread] [cli_server/cli_server.py:104]: Log pipe server started
2025-07-11 09:46:08,398 [DEBUG] [MainThread] [tzlocal/win32.py:55]: Looking up time zone info from registry
2025-07-11 09:46:08,952 [DEBUG] [MainThread] [comtypes/__init__.py:149]: CoInitializeEx(None, 2)
2025-07-11 09:46:09,350 [INFO] [MainThread] [root/watcher.py:55]: Created file watcher for path C:\Users\tamil\.config\yasb
2025-07-11 09:46:09,399 [DEBUG] [MainThread] [qasync._windows._EventPoller/_windows.py:213]: Starting (proactor: <_IocpProactor overlapped#=0 result#=0>)...
2025-07-11 09:46:09,400 [DEBUG] [Dummy-7] [qasync._windows._EventWorker/_windows.py:192]: Thread started
2025-07-11 13:38:01,124 [DEBUG] [MainThread] [root/volume.py:330]: Attempting PolicyConfig interface with device: {0.0.0.00000000}.{c11c383d-b07d-4893-bac2-df23f6604454}
2025-07-11 13:49:11,149 [DEBUG] [MainThread] [root/volume.py:330]: Attempting PolicyConfig interface with device: {0.0.0.00000000}.{5f61a209-31d4-461c-a9d1-bd6b8e168490}
2025-07-11 16:15:49,476 [DEBUG] [MainThread] [root/volume.py:330]: Attempting PolicyConfig interface with device: {0.0.0.00000000}.{c11c383d-b07d-4893-bac2-df23f6604454}
2025-07-11 20:55:03,764 [DEBUG] [MainThread] [root/volume.py:330]: Attempting PolicyConfig interface with device: {0.0.0.00000000}.{5f61a209-31d4-461c-a9d1-bd6b8e168490}
2025-07-12 14:52:13,231 [INFO] [MainThread] [root/controller.py:27]: Exiting Application from tray...
2025-07-12 14:52:13,348 [INFO] [MainThread] [cli_server/cli_server.py:112]: Log pipe server stopped
2025-07-12 14:52:13,348 [DEBUG] [MainThread] [cli_server/cli_server.py:206]: CLI server stopped
2025-07-12 14:52:13,361 [DEBUG] [MainThread] [qasync._windows._EventPoller/_windows.py:218]: Stopping worker thread...
2025-07-12 14:52:13,362 [DEBUG] [Dummy-7] [qasync._windows._EventWorker/_windows.py:201]: Exiting thread
2025-07-12 14:52:13,366 [DEBUG] [MainThread] [qasync._windows._IocpProactor/_windows.py:75]: Closing
2025-07-12 14:56:15,513 [INFO] [MainThread] [root/log.py:59]: Yasb v1.7.4
2025-07-12 14:56:15,514 [INFO] [Thread-1 (_run_server)] [cli_server/cli_server.py:212]: CLI server started v1.1.1
2025-07-12 14:56:15,514 [INFO] [MainThread] [cli_server/cli_server.py:104]: Log pipe server started
2025-07-12 14:56:15,603 [DEBUG] [MainThread] [tzlocal/win32.py:55]: Looking up time zone info from registry
2025-07-12 14:56:15,982 [DEBUG] [MainThread] [comtypes/__init__.py:149]: CoInitializeEx(None, 2)
2025-07-12 14:56:16,305 [INFO] [MainThread] [root/watcher.py:55]: Created file watcher for path C:\Users\tamil\.config\yasb
2025-07-12 14:56:16,363 [DEBUG] [MainThread] [qasync._windows._EventPoller/_windows.py:213]: Starting (proactor: <_IocpProactor overlapped#=0 result#=0>)...
2025-07-12 14:56:16,365 [DEBUG] [Dummy-7] [qasync._windows._EventWorker/_windows.py:192]: Thread started
2025-07-14 19:51:29,009 [ERROR] [Dummy-8] [core.utils.win32.media/media.py:262]: MediaCallback: Error occurred whilst fetching media properties and thumbnail: [WinError -2147024875] The device is not ready
2025-07-17 15:20:04,143 [ERROR] [MainThread] [root/wifi.py:145]: Error in wifi widget update: [Errno 11004] getaddrinfo failed
2025-07-17 15:20:04,152 [ERROR] [MainThread] [root/base.py:89]: Failed to execute callback of type 'update_label' with args: []
Traceback (most recent call last):
  File "D:\a\yasb\yasb\src\core\widgets\base.py", line 87, in _run_callback
  File "D:\a\yasb\yasb\src\core\widgets\yasb\wifi.py", line 163, in _update_label
UnboundLocalError: cannot access local variable 'ip_addr' where it is not associated with a value
2025-07-19 11:56:16,295 [INFO] [MainThread] [root/controller.py:27]: Exiting Application from tray...
2025-07-19 11:56:16,414 [INFO] [MainThread] [cli_server/cli_server.py:112]: Log pipe server stopped
2025-07-19 11:56:16,414 [DEBUG] [MainThread] [cli_server/cli_server.py:206]: CLI server stopped
2025-07-19 11:56:16,433 [DEBUG] [MainThread] [qasync._windows._EventPoller/_windows.py:218]: Stopping worker thread...
2025-07-19 11:56:16,439 [DEBUG] [Dummy-7] [qasync._windows._EventWorker/_windows.py:201]: Exiting thread
2025-07-19 11:56:16,444 [DEBUG] [MainThread] [qasync._windows._IocpProactor/_windows.py:75]: Closing
2025-07-19 11:56:33,119 [INFO] [MainThread] [root/log.py:59]: Yasb v1.7.4
2025-07-19 11:56:33,120 [INFO] [Thread-1 (_run_server)] [cli_server/cli_server.py:212]: CLI server started v1.1.1
2025-07-19 11:56:33,120 [INFO] [MainThread] [cli_server/cli_server.py:104]: Log pipe server started
2025-07-19 11:56:33,243 [DEBUG] [MainThread] [tzlocal/win32.py:55]: Looking up time zone info from registry
2025-07-19 11:56:33,732 [DEBUG] [MainThread] [comtypes/__init__.py:149]: CoInitializeEx(None, 2)
2025-07-19 11:56:34,221 [INFO] [MainThread] [root/watcher.py:55]: Created file watcher for path C:\Users\tamil\.config\yasb
2025-07-19 11:56:34,265 [DEBUG] [MainThread] [qasync._windows._EventPoller/_windows.py:213]: Starting (proactor: <_IocpProactor overlapped#=0 result#=0>)...
2025-07-19 11:56:34,265 [DEBUG] [Dummy-10] [qasync._windows._EventWorker/_windows.py:192]: Thread started
2025-07-19 20:33:52,645 [ERROR] [MainThread] [root/config.py:110]: The config file 'C:\Users\tamil\.config\yasb\config.yaml' contains validation errors. Please fix:
bars:
- yasb-bar:
  - blur_effect:
    - dark:
      - unknown field

2025-07-19 20:34:10,851 [INFO] [MainThread] [root/controller.py:12]: Reloading Application from tray...
2025-07-19 20:34:10,952 [INFO] [MainThread] [cli_server/cli_server.py:112]: Log pipe server stopped
2025-07-19 20:34:10,953 [DEBUG] [MainThread] [cli_server/cli_server.py:206]: CLI server stopped
2025-07-19 20:34:10,989 [DEBUG] [MainThread] [qasync._windows._EventPoller/_windows.py:218]: Stopping worker thread...
2025-07-19 20:34:10,998 [DEBUG] [Dummy-10] [qasync._windows._EventWorker/_windows.py:201]: Exiting thread
2025-07-19 20:34:11,003 [DEBUG] [MainThread] [qasync._windows._IocpProactor/_windows.py:75]: Closing
2025-07-19 20:34:11,406 [INFO] [MainThread] [root/log.py:59]: Yasb v1.7.4
2025-07-19 20:34:11,407 [INFO] [Thread-1 (_run_server)] [cli_server/cli_server.py:212]: CLI server started v1.1.1
2025-07-19 20:34:11,407 [INFO] [MainThread] [cli_server/cli_server.py:104]: Log pipe server started
2025-07-19 20:34:11,459 [ERROR] [MainThread] [root/config.py:110]: The config file 'C:\Users\tamil\.config\yasb\config.yaml' contains validation errors. Please fix:
bars:
- yasb-bar:
  - blur_effect:
    - dark:
      - unknown field

2025-07-19 20:34:11,460 [ERROR] [MainThread] [root/config.py:162]: User config file could not be loaded. Exiting Application.
2025-07-19 20:35:03,171 [INFO] [MainThread] [root/log.py:59]: Yasb v1.7.4
2025-07-19 20:35:03,173 [INFO] [Thread-1 (_run_server)] [cli_server/cli_server.py:212]: CLI server started v1.1.1
2025-07-19 20:35:03,173 [INFO] [MainThread] [cli_server/cli_server.py:104]: Log pipe server started
2025-07-19 20:35:03,223 [ERROR] [MainThread] [root/css_processor.py:52]: CSSProcessor Error 'C:\Users\tamil\.cache\wal\colors.css': [Errno 2] No such file or directory: 'C:\\Users\\tamil\\.cache\\wal\\colors.css'
2025-07-19 20:35:04,037 [DEBUG] [MainThread] [tzlocal/win32.py:55]: Looking up time zone info from registry
2025-07-19 20:35:04,255 [DEBUG] [MainThread] [comtypes/__init__.py:149]: CoInitializeEx(None, 2)
2025-07-19 20:35:04,821 [INFO] [MainThread] [root/watcher.py:55]: Created file watcher for path C:\Users\tamil\.config\yasb
2025-07-19 20:35:04,822 [INFO] [Dummy-5] [root/event_listener.py:53]: Created named pipe yasb-c2f1b268-6509-11f0-a2fe-58cdc95b2622
2025-07-19 20:35:04,882 [DEBUG] [MainThread] [qasync._windows._EventPoller/_windows.py:213]: Starting (proactor: <_IocpProactor overlapped#=0 result#=0>)...
2025-07-19 20:35:04,884 [DEBUG] [Dummy-8] [qasync._windows._EventWorker/_windows.py:192]: Thread started
2025-07-19 20:35:28,177 [ERROR] [MainThread] [root/config.py:110]: The config file 'C:\Users\tamil\.config\yasb\config.yaml' contains validation errors. Please fix:
bars:
- yasb-bar:
  - blur_effect:
    - dark:
      - unknown field

2025-07-19 20:35:57,094 [INFO] [MainThread] [root/controller.py:12]: Reloading Application from tray...
2025-07-19 20:35:57,205 [INFO] [MainThread] [cli_server/cli_server.py:112]: Log pipe server stopped
2025-07-19 20:35:57,205 [DEBUG] [MainThread] [cli_server/cli_server.py:206]: CLI server stopped
2025-07-19 20:35:57,263 [DEBUG] [MainThread] [qasync._windows._EventPoller/_windows.py:218]: Stopping worker thread...
2025-07-19 20:35:57,283 [DEBUG] [Dummy-8] [qasync._windows._EventWorker/_windows.py:201]: Exiting thread
2025-07-19 20:35:57,284 [DEBUG] [MainThread] [qasync._windows._IocpProactor/_windows.py:75]: Closing
2025-07-19 20:35:57,289 [ERROR] [Dummy-29] [root/event_service.py:30]: Failed to emit signal <bound PYQT_SIGNAL window_name_change of ActiveWindowWidget object at 0x000001C7C8A7E5D0>. Removing link to WinEvent.EventObjectNameChange.
2025-07-19 20:35:57,618 [INFO] [MainThread] [root/log.py:59]: Yasb v1.7.4
2025-07-19 20:35:57,619 [INFO] [Thread-1 (_run_server)] [cli_server/cli_server.py:212]: CLI server started v1.1.1
2025-07-19 20:35:57,620 [INFO] [MainThread] [cli_server/cli_server.py:104]: Log pipe server started
2025-07-19 20:35:57,674 [ERROR] [MainThread] [root/config.py:110]: The config file 'C:\Users\tamil\.config\yasb\config.yaml' contains validation errors. Please fix:
bars:
- yasb-bar:
  - blur_effect:
    - dark:
      - unknown field

2025-07-19 20:36:00,097 [ERROR] [MainThread] [root/config.py:162]: User config file could not be loaded. Exiting Application.
2025-07-19 20:36:06,152 [INFO] [MainThread] [root/log.py:59]: Yasb v1.7.4
2025-07-19 20:36:06,152 [INFO] [Thread-1 (_run_server)] [cli_server/cli_server.py:212]: CLI server started v1.1.1
2025-07-19 20:36:06,153 [INFO] [MainThread] [cli_server/cli_server.py:104]: Log pipe server started
2025-07-19 20:36:06,196 [ERROR] [MainThread] [root/config.py:110]: The config file 'C:\Users\tamil\.config\yasb\config.yaml' contains validation errors. Please fix:
bars:
- yasb-bar:
  - blur_effect:
    - dark:
      - unknown field

2025-07-19 20:36:09,044 [ERROR] [MainThread] [root/config.py:162]: User config file could not be loaded. Exiting Application.
2025-07-19 20:36:34,373 [INFO] [MainThread] [root/log.py:59]: Yasb v1.7.4
2025-07-19 20:36:34,374 [INFO] [Thread-1 (_run_server)] [cli_server/cli_server.py:212]: CLI server started v1.1.1
2025-07-19 20:36:34,374 [INFO] [MainThread] [cli_server/cli_server.py:104]: Log pipe server started
2025-07-19 20:36:34,467 [DEBUG] [MainThread] [tzlocal/win32.py:55]: Looking up time zone info from registry
2025-07-19 20:36:34,835 [DEBUG] [MainThread] [comtypes/__init__.py:149]: CoInitializeEx(None, 2)
2025-07-19 20:36:35,162 [INFO] [MainThread] [root/watcher.py:55]: Created file watcher for path C:\Users\tamil\.config\yasb
2025-07-19 20:36:35,211 [DEBUG] [MainThread] [qasync._windows._EventPoller/_windows.py:213]: Starting (proactor: <_IocpProactor overlapped#=0 result#=0>)...
2025-07-19 20:36:35,213 [DEBUG] [Dummy-10] [qasync._windows._EventWorker/_windows.py:192]: Thread started
2025-07-19 20:39:43,537 [INFO] [MainThread] [root/controller.py:12]: Reloading Application from tray...
2025-07-19 20:39:43,650 [INFO] [MainThread] [cli_server/cli_server.py:112]: Log pipe server stopped
2025-07-19 20:39:43,651 [DEBUG] [MainThread] [cli_server/cli_server.py:206]: CLI server stopped
2025-07-19 20:39:43,678 [DEBUG] [MainThread] [qasync._windows._EventPoller/_windows.py:218]: Stopping worker thread...
2025-07-19 20:39:43,696 [DEBUG] [Dummy-10] [qasync._windows._EventWorker/_windows.py:201]: Exiting thread
2025-07-19 20:39:43,697 [DEBUG] [MainThread] [qasync._windows._IocpProactor/_windows.py:75]: Closing
2025-07-19 20:39:44,027 [INFO] [MainThread] [root/log.py:59]: Yasb v1.7.4
2025-07-19 20:39:44,028 [INFO] [Thread-1 (_run_server)] [cli_server/cli_server.py:212]: CLI server started v1.1.1
2025-07-19 20:39:44,029 [INFO] [MainThread] [cli_server/cli_server.py:104]: Log pipe server started
2025-07-19 20:39:44,141 [DEBUG] [MainThread] [tzlocal/win32.py:55]: Looking up time zone info from registry
2025-07-19 20:39:44,547 [DEBUG] [MainThread] [comtypes/__init__.py:149]: CoInitializeEx(None, 2)
2025-07-19 20:39:44,895 [INFO] [MainThread] [root/watcher.py:55]: Created file watcher for path C:\Users\tamil\.config\yasb
2025-07-19 20:39:44,939 [DEBUG] [MainThread] [qasync._windows._EventPoller/_windows.py:213]: Starting (proactor: <_IocpProactor overlapped#=0 result#=0>)...
2025-07-19 20:39:44,941 [DEBUG] [Dummy-10] [qasync._windows._EventWorker/_windows.py:192]: Thread started
2025-07-19 20:40:22,439 [INFO] [MainThread] [root/controller.py:12]: Reloading Application from tray...
2025-07-19 20:40:22,546 [INFO] [MainThread] [cli_server/cli_server.py:112]: Log pipe server stopped
2025-07-19 20:40:22,546 [DEBUG] [MainThread] [cli_server/cli_server.py:206]: CLI server stopped
2025-07-19 20:40:22,576 [DEBUG] [MainThread] [qasync._windows._EventPoller/_windows.py:218]: Stopping worker thread...
2025-07-19 20:40:22,592 [DEBUG] [Dummy-10] [qasync._windows._EventWorker/_windows.py:201]: Exiting thread
2025-07-19 20:40:22,593 [DEBUG] [MainThread] [qasync._windows._IocpProactor/_windows.py:75]: Closing
2025-07-19 20:40:22,902 [INFO] [MainThread] [root/log.py:59]: Yasb v1.7.4
2025-07-19 20:40:22,903 [INFO] [Thread-1 (_run_server)] [cli_server/cli_server.py:212]: CLI server started v1.1.1
2025-07-19 20:40:22,903 [INFO] [MainThread] [cli_server/cli_server.py:104]: Log pipe server started
2025-07-19 20:40:23,019 [DEBUG] [MainThread] [tzlocal/win32.py:55]: Looking up time zone info from registry
2025-07-19 20:40:23,422 [DEBUG] [MainThread] [comtypes/__init__.py:149]: CoInitializeEx(None, 2)
2025-07-19 20:40:23,764 [INFO] [MainThread] [root/watcher.py:55]: Created file watcher for path C:\Users\tamil\.config\yasb
2025-07-19 20:40:23,808 [DEBUG] [MainThread] [qasync._windows._EventPoller/_windows.py:213]: Starting (proactor: <_IocpProactor overlapped#=0 result#=0>)...
2025-07-19 20:40:23,809 [DEBUG] [Dummy-10] [qasync._windows._EventWorker/_windows.py:192]: Thread started
2025-07-19 20:41:13,415 [INFO] [MainThread] [root/controller.py:12]: Reloading Application from tray...
2025-07-19 20:41:13,527 [INFO] [MainThread] [cli_server/cli_server.py:112]: Log pipe server stopped
2025-07-19 20:41:13,527 [DEBUG] [MainThread] [cli_server/cli_server.py:206]: CLI server stopped
2025-07-19 20:41:13,556 [DEBUG] [MainThread] [qasync._windows._EventPoller/_windows.py:218]: Stopping worker thread...
2025-07-19 20:41:13,573 [DEBUG] [Dummy-10] [qasync._windows._EventWorker/_windows.py:201]: Exiting thread
2025-07-19 20:41:13,574 [DEBUG] [MainThread] [qasync._windows._IocpProactor/_windows.py:75]: Closing
2025-07-19 20:41:13,904 [INFO] [MainThread] [root/log.py:59]: Yasb v1.7.4
2025-07-19 20:41:13,905 [INFO] [Thread-1 (_run_server)] [cli_server/cli_server.py:212]: CLI server started v1.1.1
2025-07-19 20:41:13,906 [INFO] [MainThread] [cli_server/cli_server.py:104]: Log pipe server started
2025-07-19 20:41:14,017 [DEBUG] [MainThread] [tzlocal/win32.py:55]: Looking up time zone info from registry
2025-07-19 20:41:14,421 [DEBUG] [MainThread] [comtypes/__init__.py:149]: CoInitializeEx(None, 2)
2025-07-19 20:41:14,782 [INFO] [MainThread] [root/watcher.py:55]: Created file watcher for path C:\Users\tamil\.config\yasb
2025-07-19 20:41:14,831 [DEBUG] [MainThread] [qasync._windows._EventPoller/_windows.py:213]: Starting (proactor: <_IocpProactor overlapped#=0 result#=0>)...
2025-07-19 20:41:14,833 [DEBUG] [Dummy-10] [qasync._windows._EventWorker/_windows.py:192]: Thread started
2025-07-19 20:41:49,357 [ERROR] [MainThread] [root/base.py:89]: Failed to execute callback of type 'toggle_group' with args: []
Traceback (most recent call last):
  File "D:\a\yasb\yasb\src\core\widgets\base.py", line 87, in _run_callback
  File "D:\a\yasb\yasb\src\core\widgets\yasb\disk.py", line 90, in _toggle_group
  File "D:\a\yasb\yasb\src\core\widgets\yasb\disk.py", line 132, in show_group_label
  File "D:\a\yasb\yasb\src\core\widgets\yasb\disk.py", line 213, in _get_space
  File "D:\a\yasb\yasb\venv\Lib\site-packages\psutil\__init__.py", line 2049, in disk_usage
  File "D:\a\yasb\yasb\venv\Lib\site-packages\psutil\_pswindows.py", line 259, in disk_usage
PermissionError: [WinError 21] The device is not ready: 'E:\\'
2025-07-19 20:41:50,513 [ERROR] [MainThread] [root/base.py:89]: Failed to execute callback of type 'toggle_group' with args: []
Traceback (most recent call last):
  File "D:\a\yasb\yasb\src\core\widgets\base.py", line 87, in _run_callback
  File "D:\a\yasb\yasb\src\core\widgets\yasb\disk.py", line 90, in _toggle_group
  File "D:\a\yasb\yasb\src\core\widgets\yasb\disk.py", line 132, in show_group_label
  File "D:\a\yasb\yasb\src\core\widgets\yasb\disk.py", line 213, in _get_space
  File "D:\a\yasb\yasb\venv\Lib\site-packages\psutil\__init__.py", line 2049, in disk_usage
  File "D:\a\yasb\yasb\venv\Lib\site-packages\psutil\_pswindows.py", line 259, in disk_usage
PermissionError: [WinError 21] The device is not ready: 'E:\\'
2025-07-19 20:41:52,157 [ERROR] [MainThread] [root/base.py:89]: Failed to execute callback of type 'toggle_group' with args: []
Traceback (most recent call last):
  File "D:\a\yasb\yasb\src\core\widgets\base.py", line 87, in _run_callback
  File "D:\a\yasb\yasb\src\core\widgets\yasb\disk.py", line 90, in _toggle_group
  File "D:\a\yasb\yasb\src\core\widgets\yasb\disk.py", line 132, in show_group_label
  File "D:\a\yasb\yasb\src\core\widgets\yasb\disk.py", line 213, in _get_space
  File "D:\a\yasb\yasb\venv\Lib\site-packages\psutil\__init__.py", line 2049, in disk_usage
  File "D:\a\yasb\yasb\venv\Lib\site-packages\psutil\_pswindows.py", line 259, in disk_usage
PermissionError: [WinError 21] The device is not ready: 'E:\\'
2025-07-19 20:42:37,667 [INFO] [MainThread] [root/controller.py:12]: Reloading Application because of config update...
2025-07-19 20:42:37,776 [INFO] [MainThread] [cli_server/cli_server.py:112]: Log pipe server stopped
2025-07-19 20:42:37,777 [DEBUG] [MainThread] [cli_server/cli_server.py:206]: CLI server stopped
2025-07-19 20:42:37,800 [DEBUG] [MainThread] [qasync._windows._EventPoller/_windows.py:218]: Stopping worker thread...
2025-07-19 20:42:37,822 [DEBUG] [Dummy-10] [qasync._windows._EventWorker/_windows.py:201]: Exiting thread
2025-07-19 20:42:37,823 [DEBUG] [MainThread] [qasync._windows._IocpProactor/_windows.py:75]: Closing
2025-07-19 20:42:38,117 [INFO] [MainThread] [root/log.py:59]: Yasb v1.7.4
2025-07-19 20:42:38,119 [INFO] [Thread-1 (_run_server)] [cli_server/cli_server.py:212]: CLI server started v1.1.1
2025-07-19 20:42:38,120 [INFO] [MainThread] [cli_server/cli_server.py:104]: Log pipe server started
2025-07-19 20:42:38,228 [DEBUG] [MainThread] [tzlocal/win32.py:55]: Looking up time zone info from registry
2025-07-19 20:42:38,500 [DEBUG] [MainThread] [comtypes/__init__.py:149]: CoInitializeEx(None, 2)
2025-07-19 20:42:38,821 [INFO] [MainThread] [root/watcher.py:55]: Created file watcher for path C:\Users\tamil\.config\yasb
2025-07-19 20:42:38,867 [DEBUG] [MainThread] [qasync._windows._EventPoller/_windows.py:213]: Starting (proactor: <_IocpProactor overlapped#=0 result#=0>)...
2025-07-19 20:42:38,869 [DEBUG] [Dummy-10] [qasync._windows._EventWorker/_windows.py:192]: Thread started
2025-07-19 20:44:21,280 [INFO] [MainThread] [root/controller.py:12]: Reloading Application because of config update...
2025-07-19 20:44:21,389 [INFO] [MainThread] [cli_server/cli_server.py:112]: Log pipe server stopped
2025-07-19 20:44:21,389 [DEBUG] [MainThread] [cli_server/cli_server.py:206]: CLI server stopped
2025-07-19 20:44:21,418 [DEBUG] [MainThread] [qasync._windows._EventPoller/_windows.py:218]: Stopping worker thread...
2025-07-19 20:44:21,433 [DEBUG] [Dummy-10] [qasync._windows._EventWorker/_windows.py:201]: Exiting thread
2025-07-19 20:44:21,435 [DEBUG] [MainThread] [qasync._windows._IocpProactor/_windows.py:75]: Closing
2025-07-19 20:44:21,742 [INFO] [MainThread] [root/log.py:59]: Yasb v1.7.4
2025-07-19 20:44:21,743 [INFO] [Thread-1 (_run_server)] [cli_server/cli_server.py:212]: CLI server started v1.1.1
2025-07-19 20:44:21,743 [INFO] [MainThread] [cli_server/cli_server.py:104]: Log pipe server started
2025-07-19 20:44:21,855 [DEBUG] [MainThread] [tzlocal/win32.py:55]: Looking up time zone info from registry
2025-07-19 20:44:22,143 [DEBUG] [MainThread] [comtypes/__init__.py:149]: CoInitializeEx(None, 2)
2025-07-19 20:44:22,491 [INFO] [MainThread] [root/watcher.py:55]: Created file watcher for path C:\Users\tamil\.config\yasb
2025-07-19 20:44:22,539 [DEBUG] [MainThread] [qasync._windows._EventPoller/_windows.py:213]: Starting (proactor: <_IocpProactor overlapped#=0 result#=0>)...
2025-07-19 20:44:22,542 [DEBUG] [Dummy-10] [qasync._windows._EventWorker/_windows.py:192]: Thread started
2025-07-19 20:44:34,053 [INFO] [MainThread] [root/controller.py:12]: Reloading Application because of config update...
2025-07-19 20:44:34,163 [INFO] [MainThread] [cli_server/cli_server.py:112]: Log pipe server stopped
2025-07-19 20:44:34,163 [DEBUG] [MainThread] [cli_server/cli_server.py:206]: CLI server stopped
2025-07-19 20:44:34,188 [DEBUG] [MainThread] [qasync._windows._EventPoller/_windows.py:218]: Stopping worker thread...
2025-07-19 20:44:34,208 [DEBUG] [Dummy-10] [qasync._windows._EventWorker/_windows.py:201]: Exiting thread
2025-07-19 20:44:34,210 [DEBUG] [MainThread] [qasync._windows._IocpProactor/_windows.py:75]: Closing
2025-07-19 20:44:34,499 [INFO] [MainThread] [root/log.py:59]: Yasb v1.7.4
2025-07-19 20:44:34,499 [INFO] [Thread-1 (_run_server)] [cli_server/cli_server.py:212]: CLI server started v1.1.1
2025-07-19 20:44:34,500 [INFO] [MainThread] [cli_server/cli_server.py:104]: Log pipe server started
2025-07-19 20:44:34,605 [DEBUG] [MainThread] [tzlocal/win32.py:55]: Looking up time zone info from registry
2025-07-19 20:44:34,890 [DEBUG] [MainThread] [comtypes/__init__.py:149]: CoInitializeEx(None, 2)
2025-07-19 20:44:35,228 [INFO] [MainThread] [root/watcher.py:55]: Created file watcher for path C:\Users\tamil\.config\yasb
2025-07-19 20:44:35,272 [DEBUG] [MainThread] [qasync._windows._EventPoller/_windows.py:213]: Starting (proactor: <_IocpProactor overlapped#=0 result#=0>)...
2025-07-19 20:44:35,274 [DEBUG] [Dummy-10] [qasync._windows._EventWorker/_windows.py:192]: Thread started
2025-07-19 20:44:49,640 [INFO] [MainThread] [root/controller.py:12]: Reloading Application because of config update...
2025-07-19 20:44:49,755 [INFO] [MainThread] [cli_server/cli_server.py:112]: Log pipe server stopped
2025-07-19 20:44:49,755 [DEBUG] [MainThread] [cli_server/cli_server.py:206]: CLI server stopped
2025-07-19 20:44:49,799 [DEBUG] [MainThread] [qasync._windows._EventPoller/_windows.py:218]: Stopping worker thread...
2025-07-19 20:44:49,818 [DEBUG] [Dummy-10] [qasync._windows._EventWorker/_windows.py:201]: Exiting thread
2025-07-19 20:44:49,819 [DEBUG] [MainThread] [qasync._windows._IocpProactor/_windows.py:75]: Closing
2025-07-19 20:44:50,113 [INFO] [MainThread] [root/log.py:59]: Yasb v1.7.4
2025-07-19 20:44:50,114 [INFO] [Thread-1 (_run_server)] [cli_server/cli_server.py:212]: CLI server started v1.1.1
2025-07-19 20:44:50,114 [INFO] [MainThread] [cli_server/cli_server.py:104]: Log pipe server started
2025-07-19 20:44:50,220 [DEBUG] [MainThread] [tzlocal/win32.py:55]: Looking up time zone info from registry
2025-07-19 20:44:50,494 [DEBUG] [MainThread] [comtypes/__init__.py:149]: CoInitializeEx(None, 2)
2025-07-19 20:44:50,843 [INFO] [MainThread] [root/watcher.py:55]: Created file watcher for path C:\Users\tamil\.config\yasb
2025-07-19 20:44:50,889 [DEBUG] [MainThread] [qasync._windows._EventPoller/_windows.py:213]: Starting (proactor: <_IocpProactor overlapped#=0 result#=0>)...
2025-07-19 20:44:50,890 [DEBUG] [Dummy-10] [qasync._windows._EventWorker/_windows.py:192]: Thread started
2025-07-19 20:45:16,808 [INFO] [MainThread] [root/controller.py:12]: Reloading Application because of config update...
2025-07-19 20:45:16,916 [INFO] [MainThread] [cli_server/cli_server.py:112]: Log pipe server stopped
2025-07-19 20:45:16,916 [DEBUG] [MainThread] [cli_server/cli_server.py:206]: CLI server stopped
2025-07-19 20:45:16,943 [DEBUG] [MainThread] [qasync._windows._EventPoller/_windows.py:218]: Stopping worker thread...
2025-07-19 20:45:16,962 [DEBUG] [Dummy-10] [qasync._windows._EventWorker/_windows.py:201]: Exiting thread
2025-07-19 20:45:16,963 [DEBUG] [MainThread] [qasync._windows._IocpProactor/_windows.py:75]: Closing
2025-07-19 20:45:17,262 [INFO] [MainThread] [root/log.py:59]: Yasb v1.7.4
2025-07-19 20:45:17,263 [INFO] [Thread-1 (_run_server)] [cli_server/cli_server.py:212]: CLI server started v1.1.1
2025-07-19 20:45:17,263 [INFO] [MainThread] [cli_server/cli_server.py:104]: Log pipe server started
2025-07-19 20:45:17,369 [DEBUG] [MainThread] [tzlocal/win32.py:55]: Looking up time zone info from registry
2025-07-19 20:45:17,645 [DEBUG] [MainThread] [comtypes/__init__.py:149]: CoInitializeEx(None, 2)
2025-07-19 20:45:17,980 [INFO] [MainThread] [root/watcher.py:55]: Created file watcher for path C:\Users\tamil\.config\yasb
2025-07-19 20:45:18,025 [DEBUG] [MainThread] [qasync._windows._EventPoller/_windows.py:213]: Starting (proactor: <_IocpProactor overlapped#=0 result#=0>)...
2025-07-19 20:45:18,027 [DEBUG] [Dummy-10] [qasync._windows._EventWorker/_windows.py:192]: Thread started
2025-07-19 20:45:41,376 [INFO] [MainThread] [root/controller.py:12]: Reloading Application because of config update...
2025-07-19 20:45:41,481 [INFO] [MainThread] [cli_server/cli_server.py:112]: Log pipe server stopped
2025-07-19 20:45:41,481 [DEBUG] [MainThread] [cli_server/cli_server.py:206]: CLI server stopped
2025-07-19 20:45:41,504 [DEBUG] [MainThread] [qasync._windows._EventPoller/_windows.py:218]: Stopping worker thread...
2025-07-19 20:45:41,521 [DEBUG] [Dummy-10] [qasync._windows._EventWorker/_windows.py:201]: Exiting thread
2025-07-19 20:45:41,522 [DEBUG] [MainThread] [qasync._windows._IocpProactor/_windows.py:75]: Closing
2025-07-19 20:45:41,821 [INFO] [MainThread] [root/log.py:59]: Yasb v1.7.4
2025-07-19 20:45:41,822 [INFO] [Thread-1 (_run_server)] [cli_server/cli_server.py:212]: CLI server started v1.1.1
2025-07-19 20:45:41,822 [INFO] [MainThread] [cli_server/cli_server.py:104]: Log pipe server started
2025-07-19 20:45:41,928 [DEBUG] [MainThread] [tzlocal/win32.py:55]: Looking up time zone info from registry
2025-07-19 20:45:42,225 [DEBUG] [MainThread] [comtypes/__init__.py:149]: CoInitializeEx(None, 2)
2025-07-19 20:45:42,561 [INFO] [MainThread] [root/watcher.py:55]: Created file watcher for path C:\Users\tamil\.config\yasb
2025-07-19 20:45:42,606 [DEBUG] [MainThread] [qasync._windows._EventPoller/_windows.py:213]: Starting (proactor: <_IocpProactor overlapped#=0 result#=0>)...
2025-07-19 20:45:42,608 [DEBUG] [Dummy-10] [qasync._windows._EventWorker/_windows.py:192]: Thread started
2025-07-19 20:45:54,260 [INFO] [MainThread] [root/controller.py:12]: Reloading Application because of config update...
2025-07-19 20:45:54,362 [INFO] [MainThread] [cli_server/cli_server.py:112]: Log pipe server stopped
2025-07-19 20:45:54,362 [DEBUG] [MainThread] [cli_server/cli_server.py:206]: CLI server stopped
2025-07-19 20:45:54,388 [DEBUG] [MainThread] [qasync._windows._EventPoller/_windows.py:218]: Stopping worker thread...
2025-07-19 20:45:54,408 [DEBUG] [Dummy-10] [qasync._windows._EventWorker/_windows.py:201]: Exiting thread
2025-07-19 20:45:54,409 [DEBUG] [MainThread] [qasync._windows._IocpProactor/_windows.py:75]: Closing
2025-07-19 20:45:54,704 [INFO] [MainThread] [root/log.py:59]: Yasb v1.7.4
2025-07-19 20:45:54,705 [INFO] [Thread-1 (_run_server)] [cli_server/cli_server.py:212]: CLI server started v1.1.1
2025-07-19 20:45:54,706 [INFO] [MainThread] [cli_server/cli_server.py:104]: Log pipe server started
2025-07-19 20:45:54,816 [DEBUG] [MainThread] [tzlocal/win32.py:55]: Looking up time zone info from registry
2025-07-19 20:45:55,102 [DEBUG] [MainThread] [comtypes/__init__.py:149]: CoInitializeEx(None, 2)
2025-07-19 20:45:55,433 [INFO] [MainThread] [root/watcher.py:55]: Created file watcher for path C:\Users\tamil\.config\yasb
2025-07-19 20:45:55,476 [DEBUG] [MainThread] [qasync._windows._EventPoller/_windows.py:213]: Starting (proactor: <_IocpProactor overlapped#=0 result#=0>)...
2025-07-19 20:45:55,478 [DEBUG] [Dummy-10] [qasync._windows._EventWorker/_windows.py:192]: Thread started
2025-07-19 20:46:01,591 [INFO] [MainThread] [root/controller.py:12]: Reloading Application because of config update...
2025-07-19 20:46:01,700 [INFO] [MainThread] [cli_server/cli_server.py:112]: Log pipe server stopped
2025-07-19 20:46:01,700 [DEBUG] [MainThread] [cli_server/cli_server.py:206]: CLI server stopped
2025-07-19 20:46:01,727 [DEBUG] [MainThread] [qasync._windows._EventPoller/_windows.py:218]: Stopping worker thread...
2025-07-19 20:46:01,746 [DEBUG] [Dummy-10] [qasync._windows._EventWorker/_windows.py:201]: Exiting thread
2025-07-19 20:46:01,747 [DEBUG] [MainThread] [qasync._windows._IocpProactor/_windows.py:75]: Closing
2025-07-19 20:46:02,035 [INFO] [MainThread] [root/log.py:59]: Yasb v1.7.4
2025-07-19 20:46:02,035 [INFO] [Thread-1 (_run_server)] [cli_server/cli_server.py:212]: CLI server started v1.1.1
2025-07-19 20:46:02,036 [INFO] [MainThread] [cli_server/cli_server.py:104]: Log pipe server started
2025-07-19 20:46:02,140 [DEBUG] [MainThread] [tzlocal/win32.py:55]: Looking up time zone info from registry
2025-07-19 20:46:02,413 [DEBUG] [MainThread] [comtypes/__init__.py:149]: CoInitializeEx(None, 2)
2025-07-19 20:46:02,733 [INFO] [MainThread] [root/watcher.py:55]: Created file watcher for path C:\Users\tamil\.config\yasb
2025-07-19 20:46:02,780 [DEBUG] [MainThread] [qasync._windows._EventPoller/_windows.py:213]: Starting (proactor: <_IocpProactor overlapped#=0 result#=0>)...
2025-07-19 20:46:02,781 [DEBUG] [Dummy-10] [qasync._windows._EventWorker/_windows.py:192]: Thread started
2025-07-19 20:50:37,321 [INFO] [MainThread] [root/controller.py:12]: Reloading Application from tray...
2025-07-19 20:50:37,429 [INFO] [MainThread] [cli_server/cli_server.py:112]: Log pipe server stopped
2025-07-19 20:50:37,429 [DEBUG] [MainThread] [cli_server/cli_server.py:206]: CLI server stopped
2025-07-19 20:50:37,457 [DEBUG] [MainThread] [qasync._windows._EventPoller/_windows.py:218]: Stopping worker thread...
2025-07-19 20:50:37,475 [DEBUG] [Dummy-10] [qasync._windows._EventWorker/_windows.py:201]: Exiting thread
2025-07-19 20:50:37,478 [DEBUG] [MainThread] [qasync._windows._IocpProactor/_windows.py:75]: Closing
2025-07-19 20:50:37,785 [INFO] [MainThread] [root/log.py:59]: Yasb v1.7.4
2025-07-19 20:50:37,786 [INFO] [Thread-1 (_run_server)] [cli_server/cli_server.py:212]: CLI server started v1.1.1
2025-07-19 20:50:37,786 [INFO] [MainThread] [cli_server/cli_server.py:104]: Log pipe server started
2025-07-19 20:50:37,896 [DEBUG] [MainThread] [tzlocal/win32.py:55]: Looking up time zone info from registry
2025-07-19 20:50:38,163 [DEBUG] [MainThread] [comtypes/__init__.py:149]: CoInitializeEx(None, 2)
2025-07-19 20:50:38,444 [INFO] [MainThread] [root/watcher.py:55]: Created file watcher for path C:\Users\tamil\.config\yasb
2025-07-19 20:50:38,490 [DEBUG] [MainThread] [qasync._windows._EventPoller/_windows.py:213]: Starting (proactor: <_IocpProactor overlapped#=0 result#=0>)...
2025-07-19 20:50:38,492 [DEBUG] [Dummy-10] [qasync._windows._EventWorker/_windows.py:192]: Thread started
2025-07-19 20:50:58,162 [INFO] [MainThread] [root/controller.py:12]: Reloading Application from tray...
2025-07-19 20:50:58,266 [INFO] [MainThread] [cli_server/cli_server.py:112]: Log pipe server stopped
2025-07-19 20:50:58,266 [DEBUG] [MainThread] [cli_server/cli_server.py:206]: CLI server stopped
2025-07-19 20:50:58,292 [DEBUG] [MainThread] [qasync._windows._EventPoller/_windows.py:218]: Stopping worker thread...
2025-07-19 20:50:58,313 [DEBUG] [Dummy-10] [qasync._windows._EventWorker/_windows.py:201]: Exiting thread
2025-07-19 20:50:58,314 [DEBUG] [MainThread] [qasync._windows._IocpProactor/_windows.py:75]: Closing
2025-07-19 20:50:58,604 [INFO] [MainThread] [root/log.py:59]: Yasb v1.7.4
2025-07-19 20:50:58,606 [INFO] [Thread-1 (_run_server)] [cli_server/cli_server.py:212]: CLI server started v1.1.1
2025-07-19 20:50:58,606 [INFO] [MainThread] [cli_server/cli_server.py:104]: Log pipe server started
2025-07-19 20:50:58,710 [DEBUG] [MainThread] [tzlocal/win32.py:55]: Looking up time zone info from registry
2025-07-19 20:50:58,959 [DEBUG] [MainThread] [comtypes/__init__.py:149]: CoInitializeEx(None, 2)
2025-07-19 20:50:59,248 [INFO] [MainThread] [root/watcher.py:55]: Created file watcher for path C:\Users\tamil\.config\yasb
2025-07-19 20:50:59,289 [DEBUG] [MainThread] [qasync._windows._EventPoller/_windows.py:213]: Starting (proactor: <_IocpProactor overlapped#=0 result#=0>)...
2025-07-19 20:50:59,293 [DEBUG] [Dummy-10] [qasync._windows._EventWorker/_windows.py:192]: Thread started
2025-07-19 20:55:30,948 [INFO] [MainThread] [root/controller.py:12]: Reloading Application from tray...
2025-07-19 20:55:31,055 [INFO] [MainThread] [cli_server/cli_server.py:112]: Log pipe server stopped
2025-07-19 20:55:31,055 [DEBUG] [MainThread] [cli_server/cli_server.py:206]: CLI server stopped
2025-07-19 20:55:31,083 [DEBUG] [MainThread] [qasync._windows._EventPoller/_windows.py:218]: Stopping worker thread...
2025-07-19 20:55:31,101 [DEBUG] [Dummy-10] [qasync._windows._EventWorker/_windows.py:201]: Exiting thread
2025-07-19 20:55:31,102 [DEBUG] [MainThread] [qasync._windows._IocpProactor/_windows.py:75]: Closing
2025-07-19 20:55:31,452 [INFO] [MainThread] [root/log.py:59]: Yasb v1.7.4
2025-07-19 20:55:31,453 [INFO] [Thread-1 (_run_server)] [cli_server/cli_server.py:212]: CLI server started v1.1.1
2025-07-19 20:55:31,453 [INFO] [MainThread] [cli_server/cli_server.py:104]: Log pipe server started
2025-07-19 20:55:31,563 [DEBUG] [MainThread] [tzlocal/win32.py:55]: Looking up time zone info from registry
2025-07-19 20:55:31,850 [DEBUG] [MainThread] [comtypes/__init__.py:149]: CoInitializeEx(None, 2)
2025-07-19 20:55:32,179 [INFO] [MainThread] [root/watcher.py:55]: Created file watcher for path C:\Users\tamil\.config\yasb
2025-07-19 20:55:32,226 [DEBUG] [MainThread] [qasync._windows._EventPoller/_windows.py:213]: Starting (proactor: <_IocpProactor overlapped#=0 result#=0>)...
2025-07-19 20:55:32,228 [DEBUG] [Dummy-10] [qasync._windows._EventWorker/_windows.py:192]: Thread started
2025-07-19 21:06:04,273 [INFO] [MainThread] [root/controller.py:12]: Reloading Application because of config update...
2025-07-19 21:06:04,376 [INFO] [MainThread] [cli_server/cli_server.py:112]: Log pipe server stopped
2025-07-19 21:06:04,376 [DEBUG] [MainThread] [cli_server/cli_server.py:206]: CLI server stopped
2025-07-19 21:06:04,403 [DEBUG] [MainThread] [qasync._windows._EventPoller/_windows.py:218]: Stopping worker thread...
2025-07-19 21:06:04,424 [DEBUG] [Dummy-10] [qasync._windows._EventWorker/_windows.py:201]: Exiting thread
2025-07-19 21:06:04,425 [DEBUG] [MainThread] [qasync._windows._IocpProactor/_windows.py:75]: Closing
2025-07-19 21:06:04,726 [INFO] [MainThread] [root/log.py:59]: Yasb v1.7.4
2025-07-19 21:06:04,727 [INFO] [Thread-1 (_run_server)] [cli_server/cli_server.py:212]: CLI server started v1.1.1
2025-07-19 21:06:04,727 [INFO] [MainThread] [cli_server/cli_server.py:104]: Log pipe server started
2025-07-19 21:06:04,835 [DEBUG] [MainThread] [tzlocal/win32.py:55]: Looking up time zone info from registry
2025-07-19 21:06:05,135 [DEBUG] [MainThread] [comtypes/__init__.py:149]: CoInitializeEx(None, 2)
2025-07-19 21:06:05,485 [INFO] [MainThread] [root/watcher.py:55]: Created file watcher for path C:\Users\tamil\.config\yasb
2025-07-19 21:06:05,533 [DEBUG] [MainThread] [qasync._windows._EventPoller/_windows.py:213]: Starting (proactor: <_IocpProactor overlapped#=0 result#=0>)...
2025-07-19 21:06:05,534 [DEBUG] [Dummy-10] [qasync._windows._EventWorker/_windows.py:192]: Thread started
2025-07-19 21:07:58,722 [INFO] [MainThread] [root/controller.py:12]: Reloading Application from tray...
2025-07-19 21:07:58,826 [INFO] [MainThread] [cli_server/cli_server.py:112]: Log pipe server stopped
2025-07-19 21:07:58,826 [DEBUG] [MainThread] [cli_server/cli_server.py:206]: CLI server stopped
2025-07-19 21:07:58,854 [DEBUG] [MainThread] [qasync._windows._EventPoller/_windows.py:218]: Stopping worker thread...
2025-07-19 21:07:58,872 [DEBUG] [Dummy-10] [qasync._windows._EventWorker/_windows.py:201]: Exiting thread
2025-07-19 21:07:58,872 [DEBUG] [MainThread] [qasync._windows._IocpProactor/_windows.py:75]: Closing
2025-07-19 21:07:59,179 [INFO] [MainThread] [root/log.py:59]: Yasb v1.7.4
2025-07-19 21:07:59,180 [INFO] [Thread-1 (_run_server)] [cli_server/cli_server.py:212]: CLI server started v1.1.1
2025-07-19 21:07:59,181 [INFO] [MainThread] [cli_server/cli_server.py:104]: Log pipe server started
2025-07-19 21:07:59,288 [DEBUG] [MainThread] [tzlocal/win32.py:55]: Looking up time zone info from registry
2025-07-19 21:07:59,562 [DEBUG] [MainThread] [comtypes/__init__.py:149]: CoInitializeEx(None, 2)
2025-07-19 21:07:59,915 [INFO] [MainThread] [root/watcher.py:55]: Created file watcher for path C:\Users\tamil\.config\yasb
2025-07-19 21:07:59,961 [DEBUG] [MainThread] [qasync._windows._EventPoller/_windows.py:213]: Starting (proactor: <_IocpProactor overlapped#=0 result#=0>)...
2025-07-19 21:07:59,963 [DEBUG] [Dummy-10] [qasync._windows._EventWorker/_windows.py:192]: Thread started
2025-07-19 21:19:20,995 [INFO] [MainThread] [root/controller.py:12]: Reloading Application because of config update...
2025-07-19 21:19:21,098 [INFO] [MainThread] [cli_server/cli_server.py:112]: Log pipe server stopped
2025-07-19 21:19:21,099 [DEBUG] [MainThread] [cli_server/cli_server.py:206]: CLI server stopped
2025-07-19 21:19:21,124 [DEBUG] [MainThread] [qasync._windows._EventPoller/_windows.py:218]: Stopping worker thread...
2025-07-19 21:19:21,144 [DEBUG] [Dummy-10] [qasync._windows._EventWorker/_windows.py:201]: Exiting thread
2025-07-19 21:19:21,144 [DEBUG] [MainThread] [qasync._windows._IocpProactor/_windows.py:75]: Closing
2025-07-19 21:19:21,444 [INFO] [MainThread] [root/log.py:59]: Yasb v1.7.4
2025-07-19 21:19:21,444 [INFO] [Thread-1 (_run_server)] [cli_server/cli_server.py:212]: CLI server started v1.1.1
2025-07-19 21:19:21,445 [INFO] [MainThread] [cli_server/cli_server.py:104]: Log pipe server started
2025-07-19 21:19:21,554 [DEBUG] [MainThread] [tzlocal/win32.py:55]: Looking up time zone info from registry
2025-07-19 21:19:21,832 [DEBUG] [MainThread] [comtypes/__init__.py:149]: CoInitializeEx(None, 2)
2025-07-19 21:19:22,193 [INFO] [MainThread] [root/watcher.py:55]: Created file watcher for path C:\Users\tamil\.config\yasb
2025-07-19 21:19:22,237 [DEBUG] [MainThread] [qasync._windows._EventPoller/_windows.py:213]: Starting (proactor: <_IocpProactor overlapped#=0 result#=0>)...
2025-07-19 21:19:22,239 [DEBUG] [Dummy-10] [qasync._windows._EventWorker/_windows.py:192]: Thread started
2025-07-19 21:20:57,625 [INFO] [MainThread] [root/controller.py:12]: Reloading Application because of config update...
2025-07-19 21:20:57,736 [INFO] [MainThread] [cli_server/cli_server.py:112]: Log pipe server stopped
2025-07-19 21:20:57,736 [DEBUG] [MainThread] [cli_server/cli_server.py:206]: CLI server stopped
2025-07-19 21:20:57,769 [DEBUG] [MainThread] [qasync._windows._EventPoller/_windows.py:218]: Stopping worker thread...
2025-07-19 21:20:57,782 [DEBUG] [Dummy-10] [qasync._windows._EventWorker/_windows.py:201]: Exiting thread
2025-07-19 21:20:57,784 [DEBUG] [MainThread] [qasync._windows._IocpProactor/_windows.py:75]: Closing
2025-07-19 21:20:58,220 [INFO] [MainThread] [root/log.py:59]: Yasb v1.7.4
2025-07-19 21:20:58,220 [INFO] [Thread-1 (_run_server)] [cli_server/cli_server.py:212]: CLI server started v1.1.1
2025-07-19 21:20:58,221 [INFO] [MainThread] [cli_server/cli_server.py:104]: Log pipe server started
2025-07-19 21:20:58,357 [DEBUG] [MainThread] [tzlocal/win32.py:55]: Looking up time zone info from registry
2025-07-19 21:20:58,722 [DEBUG] [MainThread] [comtypes/__init__.py:149]: CoInitializeEx(None, 2)
2025-07-19 21:20:59,169 [INFO] [MainThread] [root/watcher.py:55]: Created file watcher for path C:\Users\tamil\.config\yasb
2025-07-19 21:20:59,225 [DEBUG] [MainThread] [qasync._windows._EventPoller/_windows.py:213]: Starting (proactor: <_IocpProactor overlapped#=0 result#=0>)...
2025-07-19 21:20:59,227 [DEBUG] [Dummy-10] [qasync._windows._EventWorker/_windows.py:192]: Thread started
2025-07-20 13:04:01,447 [INFO] [MainThread] [root/log.py:59]: Yasb v1.7.4
2025-07-20 13:04:01,449 [INFO] [Thread-1 (_run_server)] [cli_server/cli_server.py:212]: CLI server started v1.1.1
2025-07-20 13:04:01,450 [INFO] [MainThread] [cli_server/cli_server.py:104]: Log pipe server started
2025-07-20 13:04:01,542 [DEBUG] [MainThread] [tzlocal/win32.py:55]: Looking up time zone info from registry
2025-07-20 13:04:01,894 [DEBUG] [MainThread] [comtypes/__init__.py:149]: CoInitializeEx(None, 2)
2025-07-20 13:04:02,191 [INFO] [MainThread] [root/watcher.py:55]: Created file watcher for path C:\Users\tamil\.config\yasb
2025-07-20 13:04:02,240 [DEBUG] [MainThread] [qasync._windows._EventPoller/_windows.py:213]: Starting (proactor: <_IocpProactor overlapped#=0 result#=0>)...
2025-07-20 13:04:02,242 [DEBUG] [Dummy-10] [qasync._windows._EventWorker/_windows.py:192]: Thread started
2025-07-20 15:18:49,072 [INFO] [MainThread] [root/controller.py:12]: Reloading Application because of config update...
2025-07-20 15:18:49,184 [INFO] [MainThread] [cli_server/cli_server.py:112]: Log pipe server stopped
2025-07-20 15:18:49,184 [DEBUG] [MainThread] [cli_server/cli_server.py:206]: CLI server stopped
2025-07-20 15:18:49,215 [DEBUG] [MainThread] [qasync._windows._EventPoller/_windows.py:218]: Stopping worker thread...
2025-07-20 15:18:49,229 [DEBUG] [Dummy-10] [qasync._windows._EventWorker/_windows.py:201]: Exiting thread
2025-07-20 15:18:49,232 [DEBUG] [MainThread] [qasync._windows._IocpProactor/_windows.py:75]: Closing
2025-07-20 15:18:49,564 [INFO] [MainThread] [root/log.py:59]: Yasb v1.7.4
2025-07-20 15:18:49,566 [INFO] [Thread-1 (_run_server)] [cli_server/cli_server.py:212]: CLI server started v1.1.1
2025-07-20 15:18:49,566 [INFO] [MainThread] [cli_server/cli_server.py:104]: Log pipe server started
2025-07-20 15:18:49,677 [DEBUG] [MainThread] [tzlocal/win32.py:55]: Looking up time zone info from registry
2025-07-20 15:18:49,930 [DEBUG] [MainThread] [comtypes/__init__.py:149]: CoInitializeEx(None, 2)
2025-07-20 15:18:50,383 [INFO] [MainThread] [root/watcher.py:55]: Created file watcher for path C:\Users\tamil\.config\yasb
2025-07-20 15:18:50,425 [DEBUG] [MainThread] [qasync._windows._EventPoller/_windows.py:213]: Starting (proactor: <_IocpProactor overlapped#=0 result#=0>)...
2025-07-20 15:18:50,426 [DEBUG] [Dummy-10] [qasync._windows._EventWorker/_windows.py:192]: Thread started
2025-07-20 15:23:33,931 [INFO] [MainThread] [root/log.py:59]: Yasb v1.7.4
2025-07-20 15:23:33,932 [INFO] [Thread-1 (_run_server)] [cli_server/cli_server.py:212]: CLI server started v1.1.1
2025-07-20 15:23:33,932 [INFO] [MainThread] [cli_server/cli_server.py:104]: Log pipe server started
2025-07-20 15:23:34,030 [DEBUG] [MainThread] [tzlocal/win32.py:55]: Looking up time zone info from registry
2025-07-20 15:23:34,356 [DEBUG] [MainThread] [comtypes/__init__.py:149]: CoInitializeEx(None, 2)
2025-07-20 15:23:34,774 [INFO] [MainThread] [root/watcher.py:55]: Created file watcher for path C:\Users\tamil\.config\yasb
2025-07-20 15:23:34,816 [DEBUG] [MainThread] [qasync._windows._EventPoller/_windows.py:213]: Starting (proactor: <_IocpProactor overlapped#=0 result#=0>)...
2025-07-20 15:23:34,817 [DEBUG] [Dummy-10] [qasync._windows._EventWorker/_windows.py:192]: Thread started
2025-07-20 15:24:27,282 [INFO] [MainThread] [root/controller.py:27]: Exiting Application from tray...
2025-07-20 15:24:27,392 [INFO] [MainThread] [cli_server/cli_server.py:112]: Log pipe server stopped
2025-07-20 15:24:27,392 [DEBUG] [MainThread] [cli_server/cli_server.py:206]: CLI server stopped
2025-07-20 15:24:27,395 [DEBUG] [MainThread] [qasync._windows._EventPoller/_windows.py:218]: Stopping worker thread...
2025-07-20 15:24:27,406 [DEBUG] [Dummy-10] [qasync._windows._EventWorker/_windows.py:201]: Exiting thread
2025-07-20 15:24:27,406 [DEBUG] [MainThread] [qasync._windows._IocpProactor/_windows.py:75]: Closing
2025-07-20 15:24:31,626 [INFO] [MainThread] [root/log.py:59]: Yasb v1.7.4
2025-07-20 15:24:31,627 [INFO] [Thread-1 (_run_server)] [cli_server/cli_server.py:212]: CLI server started v1.1.1
2025-07-20 15:24:31,629 [INFO] [MainThread] [cli_server/cli_server.py:104]: Log pipe server started
2025-07-20 15:24:31,755 [DEBUG] [MainThread] [tzlocal/win32.py:55]: Looking up time zone info from registry
2025-07-20 15:24:32,112 [DEBUG] [MainThread] [comtypes/__init__.py:149]: CoInitializeEx(None, 2)
2025-07-20 15:24:32,463 [INFO] [MainThread] [root/watcher.py:55]: Created file watcher for path C:\Users\tamil\.config\yasb
2025-07-20 15:24:32,510 [DEBUG] [MainThread] [qasync._windows._EventPoller/_windows.py:213]: Starting (proactor: <_IocpProactor overlapped#=0 result#=0>)...
2025-07-20 15:24:32,512 [DEBUG] [Dummy-10] [qasync._windows._EventWorker/_windows.py:192]: Thread started
2025-07-20 21:41:19,433 [INFO] [MainThread] [root/controller.py:12]: Reloading Application because of config update...
2025-07-20 21:41:19,544 [INFO] [MainThread] [cli_server/cli_server.py:112]: Log pipe server stopped
2025-07-20 21:41:19,544 [DEBUG] [MainThread] [cli_server/cli_server.py:206]: CLI server stopped
2025-07-20 21:41:19,564 [DEBUG] [MainThread] [qasync._windows._EventPoller/_windows.py:218]: Stopping worker thread...
2025-07-20 21:41:19,574 [DEBUG] [Dummy-10] [qasync._windows._EventWorker/_windows.py:201]: Exiting thread
2025-07-20 21:41:19,577 [DEBUG] [MainThread] [qasync._windows._IocpProactor/_windows.py:75]: Closing
2025-07-20 21:41:19,991 [INFO] [MainThread] [root/log.py:59]: Yasb v1.7.4
2025-07-20 21:41:19,992 [INFO] [Thread-1 (_run_server)] [cli_server/cli_server.py:212]: CLI server started v1.1.1
2025-07-20 21:41:19,993 [INFO] [MainThread] [cli_server/cli_server.py:104]: Log pipe server started
2025-07-20 21:41:20,099 [DEBUG] [MainThread] [tzlocal/win32.py:55]: Looking up time zone info from registry
2025-07-20 21:41:20,418 [DEBUG] [MainThread] [comtypes/__init__.py:149]: CoInitializeEx(None, 2)
2025-07-20 21:41:20,876 [INFO] [MainThread] [root/watcher.py:55]: Created file watcher for path C:\Users\tamil\.config\yasb
2025-07-20 21:41:20,925 [DEBUG] [MainThread] [qasync._windows._EventPoller/_windows.py:213]: Starting (proactor: <_IocpProactor overlapped#=0 result#=0>)...
2025-07-20 21:41:20,927 [DEBUG] [Dummy-10] [qasync._windows._EventWorker/_windows.py:192]: Thread started
2025-07-20 21:41:56,130 [INFO] [MainThread] [root/controller.py:12]: Reloading Application because of config update...
2025-07-20 21:41:56,233 [INFO] [MainThread] [cli_server/cli_server.py:112]: Log pipe server stopped
2025-07-20 21:41:56,233 [DEBUG] [MainThread] [cli_server/cli_server.py:206]: CLI server stopped
2025-07-20 21:41:56,248 [DEBUG] [MainThread] [qasync._windows._EventPoller/_windows.py:218]: Stopping worker thread...
2025-07-20 21:41:56,256 [DEBUG] [Dummy-10] [qasync._windows._EventWorker/_windows.py:201]: Exiting thread
2025-07-20 21:41:56,257 [DEBUG] [MainThread] [qasync._windows._IocpProactor/_windows.py:75]: Closing
2025-07-20 21:41:56,553 [INFO] [MainThread] [root/log.py:59]: Yasb v1.7.4
2025-07-20 21:41:56,554 [INFO] [Thread-1 (_run_server)] [cli_server/cli_server.py:212]: CLI server started v1.1.1
2025-07-20 21:41:56,555 [INFO] [MainThread] [cli_server/cli_server.py:104]: Log pipe server started
2025-07-20 21:41:56,662 [DEBUG] [MainThread] [tzlocal/win32.py:55]: Looking up time zone info from registry
2025-07-20 21:41:56,924 [DEBUG] [MainThread] [comtypes/__init__.py:149]: CoInitializeEx(None, 2)
2025-07-20 21:41:57,237 [INFO] [MainThread] [root/watcher.py:55]: Created file watcher for path C:\Users\tamil\.config\yasb
2025-07-20 21:41:57,287 [DEBUG] [MainThread] [qasync._windows._EventPoller/_windows.py:213]: Starting (proactor: <_IocpProactor overlapped#=0 result#=0>)...
2025-07-20 21:41:57,288 [DEBUG] [Dummy-10] [qasync._windows._EventWorker/_windows.py:192]: Thread started
2025-07-20 21:41:58,581 [INFO] [MainThread] [root/controller.py:12]: Reloading Application because of config update...
2025-07-20 21:41:58,692 [INFO] [MainThread] [cli_server/cli_server.py:112]: Log pipe server stopped
2025-07-20 21:41:58,692 [DEBUG] [MainThread] [cli_server/cli_server.py:206]: CLI server stopped
2025-07-20 21:41:58,706 [DEBUG] [MainThread] [qasync._windows._EventPoller/_windows.py:218]: Stopping worker thread...
2025-07-20 21:41:58,725 [DEBUG] [Dummy-10] [qasync._windows._EventWorker/_windows.py:201]: Exiting thread
2025-07-20 21:41:58,726 [DEBUG] [MainThread] [qasync._windows._IocpProactor/_windows.py:75]: Closing
2025-07-20 21:41:58,996 [INFO] [MainThread] [root/log.py:59]: Yasb v1.7.4
2025-07-20 21:41:58,996 [INFO] [Thread-1 (_run_server)] [cli_server/cli_server.py:212]: CLI server started v1.1.1
2025-07-20 21:41:58,997 [INFO] [MainThread] [cli_server/cli_server.py:104]: Log pipe server started
2025-07-20 21:41:59,099 [DEBUG] [MainThread] [tzlocal/win32.py:55]: Looking up time zone info from registry
2025-07-20 21:41:59,383 [DEBUG] [MainThread] [comtypes/__init__.py:149]: CoInitializeEx(None, 2)
2025-07-20 21:41:59,679 [INFO] [MainThread] [root/watcher.py:55]: Created file watcher for path C:\Users\tamil\.config\yasb
2025-07-20 21:41:59,720 [DEBUG] [MainThread] [qasync._windows._EventPoller/_windows.py:213]: Starting (proactor: <_IocpProactor overlapped#=0 result#=0>)...
2025-07-20 21:41:59,721 [DEBUG] [Dummy-10] [qasync._windows._EventWorker/_windows.py:192]: Thread started
2025-07-20 21:42:09,956 [ERROR] [MainThread] [root/config.py:119]: The file 'C:\Users\tamil\.config\yasb\config.yaml' contains Parser Error(s). Please fix:
while parsing a block mapping
  in "C:\Users\tamil\.config\yasb\config.yaml", line 312, column 5
expected <block end>, but found '<block mapping start>'
  in "C:\Users\tamil\.config\yasb\config.yaml", line 313, column 7
2025-07-20 21:42:17,566 [ERROR] [MainThread] [root/config.py:119]: The file 'C:\Users\tamil\.config\yasb\config.yaml' contains Parser Error(s). Please fix:
while parsing a block mapping
  in "C:\Users\tamil\.config\yasb\config.yaml", line 314, column 7
expected <block end>, but found '<block mapping start>'
  in "C:\Users\tamil\.config\yasb\config.yaml", line 315, column 9
2025-07-20 21:42:19,027 [ERROR] [MainThread] [root/config.py:119]: The file 'C:\Users\tamil\.config\yasb\config.yaml' contains Parser Error(s). Please fix:
while parsing a block mapping
  in "C:\Users\tamil\.config\yasb\config.yaml", line 314, column 7
expected <block end>, but found '<block mapping start>'
  in "C:\Users\tamil\.config\yasb\config.yaml", line 319, column 9
2025-07-20 21:42:20,740 [ERROR] [MainThread] [root/config.py:119]: The file 'C:\Users\tamil\.config\yasb\config.yaml' contains Parser Error(s). Please fix:
while parsing a block mapping
  in "C:\Users\tamil\.config\yasb\config.yaml", line 316, column 9
expected <block end>, but found '<block mapping start>'
  in "C:\Users\tamil\.config\yasb\config.yaml", line 317, column 11
2025-07-20 21:42:22,085 [ERROR] [MainThread] [root/config.py:119]: The file 'C:\Users\tamil\.config\yasb\config.yaml' contains Parser Error(s). Please fix:
while parsing a block mapping
  in "C:\Users\tamil\.config\yasb\config.yaml", line 316, column 9
expected <block end>, but found '<block mapping start>'
  in "C:\Users\tamil\.config\yasb\config.yaml", line 318, column 11
2025-07-20 21:42:23,241 [INFO] [MainThread] [root/controller.py:12]: Reloading Application because of config update...
2025-07-20 21:42:23,343 [INFO] [MainThread] [cli_server/cli_server.py:112]: Log pipe server stopped
2025-07-20 21:42:23,343 [DEBUG] [MainThread] [cli_server/cli_server.py:206]: CLI server stopped
2025-07-20 21:42:23,359 [DEBUG] [MainThread] [qasync._windows._EventPoller/_windows.py:218]: Stopping worker thread...
2025-07-20 21:42:23,373 [DEBUG] [Dummy-10] [qasync._windows._EventWorker/_windows.py:201]: Exiting thread
2025-07-20 21:42:23,374 [DEBUG] [MainThread] [qasync._windows._IocpProactor/_windows.py:75]: Closing
2025-07-20 21:42:23,654 [INFO] [MainThread] [root/log.py:59]: Yasb v1.7.4
2025-07-20 21:42:23,655 [INFO] [Thread-1 (_run_server)] [cli_server/cli_server.py:212]: CLI server started v1.1.1
2025-07-20 21:42:23,657 [INFO] [MainThread] [cli_server/cli_server.py:104]: Log pipe server started
2025-07-20 21:42:23,758 [DEBUG] [MainThread] [tzlocal/win32.py:55]: Looking up time zone info from registry
2025-07-20 21:42:24,019 [DEBUG] [MainThread] [comtypes/__init__.py:149]: CoInitializeEx(None, 2)
2025-07-20 21:42:24,309 [INFO] [MainThread] [root/watcher.py:55]: Created file watcher for path C:\Users\tamil\.config\yasb
2025-07-20 21:42:24,349 [DEBUG] [MainThread] [qasync._windows._EventPoller/_windows.py:213]: Starting (proactor: <_IocpProactor overlapped#=0 result#=0>)...
2025-07-20 21:42:24,350 [DEBUG] [Dummy-10] [qasync._windows._EventWorker/_windows.py:192]: Thread started
2025-07-20 21:42:26,623 [ERROR] [MainThread] [root/bar_manager.py:53]: Error loading config: mapping values are not allowed here
  in "C:\Users\tamil\.config\yasb\config.yaml", line 320, column 17
2025-07-20 21:42:29,284 [ERROR] [MainThread] [root/bar_manager.py:53]: Error loading config: mapping values are not allowed here
  in "C:\Users\tamil\.config\yasb\config.yaml", line 322, column 22
2025-07-20 21:42:30,645 [ERROR] [MainThread] [root/config.py:119]: The file 'C:\Users\tamil\.config\yasb\config.yaml' contains Parser Error(s). Please fix:
while parsing a block mapping
  in "C:\Users\tamil\.config\yasb\config.yaml", line 314, column 7
expected <block end>, but found '<block mapping start>'
  in "C:\Users\tamil\.config\yasb\config.yaml", line 331, column 9
2025-07-20 21:42:32,943 [ERROR] [MainThread] [root/bar_manager.py:53]: Error loading config: mapping values are not allowed here
  in "C:\Users\tamil\.config\yasb\config.yaml", line 324, column 24
2025-07-20 21:42:34,994 [ERROR] [MainThread] [root/config.py:119]: The file 'C:\Users\tamil\.config\yasb\config.yaml' contains Parser Error(s). Please fix:
while parsing a block mapping
  in "C:\Users\tamil\.config\yasb\config.yaml", line 323, column 9
expected <block end>, but found '<block mapping start>'
  in "C:\Users\tamil\.config\yasb\config.yaml", line 326, column 11
2025-07-20 21:42:38,962 [ERROR] [MainThread] [root/bar_manager.py:53]: Error loading config: mapping values are not allowed here
  in "C:\Users\tamil\.config\yasb\config.yaml", line 330, column 22
2025-07-20 21:42:40,014 [INFO] [MainThread] [root/controller.py:12]: Reloading Application because of config update...
2025-07-20 21:42:40,122 [INFO] [MainThread] [cli_server/cli_server.py:112]: Log pipe server stopped
2025-07-20 21:42:40,122 [DEBUG] [MainThread] [cli_server/cli_server.py:206]: CLI server stopped
2025-07-20 21:42:40,137 [DEBUG] [MainThread] [qasync._windows._EventPoller/_windows.py:218]: Stopping worker thread...
2025-07-20 21:42:40,152 [DEBUG] [Dummy-10] [qasync._windows._EventWorker/_windows.py:201]: Exiting thread
2025-07-20 21:42:40,152 [DEBUG] [MainThread] [qasync._windows._IocpProactor/_windows.py:75]: Closing
2025-07-20 21:42:40,433 [INFO] [MainThread] [root/log.py:59]: Yasb v1.7.4
2025-07-20 21:42:40,433 [INFO] [Thread-1 (_run_server)] [cli_server/cli_server.py:212]: CLI server started v1.1.1
2025-07-20 21:42:40,434 [INFO] [MainThread] [cli_server/cli_server.py:104]: Log pipe server started
2025-07-20 21:42:40,541 [DEBUG] [MainThread] [tzlocal/win32.py:55]: Looking up time zone info from registry
2025-07-20 21:42:40,815 [DEBUG] [MainThread] [comtypes/__init__.py:149]: CoInitializeEx(None, 2)
2025-07-20 21:42:41,119 [INFO] [MainThread] [root/watcher.py:55]: Created file watcher for path C:\Users\tamil\.config\yasb
2025-07-20 21:42:41,167 [DEBUG] [MainThread] [qasync._windows._EventPoller/_windows.py:213]: Starting (proactor: <_IocpProactor overlapped#=0 result#=0>)...
2025-07-20 21:42:41,169 [DEBUG] [Dummy-10] [qasync._windows._EventWorker/_windows.py:192]: Thread started
2025-07-20 21:42:42,652 [INFO] [MainThread] [root/controller.py:12]: Reloading Application because of config update...
2025-07-20 21:42:42,764 [INFO] [MainThread] [cli_server/cli_server.py:112]: Log pipe server stopped
2025-07-20 21:42:42,764 [DEBUG] [MainThread] [cli_server/cli_server.py:206]: CLI server stopped
2025-07-20 21:42:42,778 [DEBUG] [MainThread] [qasync._windows._EventPoller/_windows.py:218]: Stopping worker thread...
2025-07-20 21:42:42,781 [DEBUG] [Dummy-10] [qasync._windows._EventWorker/_windows.py:201]: Exiting thread
2025-07-20 21:42:42,781 [DEBUG] [MainThread] [qasync._windows._IocpProactor/_windows.py:75]: Closing
2025-07-20 21:42:43,068 [INFO] [MainThread] [root/log.py:59]: Yasb v1.7.4
2025-07-20 21:42:43,069 [INFO] [Thread-1 (_run_server)] [cli_server/cli_server.py:212]: CLI server started v1.1.1
2025-07-20 21:42:43,069 [INFO] [MainThread] [cli_server/cli_server.py:104]: Log pipe server started
2025-07-20 21:42:43,166 [DEBUG] [MainThread] [tzlocal/win32.py:55]: Looking up time zone info from registry
2025-07-20 21:42:43,436 [DEBUG] [MainThread] [comtypes/__init__.py:149]: CoInitializeEx(None, 2)
2025-07-20 21:42:43,778 [INFO] [MainThread] [root/watcher.py:55]: Created file watcher for path C:\Users\tamil\.config\yasb
2025-07-20 21:42:43,828 [DEBUG] [MainThread] [qasync._windows._EventPoller/_windows.py:213]: Starting (proactor: <_IocpProactor overlapped#=0 result#=0>)...
2025-07-20 21:42:43,830 [DEBUG] [Dummy-10] [qasync._windows._EventWorker/_windows.py:192]: Thread started
2025-07-20 21:42:45,710 [ERROR] [MainThread] [root/bar_manager.py:53]: Error loading config: mapping values are not allowed here
  in "C:\Users\tamil\.config\yasb\config.yaml", line 333, column 16
2025-07-20 21:43:31,284 [INFO] [MainThread] [root/controller.py:12]: Reloading Application because of config update...
2025-07-20 21:43:31,394 [INFO] [MainThread] [cli_server/cli_server.py:112]: Log pipe server stopped
2025-07-20 21:43:31,394 [DEBUG] [MainThread] [cli_server/cli_server.py:206]: CLI server stopped
2025-07-20 21:43:31,409 [DEBUG] [MainThread] [qasync._windows._EventPoller/_windows.py:218]: Stopping worker thread...
2025-07-20 21:43:31,429 [DEBUG] [Dummy-10] [qasync._windows._EventWorker/_windows.py:201]: Exiting thread
2025-07-20 21:43:31,430 [DEBUG] [MainThread] [qasync._windows._IocpProactor/_windows.py:75]: Closing
2025-07-20 21:43:31,709 [INFO] [MainThread] [root/log.py:59]: Yasb v1.7.4
2025-07-20 21:43:31,709 [INFO] [Thread-1 (_run_server)] [cli_server/cli_server.py:212]: CLI server started v1.1.1
2025-07-20 21:43:31,710 [INFO] [MainThread] [cli_server/cli_server.py:104]: Log pipe server started
2025-07-20 21:43:31,812 [DEBUG] [MainThread] [tzlocal/win32.py:55]: Looking up time zone info from registry
2025-07-20 21:43:32,008 [WARNING] [MainThread] [root/widget_builder.py:38]: No widget config could be found for widget 'ko
2025-07-20 21:43:32,096 [DEBUG] [MainThread] [comtypes/__init__.py:149]: CoInitializeEx(None, 2)
2025-07-20 21:43:32,398 [ERROR] [MainThread] [root/widget_builder.py:77]: Failed to add undefined widget(s)  - The widget "ko" is undefined.
2025-07-20 21:43:35,189 [INFO] [MainThread] [root/watcher.py:55]: Created file watcher for path C:\Users\tamil\.config\yasb
2025-07-20 21:43:35,244 [DEBUG] [MainThread] [qasync._windows._EventPoller/_windows.py:213]: Starting (proactor: <_IocpProactor overlapped#=0 result#=0>)...
2025-07-20 21:43:35,246 [DEBUG] [Dummy-10] [qasync._windows._EventWorker/_windows.py:192]: Thread started
2025-07-20 21:43:41,276 [INFO] [MainThread] [root/controller.py:12]: Reloading Application because of config update...
2025-07-20 21:43:41,391 [INFO] [MainThread] [cli_server/cli_server.py:112]: Log pipe server stopped
2025-07-20 21:43:41,391 [DEBUG] [MainThread] [cli_server/cli_server.py:206]: CLI server stopped
2025-07-20 21:43:41,408 [DEBUG] [MainThread] [qasync._windows._EventPoller/_windows.py:218]: Stopping worker thread...
2025-07-20 21:43:41,426 [DEBUG] [Dummy-10] [qasync._windows._EventWorker/_windows.py:201]: Exiting thread
2025-07-20 21:43:41,426 [DEBUG] [MainThread] [qasync._windows._IocpProactor/_windows.py:75]: Closing
2025-07-20 21:43:41,727 [INFO] [MainThread] [root/log.py:59]: Yasb v1.7.4
2025-07-20 21:43:41,727 [INFO] [Thread-1 (_run_server)] [cli_server/cli_server.py:212]: CLI server started v1.1.1
2025-07-20 21:43:41,728 [INFO] [MainThread] [cli_server/cli_server.py:104]: Log pipe server started
2025-07-20 21:43:41,855 [DEBUG] [MainThread] [tzlocal/win32.py:55]: Looking up time zone info from registry
2025-07-20 21:43:42,111 [WARNING] [MainThread] [root/widget_builder.py:38]: No widget config could be found for widget 'komorebi_control"
2025-07-20 21:43:42,232 [DEBUG] [MainThread] [comtypes/__init__.py:149]: CoInitializeEx(None, 2)
2025-07-20 21:43:42,528 [ERROR] [MainThread] [root/widget_builder.py:77]: Failed to add undefined widget(s)  - The widget "komorebi_control"" is undefined.
2025-07-20 21:43:46,030 [INFO] [MainThread] [root/watcher.py:55]: Created file watcher for path C:\Users\tamil\.config\yasb
2025-07-20 21:43:46,085 [DEBUG] [MainThread] [qasync._windows._EventPoller/_windows.py:213]: Starting (proactor: <_IocpProactor overlapped#=0 result#=0>)...
2025-07-20 21:43:46,087 [DEBUG] [Dummy-10] [qasync._windows._EventWorker/_windows.py:192]: Thread started
2025-07-20 21:43:51,347 [INFO] [MainThread] [root/controller.py:12]: Reloading Application from tray...
2025-07-20 21:43:51,447 [INFO] [MainThread] [cli_server/cli_server.py:112]: Log pipe server stopped
2025-07-20 21:43:51,447 [DEBUG] [MainThread] [cli_server/cli_server.py:206]: CLI server stopped
2025-07-20 21:43:51,463 [DEBUG] [MainThread] [qasync._windows._EventPoller/_windows.py:218]: Stopping worker thread...
2025-07-20 21:43:51,468 [DEBUG] [Dummy-10] [qasync._windows._EventWorker/_windows.py:201]: Exiting thread
2025-07-20 21:43:51,468 [DEBUG] [MainThread] [qasync._windows._IocpProactor/_windows.py:75]: Closing
2025-07-20 21:43:51,802 [INFO] [MainThread] [root/log.py:59]: Yasb v1.7.4
2025-07-20 21:43:51,803 [INFO] [Thread-1 (_run_server)] [cli_server/cli_server.py:212]: CLI server started v1.1.1
2025-07-20 21:43:51,805 [INFO] [MainThread] [cli_server/cli_server.py:104]: Log pipe server started
2025-07-20 21:43:51,922 [DEBUG] [MainThread] [tzlocal/win32.py:55]: Looking up time zone info from registry
2025-07-20 21:43:52,257 [DEBUG] [MainThread] [comtypes/__init__.py:149]: CoInitializeEx(None, 2)
2025-07-20 21:43:52,542 [INFO] [MainThread] [root/watcher.py:55]: Created file watcher for path C:\Users\tamil\.config\yasb
2025-07-20 21:43:52,582 [DEBUG] [MainThread] [qasync._windows._EventPoller/_windows.py:213]: Starting (proactor: <_IocpProactor overlapped#=0 result#=0>)...
2025-07-20 21:43:52,585 [DEBUG] [Dummy-10] [qasync._windows._EventWorker/_windows.py:192]: Thread started
2025-07-20 21:44:21,869 [INFO] [MainThread] [root/controller.py:12]: Reloading Application because of config update...
2025-07-20 21:44:21,978 [INFO] [MainThread] [cli_server/cli_server.py:112]: Log pipe server stopped
2025-07-20 21:44:21,978 [DEBUG] [MainThread] [cli_server/cli_server.py:206]: CLI server stopped
2025-07-20 21:44:21,992 [DEBUG] [MainThread] [qasync._windows._EventPoller/_windows.py:218]: Stopping worker thread...
2025-07-20 21:44:21,994 [DEBUG] [Dummy-10] [qasync._windows._EventWorker/_windows.py:201]: Exiting thread
2025-07-20 21:44:21,995 [DEBUG] [MainThread] [qasync._windows._IocpProactor/_windows.py:75]: Closing
2025-07-20 21:44:22,314 [INFO] [MainThread] [root/log.py:59]: Yasb v1.7.4
2025-07-20 21:44:22,316 [INFO] [Thread-1 (_run_server)] [cli_server/cli_server.py:212]: CLI server started v1.1.1
2025-07-20 21:44:22,317 [INFO] [MainThread] [cli_server/cli_server.py:104]: Log pipe server started
2025-07-20 21:44:22,441 [DEBUG] [MainThread] [tzlocal/win32.py:55]: Looking up time zone info from registry
2025-07-20 21:44:22,761 [DEBUG] [MainThread] [comtypes/__init__.py:149]: CoInitializeEx(None, 2)
2025-07-20 21:44:23,065 [INFO] [MainThread] [root/watcher.py:55]: Created file watcher for path C:\Users\tamil\.config\yasb
2025-07-20 21:44:23,104 [DEBUG] [MainThread] [qasync._windows._EventPoller/_windows.py:213]: Starting (proactor: <_IocpProactor overlapped#=0 result#=0>)...
2025-07-20 21:44:23,105 [DEBUG] [Dummy-10] [qasync._windows._EventWorker/_windows.py:192]: Thread started
2025-07-20 21:44:28,921 [INFO] [MainThread] [root/controller.py:12]: Reloading Application because of config update...
2025-07-20 21:44:29,028 [INFO] [MainThread] [cli_server/cli_server.py:112]: Log pipe server stopped
2025-07-20 21:44:29,028 [DEBUG] [MainThread] [cli_server/cli_server.py:206]: CLI server stopped
2025-07-20 21:44:29,042 [DEBUG] [MainThread] [qasync._windows._EventPoller/_windows.py:218]: Stopping worker thread...
2025-07-20 21:44:29,044 [DEBUG] [Dummy-10] [qasync._windows._EventWorker/_windows.py:201]: Exiting thread
2025-07-20 21:44:29,044 [DEBUG] [MainThread] [qasync._windows._IocpProactor/_windows.py:75]: Closing
2025-07-20 21:44:29,373 [INFO] [MainThread] [root/log.py:59]: Yasb v1.7.4
2025-07-20 21:44:29,374 [INFO] [Thread-1 (_run_server)] [cli_server/cli_server.py:212]: CLI server started v1.1.1
2025-07-20 21:44:29,375 [INFO] [MainThread] [cli_server/cli_server.py:104]: Log pipe server started
2025-07-20 21:44:29,498 [DEBUG] [MainThread] [tzlocal/win32.py:55]: Looking up time zone info from registry
2025-07-20 21:44:29,807 [DEBUG] [MainThread] [comtypes/__init__.py:149]: CoInitializeEx(None, 2)
2025-07-20 21:44:30,104 [INFO] [MainThread] [root/watcher.py:55]: Created file watcher for path C:\Users\tamil\.config\yasb
2025-07-20 21:44:30,147 [DEBUG] [MainThread] [qasync._windows._EventPoller/_windows.py:213]: Starting (proactor: <_IocpProactor overlapped#=0 result#=0>)...
2025-07-20 21:44:30,147 [DEBUG] [Dummy-10] [qasync._windows._EventWorker/_windows.py:192]: Thread started
2025-07-20 21:45:39,427 [ERROR] [MainThread] [root/config.py:110]: The config file 'C:\Users\tamil\.config\yasb\config.yaml' contains validation errors. Please fix:
komorebi_active_layout:
- unknown field

2025-07-20 21:45:54,487 [ERROR] [MainThread] [root/config.py:110]: The config file 'C:\Users\tamil\.config\yasb\config.yaml' contains validation errors. Please fix:
widgets:
- komorebi_active_layout:
  - null value not allowed

2025-07-20 21:46:14,803 [INFO] [MainThread] [root/controller.py:12]: Reloading Application because of config update...
2025-07-20 21:46:14,909 [INFO] [MainThread] [cli_server/cli_server.py:112]: Log pipe server stopped
2025-07-20 21:46:14,909 [DEBUG] [MainThread] [cli_server/cli_server.py:206]: CLI server stopped
2025-07-20 21:46:14,926 [DEBUG] [MainThread] [qasync._windows._EventPoller/_windows.py:218]: Stopping worker thread...
2025-07-20 21:46:14,940 [DEBUG] [Dummy-10] [qasync._windows._EventWorker/_windows.py:201]: Exiting thread
2025-07-20 21:46:14,941 [DEBUG] [MainThread] [qasync._windows._IocpProactor/_windows.py:75]: Closing
2025-07-20 21:46:15,244 [INFO] [MainThread] [root/log.py:59]: Yasb v1.7.4
2025-07-20 21:46:15,246 [INFO] [Thread-1 (_run_server)] [cli_server/cli_server.py:212]: CLI server started v1.1.1
2025-07-20 21:46:15,247 [INFO] [MainThread] [cli_server/cli_server.py:104]: Log pipe server started
2025-07-20 21:46:15,370 [DEBUG] [MainThread] [tzlocal/win32.py:55]: Looking up time zone info from registry
2025-07-20 21:46:15,686 [DEBUG] [MainThread] [comtypes/__init__.py:149]: CoInitializeEx(None, 2)
2025-07-20 21:46:16,001 [INFO] [MainThread] [root/watcher.py:55]: Created file watcher for path C:\Users\tamil\.config\yasb
2025-07-20 21:46:16,048 [DEBUG] [MainThread] [qasync._windows._EventPoller/_windows.py:213]: Starting (proactor: <_IocpProactor overlapped#=0 result#=0>)...
2025-07-20 21:46:16,049 [DEBUG] [Dummy-10] [qasync._windows._EventWorker/_windows.py:192]: Thread started
2025-07-20 21:46:30,042 [INFO] [MainThread] [root/controller.py:12]: Reloading Application because of config update...
2025-07-20 21:46:30,150 [INFO] [MainThread] [cli_server/cli_server.py:112]: Log pipe server stopped
2025-07-20 21:46:30,150 [DEBUG] [MainThread] [cli_server/cli_server.py:206]: CLI server stopped
2025-07-20 21:46:30,165 [DEBUG] [MainThread] [qasync._windows._EventPoller/_windows.py:218]: Stopping worker thread...
2025-07-20 21:46:30,181 [DEBUG] [Dummy-10] [qasync._windows._EventWorker/_windows.py:201]: Exiting thread
2025-07-20 21:46:30,182 [DEBUG] [MainThread] [qasync._windows._IocpProactor/_windows.py:75]: Closing
2025-07-20 21:46:30,510 [INFO] [MainThread] [root/log.py:59]: Yasb v1.7.4
2025-07-20 21:46:30,511 [INFO] [Thread-1 (_run_server)] [cli_server/cli_server.py:212]: CLI server started v1.1.1
2025-07-20 21:46:30,511 [INFO] [MainThread] [cli_server/cli_server.py:104]: Log pipe server started
2025-07-20 21:46:30,628 [DEBUG] [MainThread] [tzlocal/win32.py:55]: Looking up time zone info from registry
2025-07-20 21:46:31,007 [DEBUG] [MainThread] [comtypes/__init__.py:149]: CoInitializeEx(None, 2)
2025-07-20 21:46:31,350 [ERROR] [MainThread] [root/widget_builder.py:88]: Failed to validate widget(s) due to invalid options  - komorebi_active_layout
      layout_icons:
      - maximized:
        - unknown field
        scrolling:
        - unknown field
      
2025-07-20 21:46:31,351 [INFO] [Dummy-8] [root/event_listener.py:53]: Created named pipe yasb-e853cc9d-65dc-11f0-b70e-58cdc95b2622
2025-07-20 21:46:31,506 [INFO] [Dummy-8] [root/event_listener.py:125]: Komorebi connected to named pipe: yasb-e853cc9d-65dc-11f0-b70e-58cdc95b2622
2025-07-20 21:46:33,336 [INFO] [MainThread] [root/watcher.py:55]: Created file watcher for path C:\Users\tamil\.config\yasb
2025-07-20 21:46:33,390 [DEBUG] [MainThread] [qasync._windows._EventPoller/_windows.py:213]: Starting (proactor: <_IocpProactor overlapped#=0 result#=0>)...
2025-07-20 21:46:33,391 [DEBUG] [Dummy-14] [qasync._windows._EventWorker/_windows.py:192]: Thread started
2025-07-20 21:47:05,755 [ERROR] [MainThread] [root/config.py:110]: The config file 'C:\Users\tamil\.config\yasb\config.yaml' contains validation errors. Please fix:
komorebi_workspaces:
- unknown field

2025-07-20 21:47:12,096 [INFO] [MainThread] [root/controller.py:12]: Reloading Application because of config update...
2025-07-20 21:47:12,209 [INFO] [MainThread] [cli_server/cli_server.py:112]: Log pipe server stopped
2025-07-20 21:47:12,209 [DEBUG] [MainThread] [cli_server/cli_server.py:206]: CLI server stopped
2025-07-20 21:47:12,222 [DEBUG] [MainThread] [qasync._windows._EventPoller/_windows.py:218]: Stopping worker thread...
2025-07-20 21:47:12,224 [DEBUG] [Dummy-14] [qasync._windows._EventWorker/_windows.py:201]: Exiting thread
2025-07-20 21:47:12,224 [DEBUG] [MainThread] [qasync._windows._IocpProactor/_windows.py:75]: Closing
2025-07-20 21:47:12,545 [INFO] [MainThread] [root/log.py:59]: Yasb v1.7.4
2025-07-20 21:47:12,546 [INFO] [Thread-1 (_run_server)] [cli_server/cli_server.py:212]: CLI server started v1.1.1
2025-07-20 21:47:12,547 [INFO] [MainThread] [cli_server/cli_server.py:104]: Log pipe server started
2025-07-20 21:47:12,669 [DEBUG] [MainThread] [tzlocal/win32.py:55]: Looking up time zone info from registry
2025-07-20 21:47:12,891 [WARNING] [MainThread] [root/widget_builder.py:38]: No widget config could be found for widget 'komorebi_active_layout
2025-07-20 21:47:13,014 [DEBUG] [MainThread] [comtypes/__init__.py:149]: CoInitializeEx(None, 2)
2025-07-20 21:47:13,334 [ERROR] [MainThread] [root/widget_builder.py:77]: Failed to add undefined widget(s)  - The widget "komorebi_active_layout" is undefined.
2025-07-20 21:47:15,446 [INFO] [MainThread] [root/watcher.py:55]: Created file watcher for path C:\Users\tamil\.config\yasb
2025-07-20 21:47:15,501 [DEBUG] [MainThread] [qasync._windows._EventPoller/_windows.py:213]: Starting (proactor: <_IocpProactor overlapped#=0 result#=0>)...
2025-07-20 21:47:15,502 [DEBUG] [Dummy-10] [qasync._windows._EventWorker/_windows.py:192]: Thread started
2025-07-20 21:47:23,501 [INFO] [MainThread] [root/controller.py:12]: Reloading Application because of config update...
2025-07-20 21:47:23,611 [INFO] [MainThread] [cli_server/cli_server.py:112]: Log pipe server stopped
2025-07-20 21:47:23,611 [DEBUG] [MainThread] [cli_server/cli_server.py:206]: CLI server stopped
2025-07-20 21:47:23,626 [DEBUG] [MainThread] [qasync._windows._EventPoller/_windows.py:218]: Stopping worker thread...
2025-07-20 21:47:23,627 [DEBUG] [Dummy-10] [qasync._windows._EventWorker/_windows.py:201]: Exiting thread
2025-07-20 21:47:23,628 [DEBUG] [MainThread] [qasync._windows._IocpProactor/_windows.py:75]: Closing
2025-07-20 21:47:23,929 [INFO] [MainThread] [root/log.py:59]: Yasb v1.7.4
2025-07-20 21:47:23,929 [INFO] [Thread-1 (_run_server)] [cli_server/cli_server.py:212]: CLI server started v1.1.1
2025-07-20 21:47:23,929 [INFO] [MainThread] [cli_server/cli_server.py:104]: Log pipe server started
2025-07-20 21:47:24,032 [DEBUG] [MainThread] [tzlocal/win32.py:55]: Looking up time zone info from registry
2025-07-20 21:47:24,210 [WARNING] [MainThread] [root/widget_builder.py:38]: No widget config could be found for widget 'komorebi_
2025-07-20 21:47:24,295 [DEBUG] [MainThread] [comtypes/__init__.py:149]: CoInitializeEx(None, 2)
2025-07-20 21:47:24,609 [ERROR] [MainThread] [root/widget_builder.py:77]: Failed to add undefined widget(s)  - The widget "komorebi_" is undefined.
2025-07-20 21:47:26,993 [INFO] [MainThread] [root/watcher.py:55]: Created file watcher for path C:\Users\tamil\.config\yasb
2025-07-20 21:47:27,047 [DEBUG] [MainThread] [qasync._windows._EventPoller/_windows.py:213]: Starting (proactor: <_IocpProactor overlapped#=0 result#=0>)...
2025-07-20 21:47:27,048 [DEBUG] [Dummy-10] [qasync._windows._EventWorker/_windows.py:192]: Thread started
2025-07-20 21:47:31,623 [INFO] [MainThread] [root/controller.py:12]: Reloading Application because of config update...
2025-07-20 21:47:31,734 [INFO] [MainThread] [cli_server/cli_server.py:112]: Log pipe server stopped
2025-07-20 21:47:31,734 [DEBUG] [MainThread] [cli_server/cli_server.py:206]: CLI server stopped
2025-07-20 21:47:31,750 [DEBUG] [MainThread] [qasync._windows._EventPoller/_windows.py:218]: Stopping worker thread...
2025-07-20 21:47:31,765 [DEBUG] [Dummy-10] [qasync._windows._EventWorker/_windows.py:201]: Exiting thread
2025-07-20 21:47:31,766 [DEBUG] [MainThread] [qasync._windows._IocpProactor/_windows.py:75]: Closing
2025-07-20 21:47:32,062 [INFO] [MainThread] [root/log.py:59]: Yasb v1.7.4
2025-07-20 21:47:32,064 [INFO] [Thread-1 (_run_server)] [cli_server/cli_server.py:212]: CLI server started v1.1.1
2025-07-20 21:47:32,065 [INFO] [MainThread] [cli_server/cli_server.py:104]: Log pipe server started
2025-07-20 21:47:32,191 [DEBUG] [MainThread] [tzlocal/win32.py:55]: Looking up time zone info from registry
2025-07-20 21:47:32,564 [DEBUG] [MainThread] [comtypes/__init__.py:149]: CoInitializeEx(None, 2)
2025-07-20 21:47:32,861 [INFO] [MainThread] [root/watcher.py:55]: Created file watcher for path C:\Users\tamil\.config\yasb
2025-07-20 21:47:32,862 [INFO] [Dummy-10] [root/event_listener.py:53]: Created named pipe yasb-0cfdb8ee-65dd-11f0-9838-58cdc95b2622
2025-07-20 21:47:32,907 [DEBUG] [MainThread] [qasync._windows._EventPoller/_windows.py:213]: Starting (proactor: <_IocpProactor overlapped#=0 result#=0>)...
2025-07-20 21:47:32,908 [DEBUG] [Dummy-13] [qasync._windows._EventWorker/_windows.py:192]: Thread started
2025-07-20 21:47:32,953 [INFO] [Dummy-10] [root/event_listener.py:125]: Komorebi connected to named pipe: yasb-0cfdb8ee-65dd-11f0-9838-58cdc95b2622
2025-07-20 21:48:42,141 [INFO] [MainThread] [root/controller.py:12]: Reloading Application because of config update...
2025-07-20 21:48:42,249 [INFO] [MainThread] [cli_server/cli_server.py:112]: Log pipe server stopped
2025-07-20 21:48:42,249 [DEBUG] [MainThread] [cli_server/cli_server.py:206]: CLI server stopped
2025-07-20 21:48:42,263 [DEBUG] [MainThread] [qasync._windows._EventPoller/_windows.py:218]: Stopping worker thread...
2025-07-20 21:48:42,265 [DEBUG] [Dummy-13] [qasync._windows._EventWorker/_windows.py:201]: Exiting thread
2025-07-20 21:48:42,265 [DEBUG] [MainThread] [qasync._windows._IocpProactor/_windows.py:75]: Closing
2025-07-20 21:48:42,572 [INFO] [MainThread] [root/log.py:59]: Yasb v1.7.4
2025-07-20 21:48:42,573 [INFO] [Thread-1 (_run_server)] [cli_server/cli_server.py:212]: CLI server started v1.1.1
2025-07-20 21:48:42,574 [INFO] [MainThread] [cli_server/cli_server.py:104]: Log pipe server started
2025-07-20 21:48:42,681 [DEBUG] [MainThread] [tzlocal/win32.py:55]: Looking up time zone info from registry
2025-07-20 21:48:42,961 [DEBUG] [MainThread] [comtypes/__init__.py:149]: CoInitializeEx(None, 2)
2025-07-20 21:48:43,254 [INFO] [MainThread] [root/watcher.py:55]: Created file watcher for path C:\Users\tamil\.config\yasb
2025-07-20 21:48:43,255 [INFO] [Dummy-10] [root/event_listener.py:53]: Created named pipe yasb-36f2cefd-65dd-11f0-8901-58cdc95b2622
2025-07-20 21:48:43,302 [DEBUG] [MainThread] [qasync._windows._EventPoller/_windows.py:213]: Starting (proactor: <_IocpProactor overlapped#=0 result#=0>)...
2025-07-20 21:48:43,304 [DEBUG] [Dummy-13] [qasync._windows._EventWorker/_windows.py:192]: Thread started
2025-07-20 21:48:43,351 [INFO] [Dummy-10] [root/event_listener.py:125]: Komorebi connected to named pipe: yasb-36f2cefd-65dd-11f0-8901-58cdc95b2622
2025-07-21 09:58:10,624 [INFO] [MainThread] [root/controller.py:12]: Reloading Application because of config update...
2025-07-21 09:58:10,727 [INFO] [MainThread] [cli_server/cli_server.py:112]: Log pipe server stopped
2025-07-21 09:58:10,727 [DEBUG] [MainThread] [cli_server/cli_server.py:206]: CLI server stopped
2025-07-21 09:58:10,743 [DEBUG] [MainThread] [qasync._windows._EventPoller/_windows.py:218]: Stopping worker thread...
2025-07-21 09:58:10,759 [DEBUG] [Dummy-13] [qasync._windows._EventWorker/_windows.py:201]: Exiting thread
2025-07-21 09:58:10,761 [DEBUG] [MainThread] [qasync._windows._IocpProactor/_windows.py:75]: Closing
2025-07-21 09:58:11,082 [INFO] [MainThread] [root/log.py:59]: Yasb v1.7.4
2025-07-21 09:58:11,082 [INFO] [Thread-1 (_run_server)] [cli_server/cli_server.py:212]: CLI server started v1.1.1
2025-07-21 09:58:11,084 [INFO] [MainThread] [cli_server/cli_server.py:104]: Log pipe server started
2025-07-21 09:58:11,216 [DEBUG] [MainThread] [tzlocal/win32.py:55]: Looking up time zone info from registry
2025-07-21 09:58:11,514 [DEBUG] [MainThread] [comtypes/__init__.py:149]: CoInitializeEx(None, 2)
2025-07-21 09:58:11,783 [INFO] [MainThread] [root/watcher.py:55]: Created file watcher for path C:\Users\tamil\.config\yasb
2025-07-21 09:58:11,784 [INFO] [Dummy-10] [root/event_listener.py:53]: Created named pipe yasb-1f065f8f-6643-11f0-ab8d-58cdc95b2622
2025-07-21 09:58:11,831 [DEBUG] [MainThread] [qasync._windows._EventPoller/_windows.py:213]: Starting (proactor: <_IocpProactor overlapped#=0 result#=0>)...
2025-07-21 09:58:11,832 [DEBUG] [Dummy-13] [qasync._windows._EventWorker/_windows.py:192]: Thread started
2025-07-21 09:58:11,880 [INFO] [Dummy-10] [root/event_listener.py:125]: Komorebi connected to named pipe: yasb-1f065f8f-6643-11f0-ab8d-58cdc95b2622
2025-07-21 09:59:08,141 [INFO] [MainThread] [root/controller.py:12]: Reloading Application because of config update...
2025-07-21 09:59:08,252 [INFO] [MainThread] [cli_server/cli_server.py:112]: Log pipe server stopped
2025-07-21 09:59:08,252 [DEBUG] [MainThread] [cli_server/cli_server.py:206]: CLI server stopped
2025-07-21 09:59:08,267 [DEBUG] [MainThread] [qasync._windows._EventPoller/_windows.py:218]: Stopping worker thread...
2025-07-21 09:59:08,271 [DEBUG] [Dummy-13] [qasync._windows._EventWorker/_windows.py:201]: Exiting thread
2025-07-21 09:59:08,272 [DEBUG] [MainThread] [qasync._windows._IocpProactor/_windows.py:75]: Closing
2025-07-21 09:59:08,580 [INFO] [MainThread] [root/log.py:59]: Yasb v1.7.4
2025-07-21 09:59:08,581 [INFO] [Thread-1 (_run_server)] [cli_server/cli_server.py:212]: CLI server started v1.1.1
2025-07-21 09:59:08,581 [INFO] [MainThread] [cli_server/cli_server.py:104]: Log pipe server started
2025-07-21 09:59:08,681 [DEBUG] [MainThread] [tzlocal/win32.py:55]: Looking up time zone info from registry
2025-07-21 09:59:08,968 [DEBUG] [MainThread] [comtypes/__init__.py:149]: CoInitializeEx(None, 2)
2025-07-21 09:59:09,270 [INFO] [MainThread] [root/watcher.py:55]: Created file watcher for path C:\Users\tamil\.config\yasb
2025-07-21 09:59:09,271 [INFO] [Dummy-10] [root/event_listener.py:53]: Created named pipe yasb-4149f5ec-6643-11f0-a114-58cdc95b2622
2025-07-21 09:59:09,322 [DEBUG] [MainThread] [qasync._windows._EventPoller/_windows.py:213]: Starting (proactor: <_IocpProactor overlapped#=0 result#=0>)...
2025-07-21 09:59:09,323 [DEBUG] [Dummy-13] [qasync._windows._EventWorker/_windows.py:192]: Thread started
2025-07-21 09:59:09,369 [INFO] [Dummy-10] [root/event_listener.py:125]: Komorebi connected to named pipe: yasb-4149f5ec-6643-11f0-a114-58cdc95b2622
2025-07-21 09:59:43,488 [INFO] [MainThread] [root/controller.py:12]: Reloading Application because of config update...
2025-07-21 09:59:43,601 [INFO] [MainThread] [cli_server/cli_server.py:112]: Log pipe server stopped
2025-07-21 09:59:43,601 [DEBUG] [MainThread] [cli_server/cli_server.py:206]: CLI server stopped
2025-07-21 09:59:43,616 [DEBUG] [MainThread] [qasync._windows._EventPoller/_windows.py:218]: Stopping worker thread...
2025-07-21 09:59:43,617 [DEBUG] [Dummy-13] [qasync._windows._EventWorker/_windows.py:201]: Exiting thread
2025-07-21 09:59:43,618 [DEBUG] [MainThread] [qasync._windows._IocpProactor/_windows.py:75]: Closing
2025-07-21 09:59:43,904 [INFO] [MainThread] [root/log.py:59]: Yasb v1.7.4
2025-07-21 09:59:43,905 [INFO] [Thread-1 (_run_server)] [cli_server/cli_server.py:212]: CLI server started v1.1.1
2025-07-21 09:59:43,906 [INFO] [MainThread] [cli_server/cli_server.py:104]: Log pipe server started
2025-07-21 09:59:44,005 [DEBUG] [MainThread] [tzlocal/win32.py:55]: Looking up time zone info from registry
2025-07-21 09:59:44,287 [DEBUG] [MainThread] [comtypes/__init__.py:149]: CoInitializeEx(None, 2)
2025-07-21 09:59:44,562 [INFO] [MainThread] [root/watcher.py:55]: Created file watcher for path C:\Users\tamil\.config\yasb
2025-07-21 09:59:44,563 [INFO] [Dummy-10] [root/event_listener.py:53]: Created named pipe yasb-5653376d-6643-11f0-9cb3-58cdc95b2622
2025-07-21 09:59:44,607 [DEBUG] [MainThread] [qasync._windows._EventPoller/_windows.py:213]: Starting (proactor: <_IocpProactor overlapped#=0 result#=0>)...
2025-07-21 09:59:44,609 [DEBUG] [Dummy-13] [qasync._windows._EventWorker/_windows.py:192]: Thread started
2025-07-21 09:59:44,651 [INFO] [Dummy-10] [root/event_listener.py:125]: Komorebi connected to named pipe: yasb-5653376d-6643-11f0-9cb3-58cdc95b2622
2025-07-21 09:59:49,961 [INFO] [MainThread] [root/controller.py:12]: Reloading Application because of config update...
2025-07-21 09:59:50,072 [INFO] [MainThread] [cli_server/cli_server.py:112]: Log pipe server stopped
2025-07-21 09:59:50,073 [DEBUG] [MainThread] [cli_server/cli_server.py:206]: CLI server stopped
2025-07-21 09:59:50,087 [DEBUG] [MainThread] [qasync._windows._EventPoller/_windows.py:218]: Stopping worker thread...
2025-07-21 09:59:50,089 [DEBUG] [Dummy-13] [qasync._windows._EventWorker/_windows.py:201]: Exiting thread
2025-07-21 09:59:50,089 [DEBUG] [MainThread] [qasync._windows._IocpProactor/_windows.py:75]: Closing
2025-07-21 09:59:50,368 [INFO] [MainThread] [root/log.py:59]: Yasb v1.7.4
2025-07-21 09:59:50,370 [INFO] [Thread-1 (_run_server)] [cli_server/cli_server.py:212]: CLI server started v1.1.1
2025-07-21 09:59:50,371 [INFO] [MainThread] [cli_server/cli_server.py:104]: Log pipe server started
2025-07-21 09:59:50,477 [DEBUG] [MainThread] [tzlocal/win32.py:55]: Looking up time zone info from registry
2025-07-21 09:59:50,755 [DEBUG] [MainThread] [comtypes/__init__.py:149]: CoInitializeEx(None, 2)
2025-07-21 09:59:51,032 [INFO] [MainThread] [root/watcher.py:55]: Created file watcher for path C:\Users\tamil\.config\yasb
2025-07-21 09:59:51,032 [INFO] [Dummy-10] [root/event_listener.py:53]: Created named pipe yasb-5a2e61ee-6643-11f0-9c16-58cdc95b2622
2025-07-21 09:59:51,078 [DEBUG] [MainThread] [qasync._windows._EventPoller/_windows.py:213]: Starting (proactor: <_IocpProactor overlapped#=0 result#=0>)...
2025-07-21 09:59:51,079 [DEBUG] [Dummy-13] [qasync._windows._EventWorker/_windows.py:192]: Thread started
2025-07-21 09:59:51,120 [INFO] [Dummy-10] [root/event_listener.py:125]: Komorebi connected to named pipe: yasb-5a2e61ee-6643-11f0-9c16-58cdc95b2622
2025-07-21 10:00:21,911 [INFO] [MainThread] [root/controller.py:12]: Reloading Application because of config update...
2025-07-21 10:00:22,021 [INFO] [MainThread] [cli_server/cli_server.py:112]: Log pipe server stopped
2025-07-21 10:00:22,021 [DEBUG] [MainThread] [cli_server/cli_server.py:206]: CLI server stopped
2025-07-21 10:00:22,035 [DEBUG] [MainThread] [qasync._windows._EventPoller/_windows.py:218]: Stopping worker thread...
2025-07-21 10:00:22,049 [DEBUG] [Dummy-13] [qasync._windows._EventWorker/_windows.py:201]: Exiting thread
2025-07-21 10:00:22,050 [DEBUG] [MainThread] [qasync._windows._IocpProactor/_windows.py:75]: Closing
2025-07-21 10:00:22,326 [INFO] [MainThread] [root/log.py:59]: Yasb v1.7.4
2025-07-21 10:00:22,327 [INFO] [Thread-1 (_run_server)] [cli_server/cli_server.py:212]: CLI server started v1.1.1
2025-07-21 10:00:22,327 [INFO] [MainThread] [cli_server/cli_server.py:104]: Log pipe server started
2025-07-21 10:00:22,431 [DEBUG] [MainThread] [tzlocal/win32.py:55]: Looking up time zone info from registry
2025-07-21 10:00:22,711 [DEBUG] [MainThread] [comtypes/__init__.py:149]: CoInitializeEx(None, 2)
2025-07-21 10:00:22,989 [INFO] [MainThread] [root/watcher.py:55]: Created file watcher for path C:\Users\tamil\.config\yasb
2025-07-21 10:00:22,990 [INFO] [Dummy-10] [root/event_listener.py:53]: Created named pipe yasb-6d3ab915-6643-11f0-944c-58cdc95b2622
2025-07-21 10:00:23,037 [DEBUG] [MainThread] [qasync._windows._EventPoller/_windows.py:213]: Starting (proactor: <_IocpProactor overlapped#=0 result#=0>)...
2025-07-21 10:00:23,039 [DEBUG] [Dummy-13] [qasync._windows._EventWorker/_windows.py:192]: Thread started
2025-07-21 10:00:23,084 [INFO] [Dummy-10] [root/event_listener.py:125]: Komorebi connected to named pipe: yasb-6d3ab915-6643-11f0-944c-58cdc95b2622
2025-07-21 10:01:00,441 [INFO] [MainThread] [root/controller.py:12]: Reloading Application because of config update...
2025-07-21 10:01:00,547 [INFO] [MainThread] [cli_server/cli_server.py:112]: Log pipe server stopped
2025-07-21 10:01:00,547 [DEBUG] [MainThread] [cli_server/cli_server.py:206]: CLI server stopped
2025-07-21 10:01:00,564 [DEBUG] [MainThread] [qasync._windows._EventPoller/_windows.py:218]: Stopping worker thread...
2025-07-21 10:01:00,575 [DEBUG] [Dummy-13] [qasync._windows._EventWorker/_windows.py:201]: Exiting thread
2025-07-21 10:01:00,577 [DEBUG] [MainThread] [qasync._windows._IocpProactor/_windows.py:75]: Closing
2025-07-21 10:01:00,850 [INFO] [MainThread] [root/log.py:59]: Yasb v1.7.4
2025-07-21 10:01:00,851 [INFO] [Thread-1 (_run_server)] [cli_server/cli_server.py:212]: CLI server started v1.1.1
2025-07-21 10:01:00,852 [INFO] [MainThread] [cli_server/cli_server.py:104]: Log pipe server started
2025-07-21 10:01:00,953 [DEBUG] [MainThread] [tzlocal/win32.py:55]: Looking up time zone info from registry
2025-07-21 10:01:01,239 [DEBUG] [MainThread] [comtypes/__init__.py:149]: CoInitializeEx(None, 2)
2025-07-21 10:01:01,508 [INFO] [MainThread] [root/watcher.py:55]: Created file watcher for path C:\Users\tamil\.config\yasb
2025-07-21 10:01:01,509 [INFO] [Dummy-10] [root/event_listener.py:53]: Created named pipe yasb-8430420e-6643-11f0-b7e0-58cdc95b2622
2025-07-21 10:01:01,556 [DEBUG] [MainThread] [qasync._windows._EventPoller/_windows.py:213]: Starting (proactor: <_IocpProactor overlapped#=0 result#=0>)...
2025-07-21 10:01:01,557 [DEBUG] [Dummy-13] [qasync._windows._EventWorker/_windows.py:192]: Thread started
2025-07-21 10:01:01,596 [INFO] [Dummy-10] [root/event_listener.py:125]: Komorebi connected to named pipe: yasb-8430420e-6643-11f0-b7e0-58cdc95b2622
2025-07-21 10:30:41,252 [INFO] [MainThread] [root/controller.py:27]: Exiting Application from tray...
2025-07-21 10:30:41,365 [INFO] [MainThread] [cli_server/cli_server.py:112]: Log pipe server stopped
2025-07-21 10:30:41,366 [DEBUG] [MainThread] [cli_server/cli_server.py:206]: CLI server stopped
2025-07-21 10:30:41,367 [DEBUG] [MainThread] [qasync._windows._EventPoller/_windows.py:218]: Stopping worker thread...
2025-07-21 10:30:41,381 [DEBUG] [Dummy-13] [qasync._windows._EventWorker/_windows.py:201]: Exiting thread
2025-07-21 10:30:41,382 [DEBUG] [MainThread] [qasync._windows._IocpProactor/_windows.py:75]: Closing
2025-07-21 10:33:59,428 [INFO] [MainThread] [root/log.py:59]: Yasb v1.7.4
2025-07-21 10:33:59,428 [INFO] [Thread-1 (_run_server)] [cli_server/cli_server.py:212]: CLI server started v1.1.1
2025-07-21 10:33:59,429 [INFO] [MainThread] [cli_server/cli_server.py:104]: Log pipe server started
2025-07-21 10:33:59,519 [DEBUG] [MainThread] [tzlocal/win32.py:55]: Looking up time zone info from registry
2025-07-21 10:33:59,782 [DEBUG] [MainThread] [comtypes/__init__.py:149]: CoInitializeEx(None, 2)
2025-07-21 10:34:00,036 [INFO] [MainThread] [root/watcher.py:55]: Created file watcher for path C:\Users\tamil\.config\yasb
2025-07-21 10:34:00,036 [INFO] [Dummy-10] [root/event_listener.py:53]: Created named pipe yasb-1f7ba60f-6648-11f0-800f-58cdc95b2622
2025-07-21 10:34:00,083 [DEBUG] [MainThread] [qasync._windows._EventPoller/_windows.py:213]: Starting (proactor: <_IocpProactor overlapped#=0 result#=0>)...
2025-07-21 10:34:00,084 [DEBUG] [Dummy-13] [qasync._windows._EventWorker/_windows.py:192]: Thread started
2025-07-21 10:34:25,489 [INFO] [Dummy-10] [root/event_listener.py:125]: Komorebi connected to named pipe: yasb-1f7ba60f-6648-11f0-800f-58cdc95b2622
2025-07-21 10:34:28,849 [ERROR] [Dummy-10] [root/event_listener.py:89]: Komorebi has disconnected from the named pipe yasb-1f7ba60f-6648-11f0-800f-58cdc95b2622
Traceback (most recent call last):
  File "D:\a\yasb\yasb\src\core\utils\komorebi\event_listener.py", line 79, in run
  File "D:\a\yasb\yasb\src\core\utils\komorebi\event_listener.py", line 101, in _emit_event
  File "D:\a\yasb\yasb\src\core\event_service.py", line 28, in emit_event
TypeError: WorkspaceWidget.k_signal_update[dict, dict].emit(): argument 1 has unexpected type 'str'
2025-07-21 10:34:28,850 [INFO] [Dummy-10] [root/event_listener.py:94]: Attempting to reconnect to Komorebi...
2025-07-21 10:34:31,854 [INFO] [Dummy-10] [root/event_listener.py:53]: Created named pipe yasb-1f7ba60f-6648-11f0-800f-58cdc95b2622
2025-07-21 10:34:31,927 [INFO] [Dummy-10] [root/event_listener.py:125]: Komorebi connected to named pipe: yasb-1f7ba60f-6648-11f0-800f-58cdc95b2622
2025-07-21 11:33:48,000 [WARNING] [Dummy-10] [root/event_listener.py:84]: Pipe has been ended: (109, 'PeekNamedPipe', 'The pipe has been ended.')
2025-07-21 11:33:48,001 [INFO] [Dummy-10] [root/event_listener.py:94]: Attempting to reconnect to Komorebi...
2025-07-21 11:33:51,002 [INFO] [Dummy-10] [root/event_listener.py:53]: Created named pipe yasb-1f7ba60f-6648-11f0-800f-58cdc95b2622
2025-07-21 11:37:09,169 [INFO] [Dummy-10] [root/event_listener.py:125]: Komorebi connected to named pipe: yasb-1f7ba60f-6648-11f0-800f-58cdc95b2622
2025-07-21 11:40:27,882 [WARNING] [Dummy-10] [root/event_listener.py:84]: Pipe has been ended: (109, 'PeekNamedPipe', 'The pipe has been ended.')
2025-07-21 11:40:27,882 [INFO] [Dummy-10] [root/event_listener.py:94]: Attempting to reconnect to Komorebi...
2025-07-21 11:40:30,884 [INFO] [Dummy-10] [root/event_listener.py:53]: Created named pipe yasb-1f7ba60f-6648-11f0-800f-58cdc95b2622
2025-07-21 11:41:01,396 [INFO] [Dummy-10] [root/event_listener.py:125]: Komorebi connected to named pipe: yasb-1f7ba60f-6648-11f0-800f-58cdc95b2622
2025-07-21 11:41:04,770 [ERROR] [Dummy-10] [root/event_listener.py:89]: Komorebi has disconnected from the named pipe yasb-1f7ba60f-6648-11f0-800f-58cdc95b2622
Traceback (most recent call last):
  File "D:\a\yasb\yasb\src\core\utils\komorebi\event_listener.py", line 79, in run
  File "D:\a\yasb\yasb\src\core\utils\komorebi\event_listener.py", line 101, in _emit_event
  File "D:\a\yasb\yasb\src\core\event_service.py", line 28, in emit_event
TypeError: WorkspaceWidget.k_signal_update[dict, dict].emit(): argument 1 has unexpected type 'str'
2025-07-21 11:41:04,770 [INFO] [Dummy-10] [root/event_listener.py:94]: Attempting to reconnect to Komorebi...
2025-07-21 11:41:07,774 [INFO] [Dummy-10] [root/event_listener.py:53]: Created named pipe yasb-1f7ba60f-6648-11f0-800f-58cdc95b2622
2025-07-21 11:41:07,846 [INFO] [Dummy-10] [root/event_listener.py:125]: Komorebi connected to named pipe: yasb-1f7ba60f-6648-11f0-800f-58cdc95b2622
2025-07-21 13:27:36,111 [INFO] [Thread-1 (_run_server)] [cli_server/cli_server.py:249]: CLI server received command: stop
2025-07-21 13:27:36,113 [INFO] [Thread-1 (_run_server)] [root/controller.py:27]: Exiting Application from CLI...
2025-07-21 13:27:36,220 [INFO] [Thread-1 (_run_server)] [cli_server/cli_server.py:112]: Log pipe server stopped
2025-07-21 13:27:36,220 [DEBUG] [Thread-1 (_run_server)] [cli_server/cli_server.py:206]: CLI server stopped
2025-07-21 13:27:36,226 [DEBUG] [MainThread] [qasync._windows._EventPoller/_windows.py:218]: Stopping worker thread...
2025-07-21 13:27:36,235 [DEBUG] [Dummy-13] [qasync._windows._EventWorker/_windows.py:201]: Exiting thread
2025-07-21 13:27:36,235 [DEBUG] [MainThread] [qasync._windows._IocpProactor/_windows.py:75]: Closing
2025-07-21 13:27:36,867 [INFO] [MainThread] [root/log.py:59]: Yasb v1.7.4
2025-07-21 13:27:36,868 [INFO] [Thread-1 (_run_server)] [cli_server/cli_server.py:212]: CLI server started v1.1.1
2025-07-21 13:27:36,868 [INFO] [MainThread] [cli_server/cli_server.py:104]: Log pipe server started
2025-07-21 13:27:37,228 [DEBUG] [MainThread] [comtypes/__init__.py:149]: CoInitializeEx(None, 2)
2025-07-21 13:27:37,315 [DEBUG] [MainThread] [tzlocal/win32.py:55]: Looking up time zone info from registry
2025-07-21 13:27:37,642 [INFO] [MainThread] [root/watcher.py:55]: Created file watcher for path C:\Users\tamil\.config\yasb
2025-07-21 13:27:37,643 [INFO] [Dummy-5] [root/event_listener.py:53]: Created named pipe yasb-60dc409b-6660-11f0-a2e8-58cdc95b2622
2025-07-21 13:27:37,682 [DEBUG] [MainThread] [qasync._windows._EventPoller/_windows.py:213]: Starting (proactor: <_IocpProactor overlapped#=0 result#=0>)...
2025-07-21 13:27:37,683 [DEBUG] [Dummy-8] [qasync._windows._EventWorker/_windows.py:192]: Thread started
2025-07-21 13:27:37,767 [INFO] [Dummy-5] [root/event_listener.py:125]: Komorebi connected to named pipe: yasb-60dc409b-6660-11f0-a2e8-58cdc95b2622
2025-07-21 13:27:37,954 [ERROR] [MainThread] [root/weather.py:77]: Weather response error: ContentAccessDenied 201.
2025-07-21 13:27:37,954 [WARNING] [MainThread] [root/weather.py:544]: Error processing weather data: Weather data is empty.. Retrying fetch in 10 seconds.
2025-07-21 13:27:48,101 [ERROR] [MainThread] [root/weather.py:77]: Weather response error: ContentAccessDenied 201.
2025-07-21 13:27:48,102 [WARNING] [MainThread] [root/weather.py:544]: Error processing weather data: Weather data is empty.. Retrying fetch in 10 seconds.
2025-07-21 13:27:58,185 [ERROR] [MainThread] [root/weather.py:77]: Weather response error: ContentAccessDenied 201.
2025-07-21 13:27:58,185 [WARNING] [MainThread] [root/weather.py:544]: Error processing weather data: Weather data is empty.. Retrying fetch in 10 seconds.
2025-07-21 13:28:08,289 [ERROR] [MainThread] [root/weather.py:77]: Weather response error: ContentAccessDenied 201.
2025-07-21 13:28:08,289 [WARNING] [MainThread] [root/weather.py:544]: Error processing weather data: Weather data is empty.. Retrying fetch in 10 seconds.
2025-07-21 13:28:18,326 [ERROR] [MainThread] [root/weather.py:77]: Weather response error: ContentAccessDenied 201.
2025-07-21 13:28:18,326 [WARNING] [MainThread] [root/weather.py:544]: Error processing weather data: Weather data is empty.. Retrying fetch in 10 seconds.
2025-07-21 13:28:28,464 [ERROR] [MainThread] [root/weather.py:77]: Weather response error: ContentAccessDenied 201.
2025-07-21 13:28:28,464 [WARNING] [MainThread] [root/weather.py:544]: Error processing weather data: Weather data is empty.. Retrying fetch in 10 seconds.
2025-07-21 13:28:37,697 [INFO] [MainThread] [root/controller.py:12]: Reloading Application because of config update...
2025-07-21 13:28:37,806 [INFO] [MainThread] [cli_server/cli_server.py:112]: Log pipe server stopped
2025-07-21 13:28:37,806 [DEBUG] [MainThread] [cli_server/cli_server.py:206]: CLI server stopped
2025-07-21 13:28:37,859 [DEBUG] [MainThread] [qasync._windows._EventPoller/_windows.py:218]: Stopping worker thread...
2025-07-21 13:28:37,871 [DEBUG] [Dummy-8] [qasync._windows._EventWorker/_windows.py:201]: Exiting thread
2025-07-21 13:28:37,872 [DEBUG] [MainThread] [qasync._windows._IocpProactor/_windows.py:75]: Closing
2025-07-21 13:28:38,172 [INFO] [MainThread] [root/log.py:59]: Yasb v1.7.4
2025-07-21 13:28:38,173 [INFO] [Thread-1 (_run_server)] [cli_server/cli_server.py:212]: CLI server started v1.1.1
2025-07-21 13:28:38,173 [INFO] [MainThread] [cli_server/cli_server.py:104]: Log pipe server started
2025-07-21 13:28:38,448 [DEBUG] [MainThread] [comtypes/__init__.py:149]: CoInitializeEx(None, 2)
2025-07-21 13:28:38,521 [DEBUG] [MainThread] [tzlocal/win32.py:55]: Looking up time zone info from registry
2025-07-21 13:28:38,868 [INFO] [MainThread] [root/watcher.py:55]: Created file watcher for path C:\Users\tamil\.config\yasb
2025-07-21 13:28:38,870 [INFO] [Dummy-5] [root/event_listener.py:53]: Created named pipe yasb-855aa1dc-6660-11f0-95ed-58cdc95b2622
2025-07-21 13:28:38,909 [DEBUG] [MainThread] [qasync._windows._EventPoller/_windows.py:213]: Starting (proactor: <_IocpProactor overlapped#=0 result#=0>)...
2025-07-21 13:28:38,910 [DEBUG] [Dummy-8] [qasync._windows._EventWorker/_windows.py:192]: Thread started
2025-07-21 13:28:38,983 [INFO] [Dummy-5] [root/event_listener.py:125]: Komorebi connected to named pipe: yasb-855aa1dc-6660-11f0-95ed-58cdc95b2622
2025-07-21 13:28:39,107 [ERROR] [MainThread] [root/weather.py:77]: Weather response error: ContentAccessDenied 201.
2025-07-21 13:28:39,107 [WARNING] [MainThread] [root/weather.py:544]: Error processing weather data: Weather data is empty.. Retrying fetch in 10 seconds.
2025-07-21 13:28:49,115 [ERROR] [MainThread] [root/weather.py:77]: Weather response error: ContentAccessDenied 201.
2025-07-21 13:28:49,115 [WARNING] [MainThread] [root/weather.py:544]: Error processing weather data: Weather data is empty.. Retrying fetch in 10 seconds.
2025-07-21 13:28:55,667 [INFO] [MainThread] [root/controller.py:12]: Reloading Application because of config update...
2025-07-21 13:28:55,774 [INFO] [MainThread] [cli_server/cli_server.py:112]: Log pipe server stopped
2025-07-21 13:28:55,774 [DEBUG] [MainThread] [cli_server/cli_server.py:206]: CLI server stopped
2025-07-21 13:28:55,831 [DEBUG] [MainThread] [qasync._windows._EventPoller/_windows.py:218]: Stopping worker thread...
2025-07-21 13:28:55,841 [DEBUG] [Dummy-8] [qasync._windows._EventWorker/_windows.py:201]: Exiting thread
2025-07-21 13:28:55,842 [DEBUG] [MainThread] [qasync._windows._IocpProactor/_windows.py:75]: Closing
2025-07-21 13:28:56,132 [INFO] [MainThread] [root/log.py:59]: Yasb v1.7.4
2025-07-21 13:28:56,132 [INFO] [Thread-1 (_run_server)] [cli_server/cli_server.py:212]: CLI server started v1.1.1
2025-07-21 13:28:56,132 [INFO] [MainThread] [cli_server/cli_server.py:104]: Log pipe server started
2025-07-21 13:28:56,400 [DEBUG] [MainThread] [comtypes/__init__.py:149]: CoInitializeEx(None, 2)
2025-07-21 13:28:56,474 [DEBUG] [MainThread] [tzlocal/win32.py:55]: Looking up time zone info from registry
2025-07-21 13:28:56,813 [INFO] [MainThread] [root/watcher.py:55]: Created file watcher for path C:\Users\tamil\.config\yasb
2025-07-21 13:28:56,814 [INFO] [Dummy-5] [root/event_listener.py:53]: Created named pipe yasb-900c967c-6660-11f0-94cf-58cdc95b2622
2025-07-21 13:28:56,853 [DEBUG] [MainThread] [qasync._windows._EventPoller/_windows.py:213]: Starting (proactor: <_IocpProactor overlapped#=0 result#=0>)...
2025-07-21 13:28:56,854 [DEBUG] [Dummy-8] [qasync._windows._EventWorker/_windows.py:192]: Thread started
2025-07-21 13:28:56,939 [INFO] [Dummy-5] [root/event_listener.py:125]: Komorebi connected to named pipe: yasb-900c967c-6660-11f0-94cf-58cdc95b2622
2025-07-21 13:28:57,037 [ERROR] [MainThread] [root/weather.py:77]: Weather response error: ContentAccessDenied 201.
2025-07-21 13:28:57,038 [WARNING] [MainThread] [root/weather.py:544]: Error processing weather data: Weather data is empty.. Retrying fetch in 10 seconds.
2025-07-21 13:29:00,607 [INFO] [MainThread] [root/controller.py:12]: Reloading Application because of config update...
2025-07-21 13:29:00,710 [INFO] [MainThread] [cli_server/cli_server.py:112]: Log pipe server stopped
2025-07-21 13:29:00,710 [DEBUG] [MainThread] [cli_server/cli_server.py:206]: CLI server stopped
2025-07-21 13:29:00,767 [DEBUG] [MainThread] [qasync._windows._EventPoller/_windows.py:218]: Stopping worker thread...
2025-07-21 13:29:00,776 [DEBUG] [Dummy-8] [qasync._windows._EventWorker/_windows.py:201]: Exiting thread
2025-07-21 13:29:00,778 [DEBUG] [MainThread] [qasync._windows._IocpProactor/_windows.py:75]: Closing
2025-07-21 13:29:01,110 [INFO] [MainThread] [root/log.py:59]: Yasb v1.7.4
2025-07-21 13:29:01,111 [INFO] [Thread-1 (_run_server)] [cli_server/cli_server.py:212]: CLI server started v1.1.1
2025-07-21 13:29:01,113 [INFO] [MainThread] [cli_server/cli_server.py:104]: Log pipe server started
2025-07-21 13:29:01,380 [DEBUG] [MainThread] [comtypes/__init__.py:149]: CoInitializeEx(None, 2)
2025-07-21 13:29:01,473 [DEBUG] [MainThread] [tzlocal/win32.py:55]: Looking up time zone info from registry
2025-07-21 13:29:01,844 [INFO] [MainThread] [root/watcher.py:55]: Created file watcher for path C:\Users\tamil\.config\yasb
2025-07-21 13:29:01,846 [INFO] [Dummy-5] [root/event_listener.py:53]: Created named pipe yasb-930c7d61-6660-11f0-830d-58cdc95b2622
2025-07-21 13:29:01,884 [DEBUG] [MainThread] [qasync._windows._EventPoller/_windows.py:213]: Starting (proactor: <_IocpProactor overlapped#=0 result#=0>)...
2025-07-21 13:29:01,886 [DEBUG] [Dummy-8] [qasync._windows._EventWorker/_windows.py:192]: Thread started
2025-07-21 13:29:01,971 [INFO] [Dummy-5] [root/event_listener.py:125]: Komorebi connected to named pipe: yasb-930c7d61-6660-11f0-830d-58cdc95b2622
2025-07-21 13:30:16,402 [INFO] [MainThread] [root/controller.py:12]: Reloading Application because of config update...
2025-07-21 13:30:16,503 [INFO] [MainThread] [cli_server/cli_server.py:112]: Log pipe server stopped
2025-07-21 13:30:16,503 [DEBUG] [MainThread] [cli_server/cli_server.py:206]: CLI server stopped
2025-07-21 13:30:16,557 [DEBUG] [MainThread] [qasync._windows._EventPoller/_windows.py:218]: Stopping worker thread...
2025-07-21 13:30:16,564 [DEBUG] [Dummy-8] [qasync._windows._EventWorker/_windows.py:201]: Exiting thread
2025-07-21 13:30:16,565 [DEBUG] [MainThread] [qasync._windows._IocpProactor/_windows.py:75]: Closing
2025-07-21 13:30:16,886 [INFO] [MainThread] [root/log.py:59]: Yasb v1.7.4
2025-07-21 13:30:16,887 [INFO] [Thread-1 (_run_server)] [cli_server/cli_server.py:212]: CLI server started v1.1.1
2025-07-21 13:30:16,888 [INFO] [MainThread] [cli_server/cli_server.py:104]: Log pipe server started
2025-07-21 13:30:17,120 [DEBUG] [MainThread] [comtypes/__init__.py:149]: CoInitializeEx(None, 2)
2025-07-21 13:30:17,198 [DEBUG] [MainThread] [tzlocal/win32.py:55]: Looking up time zone info from registry
2025-07-21 13:30:17,517 [INFO] [MainThread] [root/watcher.py:55]: Created file watcher for path C:\Users\tamil\.config\yasb
2025-07-21 13:30:17,518 [INFO] [Dummy-5] [root/event_listener.py:53]: Created named pipe yasb-c0271089-6660-11f0-b9f0-58cdc95b2622
2025-07-21 13:30:17,553 [DEBUG] [MainThread] [qasync._windows._EventPoller/_windows.py:213]: Starting (proactor: <_IocpProactor overlapped#=0 result#=0>)...
2025-07-21 13:30:17,555 [DEBUG] [Dummy-8] [qasync._windows._EventWorker/_windows.py:192]: Thread started
2025-07-21 13:30:17,636 [INFO] [Dummy-5] [root/event_listener.py:125]: Komorebi connected to named pipe: yasb-c0271089-6660-11f0-b9f0-58cdc95b2622
2025-07-21 13:30:17,707 [INFO] [MainThread] [root/controller.py:12]: Reloading Application because of config update...
2025-07-21 13:30:17,808 [INFO] [MainThread] [cli_server/cli_server.py:112]: Log pipe server stopped
2025-07-21 13:30:17,808 [DEBUG] [MainThread] [cli_server/cli_server.py:206]: CLI server stopped
2025-07-21 13:30:17,846 [DEBUG] [MainThread] [qasync._windows._EventPoller/_windows.py:218]: Stopping worker thread...
2025-07-21 13:30:17,857 [DEBUG] [Dummy-8] [qasync._windows._EventWorker/_windows.py:201]: Exiting thread
2025-07-21 13:30:17,858 [DEBUG] [MainThread] [qasync._windows._IocpProactor/_windows.py:75]: Closing
2025-07-21 13:30:18,165 [INFO] [MainThread] [root/log.py:59]: Yasb v1.7.4
2025-07-21 13:30:18,166 [INFO] [Thread-1 (_run_server)] [cli_server/cli_server.py:212]: CLI server started v1.1.1
2025-07-21 13:30:18,166 [INFO] [MainThread] [cli_server/cli_server.py:104]: Log pipe server started
2025-07-21 13:30:18,388 [DEBUG] [MainThread] [comtypes/__init__.py:149]: CoInitializeEx(None, 2)
2025-07-21 13:30:18,473 [DEBUG] [MainThread] [tzlocal/win32.py:55]: Looking up time zone info from registry
2025-07-21 13:30:18,811 [INFO] [MainThread] [root/watcher.py:55]: Created file watcher for path C:\Users\tamil\.config\yasb
2025-07-21 13:30:18,813 [INFO] [Dummy-5] [root/event_listener.py:53]: Created named pipe yasb-c0eca1d0-6660-11f0-87a6-58cdc95b2622
2025-07-21 13:30:18,851 [DEBUG] [MainThread] [qasync._windows._EventPoller/_windows.py:213]: Starting (proactor: <_IocpProactor overlapped#=0 result#=0>)...
2025-07-21 13:30:18,852 [DEBUG] [Dummy-8] [qasync._windows._EventWorker/_windows.py:192]: Thread started
2025-07-21 13:30:18,930 [INFO] [Dummy-5] [root/event_listener.py:125]: Komorebi connected to named pipe: yasb-c0eca1d0-6660-11f0-87a6-58cdc95b2622
2025-07-21 13:30:26,499 [INFO] [MainThread] [root/controller.py:12]: Reloading Application because of config update...
2025-07-21 13:30:26,607 [INFO] [MainThread] [cli_server/cli_server.py:112]: Log pipe server stopped
2025-07-21 13:30:26,607 [DEBUG] [MainThread] [cli_server/cli_server.py:206]: CLI server stopped
2025-07-21 13:30:26,664 [DEBUG] [MainThread] [qasync._windows._EventPoller/_windows.py:218]: Stopping worker thread...
2025-07-21 13:30:26,679 [DEBUG] [Dummy-8] [qasync._windows._EventWorker/_windows.py:201]: Exiting thread
2025-07-21 13:30:26,680 [DEBUG] [MainThread] [qasync._windows._IocpProactor/_windows.py:75]: Closing
2025-07-21 13:30:26,978 [INFO] [MainThread] [root/log.py:59]: Yasb v1.7.4
2025-07-21 13:30:26,979 [INFO] [Thread-1 (_run_server)] [cli_server/cli_server.py:212]: CLI server started v1.1.1
2025-07-21 13:30:26,979 [INFO] [MainThread] [cli_server/cli_server.py:104]: Log pipe server started
2025-07-21 13:30:27,211 [DEBUG] [MainThread] [comtypes/__init__.py:149]: CoInitializeEx(None, 2)
2025-07-21 13:30:27,286 [DEBUG] [MainThread] [tzlocal/win32.py:55]: Looking up time zone info from registry
2025-07-21 13:30:27,601 [INFO] [MainThread] [root/watcher.py:55]: Created file watcher for path C:\Users\tamil\.config\yasb
2025-07-21 13:30:27,601 [INFO] [Dummy-5] [root/event_listener.py:53]: Created named pipe yasb-c629bf11-6660-11f0-a788-58cdc95b2622
2025-07-21 13:30:27,637 [DEBUG] [MainThread] [qasync._windows._EventPoller/_windows.py:213]: Starting (proactor: <_IocpProactor overlapped#=0 result#=0>)...
2025-07-21 13:30:27,639 [DEBUG] [Dummy-8] [qasync._windows._EventWorker/_windows.py:192]: Thread started
2025-07-21 13:30:27,718 [INFO] [Dummy-5] [root/event_listener.py:125]: Komorebi connected to named pipe: yasb-c629bf11-6660-11f0-a788-58cdc95b2622
2025-07-21 13:30:30,216 [INFO] [MainThread] [root/controller.py:12]: Reloading Application because of config update...
2025-07-21 13:30:30,317 [INFO] [MainThread] [cli_server/cli_server.py:112]: Log pipe server stopped
2025-07-21 13:30:30,317 [DEBUG] [MainThread] [cli_server/cli_server.py:206]: CLI server stopped
2025-07-21 13:30:30,379 [DEBUG] [MainThread] [qasync._windows._EventPoller/_windows.py:218]: Stopping worker thread...
2025-07-21 13:30:30,388 [DEBUG] [Dummy-8] [qasync._windows._EventWorker/_windows.py:201]: Exiting thread
2025-07-21 13:30:30,389 [DEBUG] [MainThread] [qasync._windows._IocpProactor/_windows.py:75]: Closing
2025-07-21 13:30:30,686 [INFO] [MainThread] [root/log.py:59]: Yasb v1.7.4
2025-07-21 13:30:30,687 [INFO] [Thread-1 (_run_server)] [cli_server/cli_server.py:212]: CLI server started v1.1.1
2025-07-21 13:30:30,687 [INFO] [MainThread] [cli_server/cli_server.py:104]: Log pipe server started
2025-07-21 13:30:30,924 [DEBUG] [MainThread] [comtypes/__init__.py:149]: CoInitializeEx(None, 2)
2025-07-21 13:30:30,998 [DEBUG] [MainThread] [tzlocal/win32.py:55]: Looking up time zone info from registry
2025-07-21 13:30:31,316 [INFO] [MainThread] [root/watcher.py:55]: Created file watcher for path C:\Users\tamil\.config\yasb
2025-07-21 13:30:31,317 [INFO] [Dummy-5] [root/event_listener.py:53]: Created named pipe yasb-c860be24-6660-11f0-a5e7-58cdc95b2622
2025-07-21 13:30:31,353 [DEBUG] [MainThread] [qasync._windows._EventPoller/_windows.py:213]: Starting (proactor: <_IocpProactor overlapped#=0 result#=0>)...
2025-07-21 13:30:31,355 [DEBUG] [Dummy-8] [qasync._windows._EventWorker/_windows.py:192]: Thread started
2025-07-21 13:30:31,437 [INFO] [Dummy-5] [root/event_listener.py:125]: Komorebi connected to named pipe: yasb-c860be24-6660-11f0-a5e7-58cdc95b2622
2025-07-21 13:30:31,459 [INFO] [MainThread] [root/controller.py:12]: Reloading Application because of config update...
2025-07-21 13:30:31,559 [INFO] [MainThread] [cli_server/cli_server.py:112]: Log pipe server stopped
2025-07-21 13:30:31,559 [DEBUG] [MainThread] [cli_server/cli_server.py:206]: CLI server stopped
2025-07-21 13:30:31,658 [DEBUG] [MainThread] [qasync._windows._EventPoller/_windows.py:218]: Stopping worker thread...
2025-07-21 13:30:31,667 [DEBUG] [Dummy-8] [qasync._windows._EventWorker/_windows.py:201]: Exiting thread
2025-07-21 13:30:31,667 [DEBUG] [MainThread] [qasync._windows._IocpProactor/_windows.py:75]: Closing
2025-07-21 13:30:31,996 [INFO] [MainThread] [root/log.py:59]: Yasb v1.7.4
2025-07-21 13:30:31,996 [INFO] [Thread-1 (_run_server)] [cli_server/cli_server.py:212]: CLI server started v1.1.1
2025-07-21 13:30:31,996 [INFO] [MainThread] [cli_server/cli_server.py:104]: Log pipe server started
2025-07-21 13:30:32,214 [DEBUG] [MainThread] [comtypes/__init__.py:149]: CoInitializeEx(None, 2)
2025-07-21 13:30:32,286 [DEBUG] [MainThread] [tzlocal/win32.py:55]: Looking up time zone info from registry
2025-07-21 13:30:32,606 [INFO] [MainThread] [root/watcher.py:55]: Created file watcher for path C:\Users\tamil\.config\yasb
2025-07-21 13:30:32,607 [INFO] [Dummy-5] [root/event_listener.py:53]: Created named pipe yasb-c92591c1-6660-11f0-af8b-58cdc95b2622
2025-07-21 13:30:32,643 [DEBUG] [MainThread] [qasync._windows._EventPoller/_windows.py:213]: Starting (proactor: <_IocpProactor overlapped#=0 result#=0>)...
2025-07-21 13:30:32,644 [DEBUG] [Dummy-8] [qasync._windows._EventWorker/_windows.py:192]: Thread started
2025-07-21 13:30:32,731 [INFO] [Dummy-5] [root/event_listener.py:125]: Komorebi connected to named pipe: yasb-c92591c1-6660-11f0-af8b-58cdc95b2622
2025-07-21 13:30:36,541 [INFO] [MainThread] [root/controller.py:12]: Reloading Application because of config update...
2025-07-21 13:30:36,641 [INFO] [MainThread] [cli_server/cli_server.py:112]: Log pipe server stopped
2025-07-21 13:30:36,642 [DEBUG] [MainThread] [cli_server/cli_server.py:206]: CLI server stopped
2025-07-21 13:30:36,698 [DEBUG] [MainThread] [qasync._windows._EventPoller/_windows.py:218]: Stopping worker thread...
2025-07-21 13:30:36,709 [DEBUG] [Dummy-8] [qasync._windows._EventWorker/_windows.py:201]: Exiting thread
2025-07-21 13:30:36,709 [DEBUG] [MainThread] [qasync._windows._IocpProactor/_windows.py:75]: Closing
2025-07-21 13:30:37,016 [INFO] [MainThread] [root/log.py:59]: Yasb v1.7.4
2025-07-21 13:30:37,017 [INFO] [Thread-1 (_run_server)] [cli_server/cli_server.py:212]: CLI server started v1.1.1
2025-07-21 13:30:37,017 [INFO] [MainThread] [cli_server/cli_server.py:104]: Log pipe server started
2025-07-21 13:30:37,298 [DEBUG] [MainThread] [comtypes/__init__.py:149]: CoInitializeEx(None, 2)
2025-07-21 13:30:37,387 [DEBUG] [MainThread] [tzlocal/win32.py:55]: Looking up time zone info from registry
2025-07-21 13:30:37,751 [INFO] [MainThread] [root/watcher.py:55]: Created file watcher for path C:\Users\tamil\.config\yasb
2025-07-21 13:30:37,752 [INFO] [Dummy-5] [root/event_listener.py:53]: Created named pipe yasb-cc36a137-6660-11f0-a841-58cdc95b2622
2025-07-21 13:30:37,787 [DEBUG] [MainThread] [qasync._windows._EventPoller/_windows.py:213]: Starting (proactor: <_IocpProactor overlapped#=0 result#=0>)...
2025-07-21 13:30:37,790 [DEBUG] [Dummy-8] [qasync._windows._EventWorker/_windows.py:192]: Thread started
2025-07-21 13:30:37,872 [INFO] [Dummy-5] [root/event_listener.py:125]: Komorebi connected to named pipe: yasb-cc36a137-6660-11f0-a841-58cdc95b2622
2025-07-21 13:30:46,068 [INFO] [MainThread] [root/controller.py:12]: Reloading Application because of config update...
2025-07-21 13:30:46,176 [INFO] [MainThread] [cli_server/cli_server.py:112]: Log pipe server stopped
2025-07-21 13:30:46,176 [DEBUG] [MainThread] [cli_server/cli_server.py:206]: CLI server stopped
2025-07-21 13:30:46,234 [DEBUG] [MainThread] [qasync._windows._EventPoller/_windows.py:218]: Stopping worker thread...
2025-07-21 13:30:46,244 [DEBUG] [Dummy-8] [qasync._windows._EventWorker/_windows.py:201]: Exiting thread
2025-07-21 13:30:46,244 [DEBUG] [MainThread] [qasync._windows._IocpProactor/_windows.py:75]: Closing
2025-07-21 13:31:02,381 [INFO] [MainThread] [root/log.py:59]: Yasb v1.7.4
2025-07-21 13:31:02,382 [INFO] [Thread-1 (_run_server)] [cli_server/cli_server.py:212]: CLI server started v1.1.1
2025-07-21 13:31:02,383 [INFO] [MainThread] [cli_server/cli_server.py:104]: Log pipe server started
2025-07-21 13:31:02,595 [DEBUG] [MainThread] [comtypes/__init__.py:149]: CoInitializeEx(None, 2)
2025-07-21 13:31:02,666 [DEBUG] [MainThread] [tzlocal/win32.py:55]: Looking up time zone info from registry
2025-07-21 13:31:03,001 [INFO] [MainThread] [root/watcher.py:55]: Created file watcher for path C:\Users\tamil\.config\yasb
2025-07-21 13:31:03,002 [INFO] [Dummy-5] [root/event_listener.py:53]: Created named pipe yasb-db439044-6660-11f0-985c-58cdc95b2622
2025-07-21 13:31:03,041 [DEBUG] [MainThread] [qasync._windows._EventPoller/_windows.py:213]: Starting (proactor: <_IocpProactor overlapped#=0 result#=0>)...
2025-07-21 13:31:03,042 [DEBUG] [Dummy-8] [qasync._windows._EventWorker/_windows.py:192]: Thread started
2025-07-21 13:31:03,126 [INFO] [Dummy-5] [root/event_listener.py:125]: Komorebi connected to named pipe: yasb-db439044-6660-11f0-985c-58cdc95b2622
2025-07-21 13:32:26,528 [INFO] [MainThread] [root/controller.py:12]: Reloading Application because of config update...
2025-07-21 13:32:26,643 [INFO] [MainThread] [cli_server/cli_server.py:112]: Log pipe server stopped
2025-07-21 13:32:26,644 [DEBUG] [MainThread] [cli_server/cli_server.py:206]: CLI server stopped
2025-07-21 13:32:26,699 [DEBUG] [MainThread] [qasync._windows._EventPoller/_windows.py:218]: Stopping worker thread...
2025-07-21 13:32:26,715 [DEBUG] [Dummy-8] [qasync._windows._EventWorker/_windows.py:201]: Exiting thread
2025-07-21 13:32:26,716 [DEBUG] [MainThread] [qasync._windows._IocpProactor/_windows.py:75]: Closing
2025-07-21 13:32:27,005 [INFO] [MainThread] [root/log.py:59]: Yasb v1.7.4
2025-07-21 13:32:27,005 [INFO] [Thread-1 (_run_server)] [cli_server/cli_server.py:212]: CLI server started v1.1.1
2025-07-21 13:32:27,006 [INFO] [MainThread] [cli_server/cli_server.py:104]: Log pipe server started
2025-07-21 13:32:27,249 [DEBUG] [MainThread] [comtypes/__init__.py:149]: CoInitializeEx(None, 2)
2025-07-21 13:32:27,335 [DEBUG] [MainThread] [tzlocal/win32.py:55]: Looking up time zone info from registry
2025-07-21 13:32:27,684 [INFO] [MainThread] [root/watcher.py:55]: Created file watcher for path C:\Users\tamil\.config\yasb
2025-07-21 13:32:27,685 [INFO] [Dummy-5] [root/event_listener.py:53]: Created named pipe yasb-0dbcd601-6661-11f0-aa4a-58cdc95b2622
2025-07-21 13:32:27,722 [DEBUG] [MainThread] [qasync._windows._EventPoller/_windows.py:213]: Starting (proactor: <_IocpProactor overlapped#=0 result#=0>)...
2025-07-21 13:32:27,723 [DEBUG] [Dummy-8] [qasync._windows._EventWorker/_windows.py:192]: Thread started
2025-07-21 13:32:27,808 [INFO] [Dummy-5] [root/event_listener.py:125]: Komorebi connected to named pipe: yasb-0dbcd601-6661-11f0-aa4a-58cdc95b2622
2025-07-21 13:32:29,184 [INFO] [MainThread] [root/controller.py:12]: Reloading Application because of config update...
2025-07-21 13:32:29,285 [INFO] [MainThread] [cli_server/cli_server.py:112]: Log pipe server stopped
2025-07-21 13:32:29,285 [DEBUG] [MainThread] [cli_server/cli_server.py:206]: CLI server stopped
2025-07-21 13:32:29,340 [DEBUG] [MainThread] [qasync._windows._EventPoller/_windows.py:218]: Stopping worker thread...
2025-07-21 13:32:29,350 [DEBUG] [Dummy-8] [qasync._windows._EventWorker/_windows.py:201]: Exiting thread
2025-07-21 13:32:29,351 [DEBUG] [MainThread] [qasync._windows._IocpProactor/_windows.py:75]: Closing
2025-07-21 13:32:29,657 [INFO] [MainThread] [root/log.py:59]: Yasb v1.7.4
2025-07-21 13:32:29,657 [INFO] [Thread-1 (_run_server)] [cli_server/cli_server.py:212]: CLI server started v1.1.1
2025-07-21 13:32:29,658 [INFO] [MainThread] [cli_server/cli_server.py:104]: Log pipe server started
2025-07-21 13:32:29,902 [DEBUG] [MainThread] [comtypes/__init__.py:149]: CoInitializeEx(None, 2)
2025-07-21 13:32:29,984 [DEBUG] [MainThread] [tzlocal/win32.py:55]: Looking up time zone info from registry
2025-07-21 13:32:30,330 [INFO] [MainThread] [root/watcher.py:55]: Created file watcher for path C:\Users\tamil\.config\yasb
2025-07-21 13:32:30,331 [INFO] [Dummy-5] [root/event_listener.py:53]: Created named pipe yasb-0f50b08e-6661-11f0-8e15-58cdc95b2622
2025-07-21 13:32:30,371 [DEBUG] [MainThread] [qasync._windows._EventPoller/_windows.py:213]: Starting (proactor: <_IocpProactor overlapped#=0 result#=0>)...
2025-07-21 13:32:30,373 [DEBUG] [Dummy-8] [qasync._windows._EventWorker/_windows.py:192]: Thread started
2025-07-21 13:32:30,457 [INFO] [Dummy-5] [root/event_listener.py:125]: Komorebi connected to named pipe: yasb-0f50b08e-6661-11f0-8e15-58cdc95b2622
2025-07-21 13:34:16,288 [ERROR] [MainThread] [root/config.py:110]: The config file 'C:\Users\tamil\.config\yasb\config.yaml' contains validation errors. Please fix:
memory:
- unknown field

2025-07-21 13:34:29,168 [INFO] [MainThread] [root/controller.py:12]: Reloading Application because of config update...
2025-07-21 13:34:29,270 [INFO] [MainThread] [cli_server/cli_server.py:112]: Log pipe server stopped
2025-07-21 13:34:29,270 [DEBUG] [MainThread] [cli_server/cli_server.py:206]: CLI server stopped
2025-07-21 13:34:29,326 [DEBUG] [MainThread] [qasync._windows._EventPoller/_windows.py:218]: Stopping worker thread...
2025-07-21 13:34:29,346 [DEBUG] [Dummy-8] [qasync._windows._EventWorker/_windows.py:201]: Exiting thread
2025-07-21 13:34:29,348 [DEBUG] [MainThread] [qasync._windows._IocpProactor/_windows.py:75]: Closing
2025-07-21 13:34:29,651 [INFO] [MainThread] [root/log.py:59]: Yasb v1.7.4
2025-07-21 13:34:29,652 [INFO] [Thread-1 (_run_server)] [cli_server/cli_server.py:212]: CLI server started v1.1.1
2025-07-21 13:34:29,652 [INFO] [MainThread] [cli_server/cli_server.py:104]: Log pipe server started
2025-07-21 13:34:29,861 [DEBUG] [MainThread] [comtypes/__init__.py:149]: CoInitializeEx(None, 2)
2025-07-21 13:34:29,929 [DEBUG] [MainThread] [tzlocal/win32.py:55]: Looking up time zone info from registry
2025-07-21 13:34:30,249 [INFO] [MainThread] [root/watcher.py:55]: Created file watcher for path C:\Users\tamil\.config\yasb
2025-07-21 13:34:30,251 [INFO] [Dummy-5] [root/event_listener.py:53]: Created named pipe yasb-56cb0959-6661-11f0-a393-58cdc95b2622
2025-07-21 13:34:30,289 [DEBUG] [MainThread] [qasync._windows._EventPoller/_windows.py:213]: Starting (proactor: <_IocpProactor overlapped#=0 result#=0>)...
2025-07-21 13:34:30,290 [DEBUG] [Dummy-8] [qasync._windows._EventWorker/_windows.py:192]: Thread started
2025-07-21 13:34:30,382 [INFO] [Dummy-5] [root/event_listener.py:125]: Komorebi connected to named pipe: yasb-56cb0959-6661-11f0-a393-58cdc95b2622
2025-07-21 13:34:42,525 [INFO] [MainThread] [root/controller.py:12]: Reloading Application because of config update...
2025-07-21 13:34:42,632 [INFO] [MainThread] [cli_server/cli_server.py:112]: Log pipe server stopped
2025-07-21 13:34:42,632 [DEBUG] [MainThread] [cli_server/cli_server.py:206]: CLI server stopped
2025-07-21 13:34:42,688 [DEBUG] [MainThread] [qasync._windows._EventPoller/_windows.py:218]: Stopping worker thread...
2025-07-21 13:34:42,700 [DEBUG] [Dummy-8] [qasync._windows._EventWorker/_windows.py:201]: Exiting thread
2025-07-21 13:34:42,701 [DEBUG] [MainThread] [qasync._windows._IocpProactor/_windows.py:75]: Closing
2025-07-21 13:34:42,987 [INFO] [MainThread] [root/log.py:59]: Yasb v1.7.4
2025-07-21 13:34:42,988 [INFO] [Thread-1 (_run_server)] [cli_server/cli_server.py:212]: CLI server started v1.1.1
2025-07-21 13:34:42,988 [INFO] [MainThread] [cli_server/cli_server.py:104]: Log pipe server started
2025-07-21 13:34:43,113 [WARNING] [MainThread] [root/widget_builder.py:38]: No widget config could be found for widget 'm
2025-07-21 13:34:43,117 [DEBUG] [MainThread] [comtypes/__init__.py:149]: CoInitializeEx(None, 2)
2025-07-21 13:34:43,181 [DEBUG] [MainThread] [tzlocal/win32.py:55]: Looking up time zone info from registry
2025-07-21 13:34:43,486 [ERROR] [MainThread] [root/widget_builder.py:77]: Failed to add undefined widget(s)  - The widget "m" is undefined.
2025-07-21 13:34:43,488 [INFO] [Dummy-3] [root/event_listener.py:53]: Created named pipe yasb-5eaee99e-6661-11f0-a3fe-58cdc95b2622
2025-07-21 13:34:43,644 [INFO] [Dummy-3] [root/event_listener.py:125]: Komorebi connected to named pipe: yasb-5eaee99e-6661-11f0-a3fe-58cdc95b2622
2025-07-21 13:34:46,272 [INFO] [MainThread] [root/watcher.py:55]: Created file watcher for path C:\Users\tamil\.config\yasb
2025-07-21 13:34:46,325 [DEBUG] [MainThread] [qasync._windows._EventPoller/_windows.py:213]: Starting (proactor: <_IocpProactor overlapped#=0 result#=0>)...
2025-07-21 13:34:46,327 [DEBUG] [Dummy-9] [qasync._windows._EventWorker/_windows.py:192]: Thread started
2025-07-21 13:34:49,504 [INFO] [MainThread] [root/controller.py:12]: Reloading Application because of config update...
2025-07-21 13:34:49,610 [INFO] [MainThread] [cli_server/cli_server.py:112]: Log pipe server stopped
2025-07-21 13:34:49,610 [DEBUG] [MainThread] [cli_server/cli_server.py:206]: CLI server stopped
2025-07-21 13:34:49,664 [DEBUG] [MainThread] [qasync._windows._EventPoller/_windows.py:218]: Stopping worker thread...
2025-07-21 13:34:49,673 [DEBUG] [Dummy-9] [qasync._windows._EventWorker/_windows.py:201]: Exiting thread
2025-07-21 13:34:49,674 [DEBUG] [MainThread] [qasync._windows._IocpProactor/_windows.py:75]: Closing
2025-07-21 13:34:49,681 [ERROR] [Dummy-10] [root/event_service.py:30]: Failed to emit signal <bound PYQT_SIGNAL window_name_change of ActiveWindowWidget object at 0x00000208C598A170>. Removing link to WinEvent.EventObjectNameChange.
2025-07-21 13:34:49,961 [INFO] [MainThread] [root/log.py:59]: Yasb v1.7.4
2025-07-21 13:34:49,962 [INFO] [Thread-1 (_run_server)] [cli_server/cli_server.py:212]: CLI server started v1.1.1
2025-07-21 13:34:49,963 [INFO] [MainThread] [cli_server/cli_server.py:104]: Log pipe server started
2025-07-21 13:34:50,088 [DEBUG] [MainThread] [comtypes/__init__.py:149]: CoInitializeEx(None, 2)
2025-07-21 13:34:50,147 [DEBUG] [MainThread] [tzlocal/win32.py:55]: Looking up time zone info from registry
2025-07-21 13:34:50,455 [ERROR] [MainThread] [root/widget_builder.py:88]: Failed to validate widget(s) due to invalid options  - memory
      histogram_icons:
      - unknown field
      
2025-07-21 13:34:50,458 [INFO] [Dummy-3] [root/event_listener.py:53]: Created named pipe yasb-62d65154-6661-11f0-9bec-58cdc95b2622
2025-07-21 13:34:50,615 [INFO] [Dummy-3] [root/event_listener.py:125]: Komorebi connected to named pipe: yasb-62d65154-6661-11f0-9bec-58cdc95b2622
2025-07-21 13:34:52,509 [INFO] [MainThread] [root/watcher.py:55]: Created file watcher for path C:\Users\tamil\.config\yasb
2025-07-21 13:34:52,561 [DEBUG] [MainThread] [qasync._windows._EventPoller/_windows.py:213]: Starting (proactor: <_IocpProactor overlapped#=0 result#=0>)...
2025-07-21 13:34:52,562 [DEBUG] [Dummy-9] [qasync._windows._EventWorker/_windows.py:192]: Thread started
2025-07-21 13:35:23,038 [INFO] [MainThread] [root/controller.py:12]: Reloading Application from tray...
2025-07-21 13:35:23,141 [INFO] [MainThread] [cli_server/cli_server.py:112]: Log pipe server stopped
2025-07-21 13:35:23,142 [DEBUG] [MainThread] [cli_server/cli_server.py:206]: CLI server stopped
2025-07-21 13:35:23,181 [DEBUG] [MainThread] [qasync._windows._EventPoller/_windows.py:218]: Stopping worker thread...
2025-07-21 13:35:23,199 [DEBUG] [Dummy-9] [qasync._windows._EventWorker/_windows.py:201]: Exiting thread
2025-07-21 13:35:23,200 [DEBUG] [MainThread] [qasync._windows._IocpProactor/_windows.py:75]: Closing
2025-07-21 13:35:23,206 [ERROR] [Dummy-10] [root/event_service.py:30]: Failed to emit signal <bound PYQT_SIGNAL window_name_change of ActiveWindowWidget object at 0x0000011B4757A170>. Removing link to WinEvent.EventObjectNameChange.
2025-07-21 13:35:23,495 [INFO] [MainThread] [root/log.py:59]: Yasb v1.7.4
2025-07-21 13:35:23,496 [INFO] [Thread-1 (_run_server)] [cli_server/cli_server.py:212]: CLI server started v1.1.1
2025-07-21 13:35:23,496 [INFO] [MainThread] [cli_server/cli_server.py:104]: Log pipe server started
2025-07-21 13:35:23,624 [DEBUG] [MainThread] [comtypes/__init__.py:149]: CoInitializeEx(None, 2)
2025-07-21 13:35:23,685 [DEBUG] [MainThread] [tzlocal/win32.py:55]: Looking up time zone info from registry
2025-07-21 13:35:23,978 [ERROR] [MainThread] [root/widget_builder.py:88]: Failed to validate widget(s) due to invalid options  - memory
      histogram_icons:
      - unknown field
      
2025-07-21 13:35:23,980 [INFO] [Dummy-3] [root/event_listener.py:53]: Created named pipe yasb-76d144fc-6661-11f0-8007-58cdc95b2622
2025-07-21 13:35:24,149 [INFO] [Dummy-3] [root/event_listener.py:125]: Komorebi connected to named pipe: yasb-76d144fc-6661-11f0-8007-58cdc95b2622
2025-07-21 13:35:29,528 [INFO] [MainThread] [root/watcher.py:55]: Created file watcher for path C:\Users\tamil\.config\yasb
2025-07-21 13:35:29,580 [DEBUG] [MainThread] [qasync._windows._EventPoller/_windows.py:213]: Starting (proactor: <_IocpProactor overlapped#=0 result#=0>)...
2025-07-21 13:35:29,583 [DEBUG] [Dummy-9] [qasync._windows._EventWorker/_windows.py:192]: Thread started
2025-07-21 13:35:46,306 [INFO] [MainThread] [root/controller.py:12]: Reloading Application because of config update...
2025-07-21 13:35:46,418 [INFO] [MainThread] [cli_server/cli_server.py:112]: Log pipe server stopped
2025-07-21 13:35:46,418 [DEBUG] [MainThread] [cli_server/cli_server.py:206]: CLI server stopped
2025-07-21 13:35:46,471 [DEBUG] [MainThread] [qasync._windows._EventPoller/_windows.py:218]: Stopping worker thread...
2025-07-21 13:35:46,483 [DEBUG] [Dummy-9] [qasync._windows._EventWorker/_windows.py:201]: Exiting thread
2025-07-21 13:35:46,483 [DEBUG] [MainThread] [qasync._windows._IocpProactor/_windows.py:75]: Closing
2025-07-21 13:35:46,760 [INFO] [MainThread] [root/log.py:59]: Yasb v1.7.4
2025-07-21 13:35:46,761 [INFO] [Thread-1 (_run_server)] [cli_server/cli_server.py:212]: CLI server started v1.1.1
2025-07-21 13:35:46,761 [INFO] [MainThread] [cli_server/cli_server.py:104]: Log pipe server started
2025-07-21 13:35:47,001 [DEBUG] [MainThread] [comtypes/__init__.py:149]: CoInitializeEx(None, 2)
2025-07-21 13:35:47,061 [DEBUG] [MainThread] [tzlocal/win32.py:55]: Looking up time zone info from registry
2025-07-21 13:35:47,352 [INFO] [MainThread] [root/watcher.py:55]: Created file watcher for path C:\Users\tamil\.config\yasb
2025-07-21 13:35:47,353 [INFO] [Dummy-5] [root/event_listener.py:53]: Created named pipe yasb-84c00c06-6661-11f0-b073-58cdc95b2622
2025-07-21 13:35:47,385 [DEBUG] [MainThread] [qasync._windows._EventPoller/_windows.py:213]: Starting (proactor: <_IocpProactor overlapped#=0 result#=0>)...
2025-07-21 13:35:47,387 [DEBUG] [Dummy-8] [qasync._windows._EventWorker/_windows.py:192]: Thread started
2025-07-21 13:35:47,446 [INFO] [Dummy-5] [root/event_listener.py:125]: Komorebi connected to named pipe: yasb-84c00c06-6661-11f0-b073-58cdc95b2622
2025-07-21 13:35:56,340 [INFO] [MainThread] [root/controller.py:12]: Reloading Application because of config update...
2025-07-21 13:35:56,445 [INFO] [MainThread] [cli_server/cli_server.py:112]: Log pipe server stopped
2025-07-21 13:35:56,445 [DEBUG] [MainThread] [cli_server/cli_server.py:206]: CLI server stopped
2025-07-21 13:35:56,493 [DEBUG] [MainThread] [qasync._windows._EventPoller/_windows.py:218]: Stopping worker thread...
2025-07-21 13:35:56,508 [DEBUG] [Dummy-8] [qasync._windows._EventWorker/_windows.py:201]: Exiting thread
2025-07-21 13:35:56,509 [DEBUG] [MainThread] [qasync._windows._IocpProactor/_windows.py:75]: Closing
2025-07-21 13:35:56,783 [INFO] [MainThread] [root/log.py:59]: Yasb v1.7.4
2025-07-21 13:35:56,783 [INFO] [Thread-1 (_run_server)] [cli_server/cli_server.py:212]: CLI server started v1.1.1
2025-07-21 13:35:56,784 [INFO] [MainThread] [cli_server/cli_server.py:104]: Log pipe server started
2025-07-21 13:35:57,021 [DEBUG] [MainThread] [comtypes/__init__.py:149]: CoInitializeEx(None, 2)
2025-07-21 13:35:57,081 [DEBUG] [MainThread] [tzlocal/win32.py:55]: Looking up time zone info from registry
2025-07-21 13:35:57,393 [INFO] [MainThread] [root/watcher.py:55]: Created file watcher for path C:\Users\tamil\.config\yasb
2025-07-21 13:35:57,394 [INFO] [Dummy-5] [root/event_listener.py:53]: Created named pipe yasb-8abc2172-6661-11f0-aebd-58cdc95b2622
2025-07-21 13:35:57,430 [DEBUG] [MainThread] [qasync._windows._EventPoller/_windows.py:213]: Starting (proactor: <_IocpProactor overlapped#=0 result#=0>)...
2025-07-21 13:35:57,432 [DEBUG] [Dummy-8] [qasync._windows._EventWorker/_windows.py:192]: Thread started
2025-07-21 13:35:57,496 [INFO] [Dummy-5] [root/event_listener.py:125]: Komorebi connected to named pipe: yasb-8abc2172-6661-11f0-aebd-58cdc95b2622
2025-07-21 13:35:58,174 [INFO] [MainThread] [root/controller.py:12]: Reloading Application because of config update...
2025-07-21 13:35:58,287 [INFO] [MainThread] [cli_server/cli_server.py:112]: Log pipe server stopped
2025-07-21 13:35:58,287 [DEBUG] [MainThread] [cli_server/cli_server.py:206]: CLI server stopped
2025-07-21 13:35:58,342 [DEBUG] [MainThread] [qasync._windows._EventPoller/_windows.py:218]: Stopping worker thread...
2025-07-21 13:35:58,366 [DEBUG] [Dummy-8] [qasync._windows._EventWorker/_windows.py:201]: Exiting thread
2025-07-21 13:35:58,367 [DEBUG] [MainThread] [qasync._windows._IocpProactor/_windows.py:75]: Closing
2025-07-21 13:35:58,374 [ERROR] [Dummy-10] [root/event_service.py:30]: Failed to emit signal <bound PYQT_SIGNAL window_name_change of ActiveWindowWidget object at 0x000001E88583A170>. Removing link to WinEvent.EventObjectNameChange.
2025-07-21 13:35:58,639 [INFO] [MainThread] [root/log.py:59]: Yasb v1.7.4
2025-07-21 13:35:58,640 [INFO] [Thread-1 (_run_server)] [cli_server/cli_server.py:212]: CLI server started v1.1.1
2025-07-21 13:35:58,641 [INFO] [MainThread] [cli_server/cli_server.py:104]: Log pipe server started
2025-07-21 13:35:58,879 [DEBUG] [MainThread] [comtypes/__init__.py:149]: CoInitializeEx(None, 2)
2025-07-21 13:35:58,939 [DEBUG] [MainThread] [tzlocal/win32.py:55]: Looking up time zone info from registry
2025-07-21 13:35:59,233 [INFO] [MainThread] [root/watcher.py:55]: Created file watcher for path C:\Users\tamil\.config\yasb
2025-07-21 13:35:59,234 [INFO] [Dummy-5] [root/event_listener.py:53]: Created named pipe yasb-8bd4df7b-6661-11f0-870c-58cdc95b2622
2025-07-21 13:35:59,269 [DEBUG] [MainThread] [qasync._windows._EventPoller/_windows.py:213]: Starting (proactor: <_IocpProactor overlapped#=0 result#=0>)...
2025-07-21 13:35:59,270 [DEBUG] [Dummy-8] [qasync._windows._EventWorker/_windows.py:192]: Thread started
2025-07-21 13:35:59,338 [INFO] [Dummy-5] [root/event_listener.py:125]: Komorebi connected to named pipe: yasb-8bd4df7b-6661-11f0-870c-58cdc95b2622
2025-07-21 13:36:03,655 [INFO] [MainThread] [root/controller.py:12]: Reloading Application because of config update...
2025-07-21 13:36:03,759 [INFO] [MainThread] [cli_server/cli_server.py:112]: Log pipe server stopped
2025-07-21 13:36:03,759 [DEBUG] [MainThread] [cli_server/cli_server.py:206]: CLI server stopped
2025-07-21 13:36:03,826 [DEBUG] [MainThread] [qasync._windows._EventPoller/_windows.py:218]: Stopping worker thread...
2025-07-21 13:36:03,845 [DEBUG] [Dummy-8] [qasync._windows._EventWorker/_windows.py:201]: Exiting thread
2025-07-21 13:36:03,847 [DEBUG] [MainThread] [qasync._windows._IocpProactor/_windows.py:75]: Closing
2025-07-21 13:36:04,120 [INFO] [MainThread] [root/log.py:59]: Yasb v1.7.4
2025-07-21 13:36:04,122 [INFO] [Thread-1 (_run_server)] [cli_server/cli_server.py:212]: CLI server started v1.1.1
2025-07-21 13:36:04,122 [INFO] [MainThread] [cli_server/cli_server.py:104]: Log pipe server started
2025-07-21 13:36:04,364 [DEBUG] [MainThread] [comtypes/__init__.py:149]: CoInitializeEx(None, 2)
2025-07-21 13:36:04,426 [DEBUG] [MainThread] [tzlocal/win32.py:55]: Looking up time zone info from registry
2025-07-21 13:36:04,721 [INFO] [MainThread] [root/watcher.py:55]: Created file watcher for path C:\Users\tamil\.config\yasb
2025-07-21 13:36:04,722 [INFO] [Dummy-5] [root/event_listener.py:53]: Created named pipe yasb-8f1a28bf-6661-11f0-b7cd-58cdc95b2622
2025-07-21 13:36:04,756 [DEBUG] [MainThread] [qasync._windows._EventPoller/_windows.py:213]: Starting (proactor: <_IocpProactor overlapped#=0 result#=0>)...
2025-07-21 13:36:04,758 [DEBUG] [Dummy-8] [qasync._windows._EventWorker/_windows.py:192]: Thread started
2025-07-21 13:36:04,817 [INFO] [Dummy-5] [root/event_listener.py:125]: Komorebi connected to named pipe: yasb-8f1a28bf-6661-11f0-b7cd-58cdc95b2622
2025-07-21 13:47:44,448 [INFO] [MainThread] [root/controller.py:12]: Reloading Application because of config update...
2025-07-21 13:47:44,563 [INFO] [MainThread] [cli_server/cli_server.py:112]: Log pipe server stopped
2025-07-21 13:47:44,563 [DEBUG] [MainThread] [cli_server/cli_server.py:206]: CLI server stopped
2025-07-21 13:47:44,618 [DEBUG] [MainThread] [qasync._windows._EventPoller/_windows.py:218]: Stopping worker thread...
2025-07-21 13:47:44,641 [DEBUG] [Dummy-8] [qasync._windows._EventWorker/_windows.py:201]: Exiting thread
2025-07-21 13:47:44,643 [DEBUG] [MainThread] [qasync._windows._IocpProactor/_windows.py:75]: Closing
2025-07-21 13:47:44,655 [ERROR] [Dummy-10] [root/event_service.py:30]: Failed to emit signal <bound PYQT_SIGNAL window_name_change of ActiveWindowWidget object at 0x0000022E32F2A170>. Removing link to WinEvent.EventObjectNameChange.
2025-07-21 13:47:44,934 [INFO] [MainThread] [root/log.py:59]: Yasb v1.7.4
2025-07-21 13:47:44,935 [INFO] [Thread-1 (_run_server)] [cli_server/cli_server.py:212]: CLI server started v1.1.1
2025-07-21 13:47:44,935 [INFO] [MainThread] [cli_server/cli_server.py:104]: Log pipe server started
2025-07-21 13:47:45,172 [DEBUG] [MainThread] [comtypes/__init__.py:149]: CoInitializeEx(None, 2)
2025-07-21 13:47:45,232 [DEBUG] [MainThread] [tzlocal/win32.py:55]: Looking up time zone info from registry
2025-07-21 13:47:45,521 [INFO] [MainThread] [root/watcher.py:55]: Created file watcher for path C:\Users\tamil\.config\yasb
2025-07-21 13:47:45,523 [INFO] [Dummy-5] [root/event_listener.py:53]: Created named pipe yasb-30cfdf5a-6663-11f0-9d7b-58cdc95b2622
2025-07-21 13:47:45,556 [DEBUG] [MainThread] [qasync._windows._EventPoller/_windows.py:213]: Starting (proactor: <_IocpProactor overlapped#=0 result#=0>)...
2025-07-21 13:47:45,558 [DEBUG] [Dummy-8] [qasync._windows._EventWorker/_windows.py:192]: Thread started
2025-07-21 13:47:45,626 [INFO] [Dummy-5] [root/event_listener.py:125]: Komorebi connected to named pipe: yasb-30cfdf5a-6663-11f0-9d7b-58cdc95b2622
2025-07-21 13:48:58,150 [ERROR] [MainThread] [root/config.py:110]: The config file 'C:\Users\tamil\.config\yasb\config.yaml' contains validation errors. Please fix:
media:
- unknown field

2025-07-21 13:49:11,993 [INFO] [MainThread] [root/controller.py:12]: Reloading Application because of config update...
2025-07-21 13:49:12,106 [INFO] [MainThread] [cli_server/cli_server.py:112]: Log pipe server stopped
2025-07-21 13:49:12,106 [DEBUG] [MainThread] [cli_server/cli_server.py:206]: CLI server stopped
2025-07-21 13:49:12,160 [DEBUG] [MainThread] [qasync._windows._EventPoller/_windows.py:218]: Stopping worker thread...
2025-07-21 13:49:12,168 [DEBUG] [Dummy-8] [qasync._windows._EventWorker/_windows.py:201]: Exiting thread
2025-07-21 13:49:12,169 [DEBUG] [MainThread] [qasync._windows._IocpProactor/_windows.py:75]: Closing
2025-07-21 13:49:12,473 [INFO] [MainThread] [root/log.py:59]: Yasb v1.7.4
2025-07-21 13:49:12,475 [INFO] [Thread-1 (_run_server)] [cli_server/cli_server.py:212]: CLI server started v1.1.1
2025-07-21 13:49:12,475 [INFO] [MainThread] [cli_server/cli_server.py:104]: Log pipe server started
2025-07-21 13:49:12,717 [DEBUG] [MainThread] [comtypes/__init__.py:149]: CoInitializeEx(None, 2)
2025-07-21 13:49:12,778 [DEBUG] [MainThread] [tzlocal/win32.py:55]: Looking up time zone info from registry
2025-07-21 13:49:13,069 [INFO] [MainThread] [root/watcher.py:55]: Created file watcher for path C:\Users\tamil\.config\yasb
2025-07-21 13:49:13,071 [INFO] [Dummy-5] [root/event_listener.py:53]: Created named pipe yasb-64feb78b-6663-11f0-a4e9-58cdc95b2622
2025-07-21 13:49:13,109 [DEBUG] [MainThread] [qasync._windows._EventPoller/_windows.py:213]: Starting (proactor: <_IocpProactor overlapped#=0 result#=0>)...
2025-07-21 13:49:13,110 [DEBUG] [Dummy-8] [qasync._windows._EventWorker/_windows.py:192]: Thread started
2025-07-21 13:49:13,176 [INFO] [Dummy-5] [root/event_listener.py:125]: Komorebi connected to named pipe: yasb-64feb78b-6663-11f0-a4e9-58cdc95b2622
2025-07-21 13:49:25,694 [INFO] [MainThread] [root/controller.py:12]: Reloading Application because of config update...
2025-07-21 13:49:25,796 [INFO] [MainThread] [cli_server/cli_server.py:112]: Log pipe server stopped
2025-07-21 13:49:25,796 [DEBUG] [MainThread] [cli_server/cli_server.py:206]: CLI server stopped
2025-07-21 13:49:25,854 [DEBUG] [MainThread] [qasync._windows._EventPoller/_windows.py:218]: Stopping worker thread...
2025-07-21 13:49:25,855 [DEBUG] [Dummy-8] [qasync._windows._EventWorker/_windows.py:201]: Exiting thread
2025-07-21 13:49:25,856 [DEBUG] [MainThread] [qasync._windows._IocpProactor/_windows.py:75]: Closing
2025-07-21 13:49:25,864 [ERROR] [Dummy-10] [root/event_service.py:30]: Failed to emit signal <bound PYQT_SIGNAL window_name_change of ActiveWindowWidget object at 0x00000229368F60D0>. Removing link to WinEvent.EventObjectNameChange.
2025-07-21 13:49:25,866 [ERROR] [Dummy-5] [root/event_service.py:30]: Failed to emit signal <bound PYQT_SIGNAL k_signal_update of WorkspaceWidget object at 0x0000022935C87CF0>. Removing link to KomorebiEvent.KomorebiUpdate.
2025-07-21 13:49:26,155 [INFO] [MainThread] [root/log.py:59]: Yasb v1.7.4
2025-07-21 13:49:26,155 [INFO] [Thread-1 (_run_server)] [cli_server/cli_server.py:212]: CLI server started v1.1.1
2025-07-21 13:49:26,156 [INFO] [MainThread] [cli_server/cli_server.py:104]: Log pipe server started
2025-07-21 13:49:26,428 [DEBUG] [MainThread] [comtypes/__init__.py:149]: CoInitializeEx(None, 2)
2025-07-21 13:49:26,497 [DEBUG] [MainThread] [tzlocal/win32.py:55]: Looking up time zone info from registry
2025-07-21 13:49:26,782 [ERROR] [MainThread] [root/widget_builder.py:88]: Failed to validate widget(s) due to invalid options  - media
      scrolling_label:
      - unknown field
      
2025-07-21 13:49:26,784 [INFO] [Dummy-3] [root/event_listener.py:53]: Created named pipe yasb-6d2aeb5a-6663-11f0-a106-58cdc95b2622
2025-07-21 13:49:26,933 [INFO] [Dummy-3] [root/event_listener.py:125]: Komorebi connected to named pipe: yasb-6d2aeb5a-6663-11f0-a106-58cdc95b2622
2025-07-21 13:49:29,967 [INFO] [MainThread] [root/watcher.py:55]: Created file watcher for path C:\Users\tamil\.config\yasb
2025-07-21 13:49:30,025 [DEBUG] [MainThread] [qasync._windows._EventPoller/_windows.py:213]: Starting (proactor: <_IocpProactor overlapped#=0 result#=0>)...
2025-07-21 13:49:30,028 [DEBUG] [Dummy-9] [qasync._windows._EventWorker/_windows.py:192]: Thread started
2025-07-21 13:49:45,238 [INFO] [MainThread] [root/controller.py:12]: Reloading Application because of config update...
2025-07-21 13:49:45,345 [INFO] [MainThread] [cli_server/cli_server.py:112]: Log pipe server stopped
2025-07-21 13:49:45,345 [DEBUG] [MainThread] [cli_server/cli_server.py:206]: CLI server stopped
2025-07-21 13:49:45,405 [DEBUG] [MainThread] [qasync._windows._EventPoller/_windows.py:218]: Stopping worker thread...
2025-07-21 13:49:45,428 [DEBUG] [Dummy-9] [qasync._windows._EventWorker/_windows.py:201]: Exiting thread
2025-07-21 13:49:45,429 [DEBUG] [MainThread] [qasync._windows._IocpProactor/_windows.py:75]: Closing
2025-07-21 13:49:45,436 [ERROR] [Dummy-10] [root/event_service.py:30]: Failed to emit signal <bound PYQT_SIGNAL window_name_change of ActiveWindowWidget object at 0x0000020FC6B48050>. Removing link to WinEvent.EventObjectNameChange.
2025-07-21 13:49:45,705 [INFO] [MainThread] [root/log.py:59]: Yasb v1.7.4
2025-07-21 13:49:45,706 [INFO] [Thread-1 (_run_server)] [cli_server/cli_server.py:212]: CLI server started v1.1.1
2025-07-21 13:49:45,707 [INFO] [MainThread] [cli_server/cli_server.py:104]: Log pipe server started
2025-07-21 13:49:45,986 [DEBUG] [MainThread] [comtypes/__init__.py:149]: CoInitializeEx(None, 2)
2025-07-21 13:49:46,056 [DEBUG] [MainThread] [tzlocal/win32.py:55]: Looking up time zone info from registry
2025-07-21 13:49:46,324 [INFO] [MainThread] [root/watcher.py:55]: Created file watcher for path C:\Users\tamil\.config\yasb
2025-07-21 13:49:46,325 [INFO] [Dummy-5] [root/event_listener.py:53]: Created named pipe yasb-78d0f112-6663-11f0-90f0-58cdc95b2622
2025-07-21 13:49:46,361 [DEBUG] [MainThread] [qasync._windows._EventPoller/_windows.py:213]: Starting (proactor: <_IocpProactor overlapped#=0 result#=0>)...
2025-07-21 13:49:46,362 [DEBUG] [Dummy-8] [qasync._windows._EventWorker/_windows.py:192]: Thread started
2025-07-21 13:49:46,435 [ERROR] [MainThread] [root/media.py:914]: Error creating corner mask, return default thumb: y1 must be greater than or equal to y0
2025-07-21 13:49:46,437 [INFO] [Dummy-5] [root/event_listener.py:125]: Komorebi connected to named pipe: yasb-78d0f112-6663-11f0-90f0-58cdc95b2622
2025-07-21 13:49:59,659 [INFO] [MainThread] [root/controller.py:12]: Reloading Application because of config update...
2025-07-21 13:49:59,764 [INFO] [MainThread] [cli_server/cli_server.py:112]: Log pipe server stopped
2025-07-21 13:49:59,764 [DEBUG] [MainThread] [cli_server/cli_server.py:206]: CLI server stopped
2025-07-21 13:49:59,821 [DEBUG] [MainThread] [qasync._windows._EventPoller/_windows.py:218]: Stopping worker thread...
2025-07-21 13:49:59,823 [DEBUG] [Dummy-8] [qasync._windows._EventWorker/_windows.py:201]: Exiting thread
2025-07-21 13:49:59,823 [DEBUG] [MainThread] [qasync._windows._IocpProactor/_windows.py:75]: Closing
2025-07-21 13:50:00,118 [INFO] [MainThread] [root/log.py:59]: Yasb v1.7.4
2025-07-21 13:50:00,120 [INFO] [Thread-1 (_run_server)] [cli_server/cli_server.py:212]: CLI server started v1.1.1
2025-07-21 13:50:00,121 [INFO] [MainThread] [cli_server/cli_server.py:104]: Log pipe server started
2025-07-21 13:50:00,402 [DEBUG] [MainThread] [comtypes/__init__.py:149]: CoInitializeEx(None, 2)
2025-07-21 13:50:00,473 [DEBUG] [MainThread] [tzlocal/win32.py:55]: Looking up time zone info from registry
2025-07-21 13:50:00,770 [INFO] [MainThread] [root/watcher.py:55]: Created file watcher for path C:\Users\tamil\.config\yasb
2025-07-21 13:50:00,784 [INFO] [Dummy-5] [root/event_listener.py:53]: Created named pipe yasb-816d1537-6663-11f0-ba53-58cdc95b2622
2025-07-21 13:50:00,806 [DEBUG] [MainThread] [qasync._windows._EventPoller/_windows.py:213]: Starting (proactor: <_IocpProactor overlapped#=0 result#=0>)...
2025-07-21 13:50:00,807 [DEBUG] [Dummy-8] [qasync._windows._EventWorker/_windows.py:192]: Thread started
2025-07-21 13:50:00,874 [ERROR] [MainThread] [root/media.py:914]: Error creating corner mask, return default thumb: y1 must be greater than or equal to y0
2025-07-21 13:50:00,878 [INFO] [Dummy-5] [root/event_listener.py:125]: Komorebi connected to named pipe: yasb-816d1537-6663-11f0-ba53-58cdc95b2622
2025-07-21 13:50:09,129 [INFO] [MainThread] [root/controller.py:12]: Reloading Application because of config update...
2025-07-21 13:50:09,231 [INFO] [MainThread] [cli_server/cli_server.py:112]: Log pipe server stopped
2025-07-21 13:50:09,231 [DEBUG] [MainThread] [cli_server/cli_server.py:206]: CLI server stopped
2025-07-21 13:50:09,293 [DEBUG] [MainThread] [qasync._windows._EventPoller/_windows.py:218]: Stopping worker thread...
2025-07-21 13:50:09,311 [DEBUG] [Dummy-8] [qasync._windows._EventWorker/_windows.py:201]: Exiting thread
2025-07-21 13:50:09,312 [DEBUG] [MainThread] [qasync._windows._IocpProactor/_windows.py:75]: Closing
2025-07-21 13:50:09,320 [ERROR] [Dummy-10] [root/event_service.py:30]: Failed to emit signal <bound PYQT_SIGNAL window_name_change of ActiveWindowWidget object at 0x000001925637A850>. Removing link to WinEvent.EventObjectNameChange.
2025-07-21 13:50:09,585 [INFO] [MainThread] [root/log.py:59]: Yasb v1.7.4
2025-07-21 13:50:09,585 [INFO] [Thread-1 (_run_server)] [cli_server/cli_server.py:212]: CLI server started v1.1.1
2025-07-21 13:50:09,585 [INFO] [MainThread] [cli_server/cli_server.py:104]: Log pipe server started
2025-07-21 13:50:09,861 [DEBUG] [MainThread] [comtypes/__init__.py:149]: CoInitializeEx(None, 2)
2025-07-21 13:50:09,930 [DEBUG] [MainThread] [tzlocal/win32.py:55]: Looking up time zone info from registry
2025-07-21 13:50:10,210 [INFO] [MainThread] [root/watcher.py:55]: Created file watcher for path C:\Users\tamil\.config\yasb
2025-07-21 13:50:10,211 [INFO] [Dummy-5] [root/event_listener.py:53]: Created named pipe yasb-870da86e-6663-11f0-aa65-58cdc95b2622
2025-07-21 13:50:10,246 [DEBUG] [MainThread] [qasync._windows._EventPoller/_windows.py:213]: Starting (proactor: <_IocpProactor overlapped#=0 result#=0>)...
2025-07-21 13:50:10,247 [DEBUG] [Dummy-8] [qasync._windows._EventWorker/_windows.py:192]: Thread started
2025-07-21 13:50:10,318 [INFO] [Dummy-5] [root/event_listener.py:125]: Komorebi connected to named pipe: yasb-870da86e-6663-11f0-aa65-58cdc95b2622
2025-07-21 13:50:32,302 [INFO] [MainThread] [root/controller.py:12]: Reloading Application because of config update...
2025-07-21 13:50:32,418 [INFO] [MainThread] [cli_server/cli_server.py:112]: Log pipe server stopped
2025-07-21 13:50:32,418 [DEBUG] [MainThread] [cli_server/cli_server.py:206]: CLI server stopped
2025-07-21 13:50:32,474 [DEBUG] [MainThread] [qasync._windows._EventPoller/_windows.py:218]: Stopping worker thread...
2025-07-21 13:50:32,486 [DEBUG] [Dummy-8] [qasync._windows._EventWorker/_windows.py:201]: Exiting thread
2025-07-21 13:50:32,488 [DEBUG] [MainThread] [qasync._windows._IocpProactor/_windows.py:75]: Closing
2025-07-21 13:50:32,761 [INFO] [MainThread] [root/log.py:59]: Yasb v1.7.4
2025-07-21 13:50:32,762 [INFO] [Thread-1 (_run_server)] [cli_server/cli_server.py:212]: CLI server started v1.1.1
2025-07-21 13:50:32,762 [INFO] [MainThread] [cli_server/cli_server.py:104]: Log pipe server started
2025-07-21 13:50:33,035 [DEBUG] [MainThread] [comtypes/__init__.py:149]: CoInitializeEx(None, 2)
2025-07-21 13:50:33,109 [DEBUG] [MainThread] [tzlocal/win32.py:55]: Looking up time zone info from registry
2025-07-21 13:50:33,398 [INFO] [MainThread] [root/watcher.py:55]: Created file watcher for path C:\Users\tamil\.config\yasb
2025-07-21 13:50:33,399 [INFO] [Dummy-5] [root/event_listener.py:53]: Created named pipe yasb-94dfb9ee-6663-11f0-85b3-58cdc95b2622
2025-07-21 13:50:33,440 [DEBUG] [MainThread] [qasync._windows._EventPoller/_windows.py:213]: Starting (proactor: <_IocpProactor overlapped#=0 result#=0>)...
2025-07-21 13:50:33,442 [DEBUG] [Dummy-8] [qasync._windows._EventWorker/_windows.py:192]: Thread started
2025-07-21 13:50:33,508 [INFO] [Dummy-5] [root/event_listener.py:125]: Komorebi connected to named pipe: yasb-94dfb9ee-6663-11f0-85b3-58cdc95b2622
2025-07-21 13:55:49,754 [INFO] [MainThread] [root/controller.py:12]: Reloading Application because of config update...
2025-07-21 13:55:49,858 [INFO] [MainThread] [cli_server/cli_server.py:112]: Log pipe server stopped
2025-07-21 13:55:49,858 [DEBUG] [MainThread] [cli_server/cli_server.py:206]: CLI server stopped
2025-07-21 13:55:49,918 [DEBUG] [MainThread] [qasync._windows._EventPoller/_windows.py:218]: Stopping worker thread...
2025-07-21 13:55:49,931 [DEBUG] [Dummy-8] [qasync._windows._EventWorker/_windows.py:201]: Exiting thread
2025-07-21 13:55:49,932 [DEBUG] [MainThread] [qasync._windows._IocpProactor/_windows.py:75]: Closing
2025-07-21 13:55:49,940 [ERROR] [Dummy-10] [root/event_service.py:30]: Failed to emit signal <bound PYQT_SIGNAL window_name_change of ActiveWindowWidget object at 0x00000147E206A850>. Removing link to WinEvent.EventObjectNameChange.
2025-07-21 13:55:50,216 [INFO] [MainThread] [root/log.py:59]: Yasb v1.7.4
2025-07-21 13:55:50,217 [INFO] [Thread-1 (_run_server)] [cli_server/cli_server.py:212]: CLI server started v1.1.1
2025-07-21 13:55:50,217 [INFO] [MainThread] [cli_server/cli_server.py:104]: Log pipe server started
2025-07-21 13:55:50,496 [DEBUG] [MainThread] [comtypes/__init__.py:149]: CoInitializeEx(None, 2)
2025-07-21 13:55:50,566 [DEBUG] [MainThread] [tzlocal/win32.py:55]: Looking up time zone info from registry
2025-07-21 13:55:50,868 [INFO] [MainThread] [root/watcher.py:55]: Created file watcher for path C:\Users\tamil\.config\yasb
2025-07-21 13:55:50,869 [INFO] [Dummy-5] [root/event_listener.py:53]: Created named pipe yasb-5219fc80-6664-11f0-8cf2-58cdc95b2622
2025-07-21 13:55:50,906 [DEBUG] [MainThread] [qasync._windows._EventPoller/_windows.py:213]: Starting (proactor: <_IocpProactor overlapped#=0 result#=0>)...
2025-07-21 13:55:50,909 [DEBUG] [Dummy-8] [qasync._windows._EventWorker/_windows.py:192]: Thread started
2025-07-21 13:55:50,990 [INFO] [Dummy-5] [root/event_listener.py:125]: Komorebi connected to named pipe: yasb-5219fc80-6664-11f0-8cf2-58cdc95b2622
2025-07-21 13:56:02,922 [INFO] [MainThread] [root/controller.py:12]: Reloading Application because of config update...
2025-07-21 13:56:03,038 [INFO] [MainThread] [cli_server/cli_server.py:112]: Log pipe server stopped
2025-07-21 13:56:03,038 [DEBUG] [MainThread] [cli_server/cli_server.py:206]: CLI server stopped
2025-07-21 13:56:03,099 [DEBUG] [MainThread] [qasync._windows._EventPoller/_windows.py:218]: Stopping worker thread...
2025-07-21 13:56:03,117 [DEBUG] [Dummy-8] [qasync._windows._EventWorker/_windows.py:201]: Exiting thread
2025-07-21 13:56:03,118 [DEBUG] [MainThread] [qasync._windows._IocpProactor/_windows.py:75]: Closing
2025-07-21 13:56:03,126 [ERROR] [Dummy-10] [root/event_service.py:30]: Failed to emit signal <bound PYQT_SIGNAL window_name_change of ActiveWindowWidget object at 0x00000246892027B0>. Removing link to WinEvent.EventObjectNameChange.
2025-07-21 13:56:03,409 [INFO] [MainThread] [root/log.py:59]: Yasb v1.7.4
2025-07-21 13:56:03,410 [INFO] [Thread-1 (_run_server)] [cli_server/cli_server.py:212]: CLI server started v1.1.1
2025-07-21 13:56:03,410 [INFO] [MainThread] [cli_server/cli_server.py:104]: Log pipe server started
2025-07-21 13:56:03,731 [DEBUG] [MainThread] [comtypes/__init__.py:149]: CoInitializeEx(None, 2)
2025-07-21 13:56:03,815 [DEBUG] [MainThread] [tzlocal/win32.py:55]: Looking up time zone info from registry
2025-07-21 13:56:04,099 [INFO] [MainThread] [root/watcher.py:55]: Created file watcher for path C:\Users\tamil\.config\yasb
2025-07-21 13:56:04,099 [INFO] [Dummy-5] [root/event_listener.py:53]: Created named pipe yasb-59fce2a4-6664-11f0-8c4f-58cdc95b2622
2025-07-21 13:56:04,136 [DEBUG] [MainThread] [qasync._windows._EventPoller/_windows.py:213]: Starting (proactor: <_IocpProactor overlapped#=0 result#=0>)...
2025-07-21 13:56:04,137 [DEBUG] [Dummy-8] [qasync._windows._EventWorker/_windows.py:192]: Thread started
2025-07-21 13:56:04,196 [INFO] [Dummy-5] [root/event_listener.py:125]: Komorebi connected to named pipe: yasb-59fce2a4-6664-11f0-8c4f-58cdc95b2622
2025-07-21 13:57:10,648 [INFO] [MainThread] [root/controller.py:12]: Reloading Application because of config update...
2025-07-21 13:57:10,749 [INFO] [MainThread] [cli_server/cli_server.py:112]: Log pipe server stopped
2025-07-21 13:57:10,749 [DEBUG] [MainThread] [cli_server/cli_server.py:206]: CLI server stopped
2025-07-21 13:57:10,809 [DEBUG] [MainThread] [qasync._windows._EventPoller/_windows.py:218]: Stopping worker thread...
2025-07-21 13:57:10,820 [DEBUG] [Dummy-8] [qasync._windows._EventWorker/_windows.py:201]: Exiting thread
2025-07-21 13:57:10,822 [DEBUG] [MainThread] [qasync._windows._IocpProactor/_windows.py:75]: Closing
2025-07-21 13:57:11,113 [INFO] [MainThread] [root/log.py:59]: Yasb v1.7.4
2025-07-21 13:57:11,114 [INFO] [Thread-1 (_run_server)] [cli_server/cli_server.py:212]: CLI server started v1.1.1
2025-07-21 13:57:11,114 [INFO] [MainThread] [cli_server/cli_server.py:104]: Log pipe server started
2025-07-21 13:57:11,355 [DEBUG] [MainThread] [comtypes/__init__.py:149]: CoInitializeEx(None, 2)
2025-07-21 13:57:11,415 [DEBUG] [MainThread] [tzlocal/win32.py:55]: Looking up time zone info from registry
2025-07-21 13:57:11,700 [INFO] [MainThread] [root/watcher.py:55]: Created file watcher for path C:\Users\tamil\.config\yasb
2025-07-21 13:57:11,701 [INFO] [Dummy-5] [root/event_listener.py:53]: Created named pipe yasb-82480a68-6664-11f0-8a26-58cdc95b2622
2025-07-21 13:57:11,736 [DEBUG] [MainThread] [qasync._windows._EventPoller/_windows.py:213]: Starting (proactor: <_IocpProactor overlapped#=0 result#=0>)...
2025-07-21 13:57:11,737 [DEBUG] [Dummy-8] [qasync._windows._EventWorker/_windows.py:192]: Thread started
2025-07-21 13:57:11,795 [INFO] [Dummy-5] [root/event_listener.py:125]: Komorebi connected to named pipe: yasb-82480a68-6664-11f0-8a26-58cdc95b2622
2025-07-21 13:58:27,992 [INFO] [MainThread] [root/controller.py:12]: Reloading Application because of config update...
2025-07-21 13:58:28,104 [INFO] [MainThread] [cli_server/cli_server.py:112]: Log pipe server stopped
2025-07-21 13:58:28,104 [DEBUG] [MainThread] [cli_server/cli_server.py:206]: CLI server stopped
2025-07-21 13:58:28,159 [DEBUG] [MainThread] [qasync._windows._EventPoller/_windows.py:218]: Stopping worker thread...
2025-07-21 13:58:28,182 [DEBUG] [Dummy-8] [qasync._windows._EventWorker/_windows.py:201]: Exiting thread
2025-07-21 13:58:28,183 [DEBUG] [MainThread] [qasync._windows._IocpProactor/_windows.py:75]: Closing
2025-07-21 13:58:28,482 [INFO] [MainThread] [root/log.py:59]: Yasb v1.7.4
2025-07-21 13:58:28,483 [INFO] [Thread-1 (_run_server)] [cli_server/cli_server.py:212]: CLI server started v1.1.1
2025-07-21 13:58:28,483 [INFO] [MainThread] [cli_server/cli_server.py:104]: Log pipe server started
2025-07-21 13:58:28,595 [WARNING] [MainThread] [root/widget_builder.py:38]: No widget config could be found for widget 'ko
2025-07-21 13:58:28,732 [DEBUG] [MainThread] [comtypes/__init__.py:149]: CoInitializeEx(None, 2)
2025-07-21 13:58:28,797 [DEBUG] [MainThread] [tzlocal/win32.py:55]: Looking up time zone info from registry
2025-07-21 13:58:29,085 [ERROR] [MainThread] [root/widget_builder.py:77]: Failed to add undefined widget(s)  - The widget "ko" is undefined.
2025-07-21 13:58:29,117 [INFO] [Dummy-3] [root/event_listener.py:53]: Created named pipe yasb-b068007c-6664-11f0-aa09-58cdc95b2622
2025-07-21 13:58:29,238 [INFO] [Dummy-3] [root/event_listener.py:125]: Komorebi connected to named pipe: yasb-b068007c-6664-11f0-aa09-58cdc95b2622
2025-07-21 13:58:30,334 [INFO] [MainThread] [root/watcher.py:55]: Created file watcher for path C:\Users\tamil\.config\yasb
2025-07-21 13:58:30,395 [DEBUG] [MainThread] [qasync._windows._EventPoller/_windows.py:213]: Starting (proactor: <_IocpProactor overlapped#=0 result#=0>)...
2025-07-21 13:58:30,397 [DEBUG] [Dummy-9] [qasync._windows._EventWorker/_windows.py:192]: Thread started
2025-07-21 13:58:35,528 [ERROR] [MainThread] [root/config.py:119]: The file 'C:\Users\tamil\.config\yasb\config.yaml' contains Parser Error(s). Please fix:
while parsing a flow sequence
  in "C:\Users\tamil\.config\yasb\config.yaml", line 35, column 9
expected ',' or ']', but got '<scalar>'
  in "C:\Users\tamil\.config\yasb\config.yaml", line 37, column 12
2025-07-21 13:58:39,710 [INFO] [MainThread] [root/controller.py:12]: Reloading Application because of config update...
2025-07-21 13:58:39,815 [INFO] [MainThread] [cli_server/cli_server.py:112]: Log pipe server stopped
2025-07-21 13:58:39,815 [DEBUG] [MainThread] [cli_server/cli_server.py:206]: CLI server stopped
2025-07-21 13:58:39,835 [DEBUG] [MainThread] [qasync._windows._EventPoller/_windows.py:218]: Stopping worker thread...
2025-07-21 13:58:39,847 [DEBUG] [Dummy-9] [qasync._windows._EventWorker/_windows.py:201]: Exiting thread
2025-07-21 13:58:39,847 [DEBUG] [MainThread] [qasync._windows._IocpProactor/_windows.py:75]: Closing
2025-07-21 13:58:40,139 [INFO] [MainThread] [root/log.py:59]: Yasb v1.7.4
2025-07-21 13:58:40,140 [INFO] [Thread-1 (_run_server)] [cli_server/cli_server.py:212]: CLI server started v1.1.1
2025-07-21 13:58:40,140 [INFO] [MainThread] [cli_server/cli_server.py:104]: Log pipe server started
2025-07-21 13:58:40,378 [DEBUG] [MainThread] [comtypes/__init__.py:149]: CoInitializeEx(None, 2)
2025-07-21 13:58:40,437 [DEBUG] [MainThread] [tzlocal/win32.py:55]: Looking up time zone info from registry
2025-07-21 13:58:40,726 [INFO] [MainThread] [root/watcher.py:55]: Created file watcher for path C:\Users\tamil\.config\yasb
2025-07-21 13:58:40,727 [INFO] [Dummy-5] [root/event_listener.py:53]: Created named pipe yasb-b758113c-6664-11f0-8d1e-58cdc95b2622
2025-07-21 13:58:40,761 [DEBUG] [MainThread] [qasync._windows._EventPoller/_windows.py:213]: Starting (proactor: <_IocpProactor overlapped#=0 result#=0>)...
2025-07-21 13:58:40,762 [DEBUG] [Dummy-8] [qasync._windows._EventWorker/_windows.py:192]: Thread started
2025-07-21 13:58:40,821 [INFO] [Dummy-5] [root/event_listener.py:125]: Komorebi connected to named pipe: yasb-b758113c-6664-11f0-8d1e-58cdc95b2622
2025-07-21 14:02:40,083 [INFO] [MainThread] [root/controller.py:12]: Reloading Application because of config update...
2025-07-21 14:02:40,196 [INFO] [MainThread] [cli_server/cli_server.py:112]: Log pipe server stopped
2025-07-21 14:02:40,196 [DEBUG] [MainThread] [cli_server/cli_server.py:206]: CLI server stopped
2025-07-21 14:02:40,250 [DEBUG] [MainThread] [qasync._windows._EventPoller/_windows.py:218]: Stopping worker thread...
2025-07-21 14:02:40,257 [DEBUG] [Dummy-8] [qasync._windows._EventWorker/_windows.py:201]: Exiting thread
2025-07-21 14:02:40,259 [DEBUG] [MainThread] [qasync._windows._IocpProactor/_windows.py:75]: Closing
2025-07-21 14:02:40,265 [ERROR] [Dummy-10] [root/event_service.py:30]: Failed to emit signal <bound PYQT_SIGNAL window_name_change of ActiveWindowWidget object at 0x0000017F6E67DEF0>. Removing link to WinEvent.EventObjectNameChange.
2025-07-21 14:02:40,578 [INFO] [MainThread] [root/log.py:59]: Yasb v1.7.4
2025-07-21 14:02:40,579 [INFO] [Thread-1 (_run_server)] [cli_server/cli_server.py:212]: CLI server started v1.1.1
2025-07-21 14:02:40,581 [INFO] [MainThread] [cli_server/cli_server.py:104]: Log pipe server started
2025-07-21 14:02:40,849 [DEBUG] [MainThread] [comtypes/__init__.py:149]: CoInitializeEx(None, 2)
2025-07-21 14:02:40,925 [DEBUG] [MainThread] [tzlocal/win32.py:55]: Looking up time zone info from registry
2025-07-21 14:02:41,243 [INFO] [MainThread] [root/watcher.py:55]: Created file watcher for path C:\Users\tamil\.config\yasb
2025-07-21 14:02:41,245 [INFO] [Dummy-5] [root/event_listener.py:53]: Created named pipe yasb-46b4234c-6665-11f0-b68b-58cdc95b2622
2025-07-21 14:02:41,279 [DEBUG] [MainThread] [qasync._windows._EventPoller/_windows.py:213]: Starting (proactor: <_IocpProactor overlapped#=0 result#=0>)...
2025-07-21 14:02:41,281 [DEBUG] [Dummy-8] [qasync._windows._EventWorker/_windows.py:192]: Thread started
2025-07-21 14:02:41,352 [INFO] [Dummy-5] [root/event_listener.py:125]: Komorebi connected to named pipe: yasb-46b4234c-6665-11f0-b68b-58cdc95b2622
2025-07-21 14:02:47,731 [INFO] [MainThread] [root/controller.py:12]: Reloading Application because of config update...
2025-07-21 14:02:47,843 [INFO] [MainThread] [cli_server/cli_server.py:112]: Log pipe server stopped
2025-07-21 14:02:47,844 [DEBUG] [MainThread] [cli_server/cli_server.py:206]: CLI server stopped
2025-07-21 14:02:47,902 [DEBUG] [MainThread] [qasync._windows._EventPoller/_windows.py:218]: Stopping worker thread...
2025-07-21 14:02:47,906 [DEBUG] [Dummy-8] [qasync._windows._EventWorker/_windows.py:201]: Exiting thread
2025-07-21 14:02:47,907 [DEBUG] [MainThread] [qasync._windows._IocpProactor/_windows.py:75]: Closing
2025-07-21 14:02:48,198 [INFO] [MainThread] [root/log.py:59]: Yasb v1.7.4
2025-07-21 14:02:48,199 [INFO] [Thread-1 (_run_server)] [cli_server/cli_server.py:212]: CLI server started v1.1.1
2025-07-21 14:02:48,200 [INFO] [MainThread] [cli_server/cli_server.py:104]: Log pipe server started
2025-07-21 14:02:48,428 [DEBUG] [MainThread] [comtypes/__init__.py:149]: CoInitializeEx(None, 2)
2025-07-21 14:02:48,487 [DEBUG] [MainThread] [tzlocal/win32.py:55]: Looking up time zone info from registry
2025-07-21 14:02:48,774 [INFO] [MainThread] [root/watcher.py:55]: Created file watcher for path C:\Users\tamil\.config\yasb
2025-07-21 14:02:48,775 [INFO] [Dummy-5] [root/event_listener.py:53]: Created named pipe yasb-4b3145e9-6665-11f0-96b6-58cdc95b2622
2025-07-21 14:02:48,809 [DEBUG] [MainThread] [qasync._windows._EventPoller/_windows.py:213]: Starting (proactor: <_IocpProactor overlapped#=0 result#=0>)...
2025-07-21 14:02:48,811 [DEBUG] [Dummy-8] [qasync._windows._EventWorker/_windows.py:192]: Thread started
2025-07-21 14:02:48,882 [INFO] [Dummy-5] [root/event_listener.py:125]: Komorebi connected to named pipe: yasb-4b3145e9-6665-11f0-96b6-58cdc95b2622
2025-07-21 14:05:28,839 [WARNING] [Dummy-5] [root/event_listener.py:84]: Pipe has been ended: (109, 'PeekNamedPipe', 'The pipe has been ended.')
2025-07-21 14:05:28,839 [INFO] [Dummy-5] [root/event_listener.py:94]: Attempting to reconnect to Komorebi...
2025-07-21 14:05:31,840 [INFO] [Dummy-5] [root/event_listener.py:53]: Created named pipe yasb-4b3145e9-6665-11f0-96b6-58cdc95b2622
2025-07-21 14:05:46,135 [INFO] [MainThread] [root/controller.py:12]: Reloading Application because of config update...
2025-07-21 14:05:46,248 [INFO] [MainThread] [cli_server/cli_server.py:112]: Log pipe server stopped
2025-07-21 14:05:46,248 [DEBUG] [MainThread] [cli_server/cli_server.py:206]: CLI server stopped
2025-07-21 14:05:46,304 [DEBUG] [MainThread] [qasync._windows._EventPoller/_windows.py:218]: Stopping worker thread...
2025-07-21 14:05:46,321 [DEBUG] [Dummy-8] [qasync._windows._EventWorker/_windows.py:201]: Exiting thread
2025-07-21 14:05:46,322 [DEBUG] [MainThread] [qasync._windows._IocpProactor/_windows.py:75]: Closing
2025-07-21 14:05:46,589 [INFO] [MainThread] [root/log.py:59]: Yasb v1.7.4
2025-07-21 14:05:46,590 [INFO] [Thread-1 (_run_server)] [cli_server/cli_server.py:212]: CLI server started v1.1.1
2025-07-21 14:05:46,591 [INFO] [MainThread] [cli_server/cli_server.py:104]: Log pipe server started
2025-07-21 14:05:46,820 [DEBUG] [MainThread] [comtypes/__init__.py:149]: CoInitializeEx(None, 2)
2025-07-21 14:05:46,882 [DEBUG] [MainThread] [tzlocal/win32.py:55]: Looking up time zone info from registry
2025-07-21 14:05:47,169 [INFO] [MainThread] [root/watcher.py:55]: Created file watcher for path C:\Users\tamil\.config\yasb
2025-07-21 14:05:47,170 [INFO] [Dummy-5] [root/event_listener.py:53]: Created named pipe yasb-b5865ee9-6665-11f0-8a9b-58cdc95b2622
2025-07-21 14:05:47,215 [DEBUG] [MainThread] [qasync._windows._EventPoller/_windows.py:213]: Starting (proactor: <_IocpProactor overlapped#=0 result#=0>)...
2025-07-21 14:05:47,216 [DEBUG] [Dummy-8] [qasync._windows._EventWorker/_windows.py:192]: Thread started
2025-07-21 14:05:49,314 [INFO] [MainThread] [root/controller.py:12]: Reloading Application because of config update...
2025-07-21 14:05:49,418 [INFO] [MainThread] [cli_server/cli_server.py:112]: Log pipe server stopped
2025-07-21 14:05:49,418 [DEBUG] [MainThread] [cli_server/cli_server.py:206]: CLI server stopped
2025-07-21 14:05:49,476 [DEBUG] [MainThread] [qasync._windows._EventPoller/_windows.py:218]: Stopping worker thread...
2025-07-21 14:05:49,479 [DEBUG] [Dummy-8] [qasync._windows._EventWorker/_windows.py:201]: Exiting thread
2025-07-21 14:05:49,480 [DEBUG] [MainThread] [qasync._windows._IocpProactor/_windows.py:75]: Closing
2025-07-21 14:05:49,484 [ERROR] [Dummy-9] [root/event_service.py:30]: Failed to emit signal <bound PYQT_SIGNAL window_name_change of ActiveWindowWidget object at 0x00000237F79E1EF0>. Removing link to WinEvent.EventObjectNameChange.
2025-07-21 14:05:49,763 [INFO] [MainThread] [root/log.py:59]: Yasb v1.7.4
2025-07-21 14:05:49,763 [INFO] [Thread-1 (_run_server)] [cli_server/cli_server.py:212]: CLI server started v1.1.1
2025-07-21 14:05:49,763 [INFO] [MainThread] [cli_server/cli_server.py:104]: Log pipe server started
2025-07-21 14:05:49,992 [DEBUG] [MainThread] [comtypes/__init__.py:149]: CoInitializeEx(None, 2)
2025-07-21 14:05:50,050 [DEBUG] [MainThread] [tzlocal/win32.py:55]: Looking up time zone info from registry
2025-07-21 14:05:50,330 [INFO] [MainThread] [root/watcher.py:55]: Created file watcher for path C:\Users\tamil\.config\yasb
2025-07-21 14:05:50,331 [INFO] [Dummy-5] [root/event_listener.py:53]: Created named pipe yasb-b76882c4-6665-11f0-b334-58cdc95b2622
2025-07-21 14:05:50,365 [DEBUG] [MainThread] [qasync._windows._EventPoller/_windows.py:213]: Starting (proactor: <_IocpProactor overlapped#=0 result#=0>)...
2025-07-21 14:05:50,367 [DEBUG] [Dummy-8] [qasync._windows._EventWorker/_windows.py:192]: Thread started
2025-07-21 14:05:53,999 [INFO] [MainThread] [root/controller.py:12]: Reloading Application because of config update...
2025-07-21 14:05:54,104 [INFO] [MainThread] [cli_server/cli_server.py:112]: Log pipe server stopped
2025-07-21 14:05:54,104 [DEBUG] [MainThread] [cli_server/cli_server.py:206]: CLI server stopped
2025-07-21 14:05:54,158 [DEBUG] [MainThread] [qasync._windows._EventPoller/_windows.py:218]: Stopping worker thread...
2025-07-21 14:05:54,171 [DEBUG] [Dummy-8] [qasync._windows._EventWorker/_windows.py:201]: Exiting thread
2025-07-21 14:05:54,173 [DEBUG] [MainThread] [qasync._windows._IocpProactor/_windows.py:75]: Closing
2025-07-21 14:05:54,178 [ERROR] [Dummy-9] [root/event_service.py:30]: Failed to emit signal <bound PYQT_SIGNAL window_name_change of ActiveWindowWidget object at 0x0000028309B81EF0>. Removing link to WinEvent.EventObjectNameChange.
2025-07-21 14:05:54,478 [INFO] [MainThread] [root/log.py:59]: Yasb v1.7.4
2025-07-21 14:05:54,480 [INFO] [Thread-1 (_run_server)] [cli_server/cli_server.py:212]: CLI server started v1.1.1
2025-07-21 14:05:54,480 [INFO] [MainThread] [cli_server/cli_server.py:104]: Log pipe server started
2025-07-21 14:05:54,774 [DEBUG] [MainThread] [comtypes/__init__.py:149]: CoInitializeEx(None, 2)
2025-07-21 14:05:54,855 [DEBUG] [MainThread] [tzlocal/win32.py:55]: Looking up time zone info from registry
2025-07-21 14:05:55,162 [INFO] [MainThread] [root/watcher.py:55]: Created file watcher for path C:\Users\tamil\.config\yasb
2025-07-21 14:05:55,163 [INFO] [Dummy-5] [root/event_listener.py:53]: Created named pipe yasb-ba49da07-6665-11f0-ba17-58cdc95b2622
2025-07-21 14:05:55,199 [DEBUG] [MainThread] [qasync._windows._EventPoller/_windows.py:213]: Starting (proactor: <_IocpProactor overlapped#=0 result#=0>)...
2025-07-21 14:05:55,201 [DEBUG] [Dummy-8] [qasync._windows._EventWorker/_windows.py:192]: Thread started
2025-07-21 14:05:58,181 [INFO] [MainThread] [root/controller.py:12]: Reloading Application because of config update...
2025-07-21 14:05:58,287 [INFO] [MainThread] [cli_server/cli_server.py:112]: Log pipe server stopped
2025-07-21 14:05:58,287 [DEBUG] [MainThread] [cli_server/cli_server.py:206]: CLI server stopped
2025-07-21 14:05:58,343 [DEBUG] [MainThread] [qasync._windows._EventPoller/_windows.py:218]: Stopping worker thread...
2025-07-21 14:05:58,356 [DEBUG] [Dummy-8] [qasync._windows._EventWorker/_windows.py:201]: Exiting thread
2025-07-21 14:05:58,357 [DEBUG] [MainThread] [qasync._windows._IocpProactor/_windows.py:75]: Closing
2025-07-21 14:05:58,361 [ERROR] [Dummy-9] [root/event_service.py:30]: Failed to emit signal <bound PYQT_SIGNAL window_name_change of ActiveWindowWidget object at 0x000001DD1A4BDEF0>. Removing link to WinEvent.EventObjectNameChange.
2025-07-21 14:05:58,643 [INFO] [MainThread] [root/log.py:59]: Yasb v1.7.4
2025-07-21 14:05:58,644 [INFO] [Thread-1 (_run_server)] [cli_server/cli_server.py:212]: CLI server started v1.1.1
2025-07-21 14:05:58,645 [INFO] [MainThread] [cli_server/cli_server.py:104]: Log pipe server started
2025-07-21 14:05:58,885 [DEBUG] [MainThread] [comtypes/__init__.py:149]: CoInitializeEx(None, 2)
2025-07-21 14:05:58,945 [DEBUG] [MainThread] [tzlocal/win32.py:55]: Looking up time zone info from registry
2025-07-21 14:05:59,244 [INFO] [MainThread] [root/watcher.py:55]: Created file watcher for path C:\Users\tamil\.config\yasb
2025-07-21 14:05:59,245 [INFO] [Dummy-5] [root/event_listener.py:53]: Created named pipe yasb-bcb8e06f-6665-11f0-bb29-58cdc95b2622
2025-07-21 14:05:59,285 [DEBUG] [MainThread] [qasync._windows._EventPoller/_windows.py:213]: Starting (proactor: <_IocpProactor overlapped#=0 result#=0>)...
2025-07-21 14:05:59,286 [DEBUG] [Dummy-8] [qasync._windows._EventWorker/_windows.py:192]: Thread started
2025-07-21 14:06:09,556 [INFO] [Dummy-5] [root/event_listener.py:125]: Komorebi connected to named pipe: yasb-bcb8e06f-6665-11f0-bb29-58cdc95b2622
2025-07-21 14:06:11,063 [ERROR] [Dummy-5] [root/event_listener.py:89]: Komorebi has disconnected from the named pipe yasb-bcb8e06f-6665-11f0-bb29-58cdc95b2622
Traceback (most recent call last):
  File "D:\a\yasb\yasb\src\core\utils\komorebi\event_listener.py", line 79, in run
  File "D:\a\yasb\yasb\src\core\utils\komorebi\event_listener.py", line 101, in _emit_event
  File "D:\a\yasb\yasb\src\core\event_service.py", line 28, in emit_event
TypeError: WorkspaceWidget.k_signal_update[dict, dict].emit(): argument 1 has unexpected type 'str'
2025-07-21 14:06:11,063 [INFO] [Dummy-5] [root/event_listener.py:94]: Attempting to reconnect to Komorebi...
2025-07-21 14:06:14,064 [INFO] [Dummy-5] [root/event_listener.py:53]: Created named pipe yasb-bcb8e06f-6665-11f0-bb29-58cdc95b2622
2025-07-21 14:06:14,151 [INFO] [Dummy-5] [root/event_listener.py:125]: Komorebi connected to named pipe: yasb-bcb8e06f-6665-11f0-bb29-58cdc95b2622
2025-07-21 14:06:31,807 [INFO] [MainThread] [root/controller.py:12]: Reloading Application because of config update...
2025-07-21 14:06:31,911 [INFO] [MainThread] [cli_server/cli_server.py:112]: Log pipe server stopped
2025-07-21 14:06:31,911 [DEBUG] [MainThread] [cli_server/cli_server.py:206]: CLI server stopped
2025-07-21 14:06:31,966 [DEBUG] [MainThread] [qasync._windows._EventPoller/_windows.py:218]: Stopping worker thread...
2025-07-21 14:06:31,978 [DEBUG] [Dummy-8] [qasync._windows._EventWorker/_windows.py:201]: Exiting thread
2025-07-21 14:06:31,979 [DEBUG] [MainThread] [qasync._windows._IocpProactor/_windows.py:75]: Closing
2025-07-21 14:06:31,987 [ERROR] [Dummy-19] [root/event_service.py:30]: Failed to emit signal <bound PYQT_SIGNAL window_name_change of ActiveWindowWidget object at 0x000002943FC31EF0>. Removing link to WinEvent.EventObjectNameChange.
2025-07-21 14:06:32,251 [INFO] [MainThread] [root/log.py:59]: Yasb v1.7.4
2025-07-21 14:06:32,253 [INFO] [Thread-1 (_run_server)] [cli_server/cli_server.py:212]: CLI server started v1.1.1
2025-07-21 14:06:32,254 [INFO] [MainThread] [cli_server/cli_server.py:104]: Log pipe server started
2025-07-21 14:06:32,476 [DEBUG] [MainThread] [comtypes/__init__.py:149]: CoInitializeEx(None, 2)
2025-07-21 14:06:32,534 [DEBUG] [MainThread] [tzlocal/win32.py:55]: Looking up time zone info from registry
2025-07-21 14:06:32,830 [INFO] [MainThread] [root/watcher.py:55]: Created file watcher for path C:\Users\tamil\.config\yasb
2025-07-21 14:06:32,832 [INFO] [Dummy-5] [root/event_listener.py:53]: Created named pipe yasb-d0bdb692-6665-11f0-8b1a-58cdc95b2622
2025-07-21 14:06:32,869 [DEBUG] [MainThread] [qasync._windows._EventPoller/_windows.py:213]: Starting (proactor: <_IocpProactor overlapped#=0 result#=0>)...
2025-07-21 14:06:32,870 [DEBUG] [Dummy-8] [qasync._windows._EventWorker/_windows.py:192]: Thread started
2025-07-21 14:06:32,940 [INFO] [Dummy-5] [root/event_listener.py:125]: Komorebi connected to named pipe: yasb-d0bdb692-6665-11f0-8b1a-58cdc95b2622
2025-07-21 14:08:36,714 [INFO] [MainThread] [root/controller.py:12]: Reloading Application because of config update...
2025-07-21 14:08:36,818 [INFO] [MainThread] [cli_server/cli_server.py:112]: Log pipe server stopped
2025-07-21 14:08:36,818 [DEBUG] [MainThread] [cli_server/cli_server.py:206]: CLI server stopped
2025-07-21 14:08:36,873 [DEBUG] [MainThread] [qasync._windows._EventPoller/_windows.py:218]: Stopping worker thread...
2025-07-21 14:08:36,881 [DEBUG] [Dummy-8] [qasync._windows._EventWorker/_windows.py:201]: Exiting thread
2025-07-21 14:08:36,882 [DEBUG] [MainThread] [qasync._windows._IocpProactor/_windows.py:75]: Closing
2025-07-21 14:08:36,891 [ERROR] [Dummy-10] [root/event_service.py:30]: Failed to emit signal <bound PYQT_SIGNAL window_name_change of ActiveWindowWidget object at 0x00000294B6D1DEF0>. Removing link to WinEvent.EventObjectNameChange.
2025-07-21 14:08:37,182 [INFO] [MainThread] [root/log.py:59]: Yasb v1.7.4
2025-07-21 14:08:37,184 [INFO] [Thread-1 (_run_server)] [cli_server/cli_server.py:212]: CLI server started v1.1.1
2025-07-21 14:08:37,185 [INFO] [MainThread] [cli_server/cli_server.py:104]: Log pipe server started
2025-07-21 14:08:37,426 [DEBUG] [MainThread] [comtypes/__init__.py:149]: CoInitializeEx(None, 2)
2025-07-21 14:08:37,487 [DEBUG] [MainThread] [tzlocal/win32.py:55]: Looking up time zone info from registry
2025-07-21 14:08:37,799 [INFO] [MainThread] [root/watcher.py:55]: Created file watcher for path C:\Users\tamil\.config\yasb
2025-07-21 14:08:37,800 [INFO] [Dummy-5] [root/event_listener.py:53]: Created named pipe yasb-1b3a3c4b-6666-11f0-a834-58cdc95b2622
2025-07-21 14:08:37,835 [DEBUG] [MainThread] [qasync._windows._EventPoller/_windows.py:213]: Starting (proactor: <_IocpProactor overlapped#=0 result#=0>)...
2025-07-21 14:08:37,837 [DEBUG] [Dummy-8] [qasync._windows._EventWorker/_windows.py:192]: Thread started
2025-07-21 14:08:37,906 [INFO] [Dummy-5] [root/event_listener.py:125]: Komorebi connected to named pipe: yasb-1b3a3c4b-6666-11f0-a834-58cdc95b2622
2025-07-21 14:10:38,378 [INFO] [MainThread] [root/controller.py:12]: Reloading Application because of config update...
2025-07-21 14:10:38,489 [INFO] [MainThread] [cli_server/cli_server.py:112]: Log pipe server stopped
2025-07-21 14:10:38,489 [DEBUG] [MainThread] [cli_server/cli_server.py:206]: CLI server stopped
2025-07-21 14:10:38,546 [DEBUG] [MainThread] [qasync._windows._EventPoller/_windows.py:218]: Stopping worker thread...
2025-07-21 14:10:38,551 [DEBUG] [Dummy-8] [qasync._windows._EventWorker/_windows.py:201]: Exiting thread
2025-07-21 14:10:38,552 [DEBUG] [MainThread] [qasync._windows._IocpProactor/_windows.py:75]: Closing
2025-07-21 14:10:38,856 [INFO] [MainThread] [root/log.py:59]: Yasb v1.7.4
2025-07-21 14:10:38,857 [INFO] [Thread-1 (_run_server)] [cli_server/cli_server.py:212]: CLI server started v1.1.1
2025-07-21 14:10:38,858 [INFO] [MainThread] [cli_server/cli_server.py:104]: Log pipe server started
2025-07-21 14:10:39,142 [DEBUG] [MainThread] [comtypes/__init__.py:149]: CoInitializeEx(None, 2)
2025-07-21 14:10:39,211 [DEBUG] [MainThread] [tzlocal/win32.py:55]: Looking up time zone info from registry
2025-07-21 14:10:39,508 [INFO] [MainThread] [root/watcher.py:55]: Created file watcher for path C:\Users\tamil\.config\yasb
2025-07-21 14:10:39,509 [INFO] [Dummy-5] [root/event_listener.py:53]: Created named pipe yasb-63c5882c-6666-11f0-8a8d-58cdc95b2622
2025-07-21 14:10:39,550 [DEBUG] [MainThread] [qasync._windows._EventPoller/_windows.py:213]: Starting (proactor: <_IocpProactor overlapped#=0 result#=0>)...
2025-07-21 14:10:39,551 [DEBUG] [Dummy-8] [qasync._windows._EventWorker/_windows.py:192]: Thread started
2025-07-21 14:10:39,619 [INFO] [Dummy-5] [root/event_listener.py:125]: Komorebi connected to named pipe: yasb-63c5882c-6666-11f0-8a8d-58cdc95b2622
2025-07-21 14:13:27,905 [INFO] [MainThread] [root/controller.py:12]: Reloading Application because of config update...
2025-07-21 14:13:28,013 [INFO] [MainThread] [cli_server/cli_server.py:112]: Log pipe server stopped
2025-07-21 14:13:28,013 [DEBUG] [MainThread] [cli_server/cli_server.py:206]: CLI server stopped
2025-07-21 14:13:28,070 [DEBUG] [MainThread] [qasync._windows._EventPoller/_windows.py:218]: Stopping worker thread...
2025-07-21 14:13:28,093 [DEBUG] [Dummy-8] [qasync._windows._EventWorker/_windows.py:201]: Exiting thread
2025-07-21 14:13:28,093 [DEBUG] [MainThread] [qasync._windows._IocpProactor/_windows.py:75]: Closing
2025-07-21 14:13:28,101 [ERROR] [Dummy-10] [root/event_service.py:30]: Failed to emit signal <bound PYQT_SIGNAL window_name_change of ActiveWindowWidget object at 0x00000211A4491EF0>. Removing link to WinEvent.EventObjectNameChange.
2025-07-21 14:13:28,394 [INFO] [MainThread] [root/log.py:59]: Yasb v1.7.4
2025-07-21 14:13:28,395 [INFO] [Thread-1 (_run_server)] [cli_server/cli_server.py:212]: CLI server started v1.1.1
2025-07-21 14:13:28,396 [INFO] [MainThread] [cli_server/cli_server.py:104]: Log pipe server started
2025-07-21 14:13:28,692 [DEBUG] [MainThread] [comtypes/__init__.py:149]: CoInitializeEx(None, 2)
2025-07-21 14:13:28,754 [DEBUG] [MainThread] [tzlocal/win32.py:55]: Looking up time zone info from registry
2025-07-21 14:13:29,060 [INFO] [MainThread] [root/watcher.py:55]: Created file watcher for path C:\Users\tamil\.config\yasb
2025-07-21 14:13:29,061 [INFO] [Dummy-5] [root/event_listener.py:53]: Created named pipe yasb-c8d54395-6666-11f0-a539-58cdc95b2622
2025-07-21 14:13:29,095 [DEBUG] [MainThread] [qasync._windows._EventPoller/_windows.py:213]: Starting (proactor: <_IocpProactor overlapped#=0 result#=0>)...
2025-07-21 14:13:29,097 [DEBUG] [Dummy-8] [qasync._windows._EventWorker/_windows.py:192]: Thread started
2025-07-21 14:13:29,170 [INFO] [Dummy-5] [root/event_listener.py:125]: Komorebi connected to named pipe: yasb-c8d54395-6666-11f0-a539-58cdc95b2622
2025-07-21 14:13:39,978 [ERROR] [MainThread] [root/config.py:119]: The file 'C:\Users\tamil\.config\yasb\config.yaml' contains Parser Error(s). Please fix:
while parsing a flow sequence
  in "C:\Users\tamil\.config\yasb\config.yaml", line 43, column 9
expected ',' or ']', but got '<scalar>'
  in "C:\Users\tamil\.config\yasb\config.yaml", line 45, column 11
2025-07-21 14:13:41,262 [ERROR] [MainThread] [root/config.py:119]: The file 'C:\Users\tamil\.config\yasb\config.yaml' contains Parser Error(s). Please fix:
while parsing a flow sequence
  in "C:\Users\tamil\.config\yasb\config.yaml", line 43, column 9
expected ',' or ']', but got '<scalar>'
  in "C:\Users\tamil\.config\yasb\config.yaml", line 45, column 11
2025-07-21 14:13:43,858 [INFO] [MainThread] [root/controller.py:12]: Reloading Application because of config update...
2025-07-21 14:13:43,965 [INFO] [MainThread] [cli_server/cli_server.py:112]: Log pipe server stopped
2025-07-21 14:13:43,965 [DEBUG] [MainThread] [cli_server/cli_server.py:206]: CLI server stopped
2025-07-21 14:13:44,024 [DEBUG] [MainThread] [qasync._windows._EventPoller/_windows.py:218]: Stopping worker thread...
2025-07-21 14:13:44,050 [DEBUG] [Dummy-8] [qasync._windows._EventWorker/_windows.py:201]: Exiting thread
2025-07-21 14:13:44,052 [DEBUG] [MainThread] [qasync._windows._IocpProactor/_windows.py:75]: Closing
2025-07-21 14:13:44,058 [ERROR] [Dummy-10] [root/event_service.py:30]: Failed to emit signal <bound PYQT_SIGNAL window_name_change of ActiveWindowWidget object at 0x000001EB25BE1EF0>. Removing link to WinEvent.EventObjectNameChange.
2025-07-21 14:13:44,318 [INFO] [MainThread] [root/log.py:59]: Yasb v1.7.4
2025-07-21 14:13:44,320 [INFO] [Thread-1 (_run_server)] [cli_server/cli_server.py:212]: CLI server started v1.1.1
2025-07-21 14:13:44,320 [INFO] [MainThread] [cli_server/cli_server.py:104]: Log pipe server started
2025-07-21 14:13:44,560 [DEBUG] [MainThread] [comtypes/__init__.py:149]: CoInitializeEx(None, 2)
2025-07-21 14:13:44,630 [DEBUG] [MainThread] [tzlocal/win32.py:55]: Looking up time zone info from registry
2025-07-21 14:13:44,929 [INFO] [MainThread] [root/watcher.py:55]: Created file watcher for path C:\Users\tamil\.config\yasb
2025-07-21 14:13:44,930 [INFO] [Dummy-5] [root/event_listener.py:53]: Created named pipe yasb-d24aa932-6666-11f0-9e42-58cdc95b2622
2025-07-21 14:13:44,963 [DEBUG] [MainThread] [qasync._windows._EventPoller/_windows.py:213]: Starting (proactor: <_IocpProactor overlapped#=0 result#=0>)...
2025-07-21 14:13:44,964 [DEBUG] [Dummy-8] [qasync._windows._EventWorker/_windows.py:192]: Thread started
2025-07-21 14:13:45,042 [INFO] [Dummy-5] [root/event_listener.py:125]: Komorebi connected to named pipe: yasb-d24aa932-6666-11f0-9e42-58cdc95b2622
2025-07-21 14:13:50,938 [INFO] [MainThread] [root/controller.py:12]: Reloading Application because of config update...
2025-07-21 14:13:51,051 [INFO] [MainThread] [cli_server/cli_server.py:112]: Log pipe server stopped
2025-07-21 14:13:51,052 [DEBUG] [MainThread] [cli_server/cli_server.py:206]: CLI server stopped
2025-07-21 14:13:51,107 [DEBUG] [MainThread] [qasync._windows._EventPoller/_windows.py:218]: Stopping worker thread...
2025-07-21 14:13:51,133 [DEBUG] [Dummy-8] [qasync._windows._EventWorker/_windows.py:201]: Exiting thread
2025-07-21 14:13:51,134 [DEBUG] [MainThread] [qasync._windows._IocpProactor/_windows.py:75]: Closing
2025-07-21 14:13:51,139 [ERROR] [Dummy-10] [root/event_service.py:30]: Failed to emit signal <bound PYQT_SIGNAL window_name_change of ActiveWindowWidget object at 0x000001DBA01B1EF0>. Removing link to WinEvent.EventObjectNameChange.
2025-07-21 14:13:51,394 [INFO] [MainThread] [root/log.py:59]: Yasb v1.7.4
2025-07-21 14:13:51,394 [INFO] [Thread-1 (_run_server)] [cli_server/cli_server.py:212]: CLI server started v1.1.1
2025-07-21 14:13:51,401 [INFO] [MainThread] [cli_server/cli_server.py:104]: Log pipe server started
2025-07-21 14:13:51,648 [DEBUG] [MainThread] [comtypes/__init__.py:149]: CoInitializeEx(None, 2)
2025-07-21 14:13:51,711 [DEBUG] [MainThread] [tzlocal/win32.py:55]: Looking up time zone info from registry
2025-07-21 14:13:52,013 [INFO] [MainThread] [root/watcher.py:55]: Created file watcher for path C:\Users\tamil\.config\yasb
2025-07-21 14:13:52,016 [INFO] [Dummy-5] [root/event_listener.py:53]: Created named pipe yasb-d683b615-6666-11f0-9ddd-58cdc95b2622
2025-07-21 14:13:52,047 [DEBUG] [MainThread] [qasync._windows._EventPoller/_windows.py:213]: Starting (proactor: <_IocpProactor overlapped#=0 result#=0>)...
2025-07-21 14:13:52,048 [DEBUG] [Dummy-8] [qasync._windows._EventWorker/_windows.py:192]: Thread started
2025-07-21 14:13:52,123 [INFO] [Dummy-5] [root/event_listener.py:125]: Komorebi connected to named pipe: yasb-d683b615-6666-11f0-9ddd-58cdc95b2622
2025-07-21 14:14:02,076 [INFO] [MainThread] [root/controller.py:12]: Reloading Application because of config update...
2025-07-21 14:14:02,185 [INFO] [MainThread] [cli_server/cli_server.py:112]: Log pipe server stopped
2025-07-21 14:14:02,185 [DEBUG] [MainThread] [cli_server/cli_server.py:206]: CLI server stopped
2025-07-21 14:14:02,247 [DEBUG] [MainThread] [qasync._windows._EventPoller/_windows.py:218]: Stopping worker thread...
2025-07-21 14:14:02,251 [DEBUG] [Dummy-8] [qasync._windows._EventWorker/_windows.py:201]: Exiting thread
2025-07-21 14:14:02,251 [DEBUG] [MainThread] [qasync._windows._IocpProactor/_windows.py:75]: Closing
2025-07-21 14:14:02,559 [INFO] [MainThread] [root/log.py:59]: Yasb v1.7.4
2025-07-21 14:14:02,559 [INFO] [Thread-1 (_run_server)] [cli_server/cli_server.py:212]: CLI server started v1.1.1
2025-07-21 14:14:02,559 [INFO] [MainThread] [cli_server/cli_server.py:104]: Log pipe server started
2025-07-21 14:14:02,684 [DEBUG] [MainThread] [comtypes/__init__.py:149]: CoInitializeEx(None, 2)
2025-07-21 14:14:02,747 [DEBUG] [MainThread] [tzlocal/win32.py:55]: Looking up time zone info from registry
2025-07-21 14:14:03,031 [INFO] [MainThread] [root/watcher.py:55]: Created file watcher for path C:\Users\tamil\.config\yasb
2025-07-21 14:14:03,033 [INFO] [Dummy-5] [root/event_listener.py:53]: Created named pipe yasb-dd14d84e-6666-11f0-bb99-58cdc95b2622
2025-07-21 14:14:03,079 [DEBUG] [MainThread] [qasync._windows._EventPoller/_windows.py:213]: Starting (proactor: <_IocpProactor overlapped#=0 result#=0>)...
2025-07-21 14:14:03,081 [DEBUG] [Dummy-8] [qasync._windows._EventWorker/_windows.py:192]: Thread started
2025-07-21 14:14:03,129 [INFO] [Dummy-5] [root/event_listener.py:125]: Komorebi connected to named pipe: yasb-dd14d84e-6666-11f0-bb99-58cdc95b2622
2025-07-21 14:14:04,226 [INFO] [MainThread] [root/controller.py:12]: Reloading Application because of config update...
2025-07-21 14:14:04,327 [INFO] [MainThread] [cli_server/cli_server.py:112]: Log pipe server stopped
2025-07-21 14:14:04,327 [DEBUG] [MainThread] [cli_server/cli_server.py:206]: CLI server stopped
2025-07-21 14:14:04,386 [DEBUG] [MainThread] [qasync._windows._EventPoller/_windows.py:218]: Stopping worker thread...
2025-07-21 14:14:04,401 [DEBUG] [Dummy-8] [qasync._windows._EventWorker/_windows.py:201]: Exiting thread
2025-07-21 14:14:04,402 [DEBUG] [MainThread] [qasync._windows._IocpProactor/_windows.py:75]: Closing
2025-07-21 14:14:04,408 [ERROR] [Dummy-10] [root/event_service.py:30]: Failed to emit signal <bound PYQT_SIGNAL window_name_change of ActiveWindowWidget object at 0x0000018969825EF0>. Removing link to WinEvent.EventObjectNameChange.
2025-07-21 14:14:04,692 [INFO] [MainThread] [root/log.py:59]: Yasb v1.7.4
2025-07-21 14:14:04,693 [INFO] [Thread-1 (_run_server)] [cli_server/cli_server.py:212]: CLI server started v1.1.1
2025-07-21 14:14:04,693 [INFO] [MainThread] [cli_server/cli_server.py:104]: Log pipe server started
2025-07-21 14:14:04,937 [DEBUG] [MainThread] [comtypes/__init__.py:149]: CoInitializeEx(None, 2)
2025-07-21 14:14:05,007 [DEBUG] [MainThread] [tzlocal/win32.py:55]: Looking up time zone info from registry
2025-07-21 14:14:05,292 [INFO] [MainThread] [root/watcher.py:55]: Created file watcher for path C:\Users\tamil\.config\yasb
2025-07-21 14:14:05,293 [INFO] [Dummy-5] [root/event_listener.py:53]: Created named pipe yasb-de6dc2d3-6666-11f0-a35b-58cdc95b2622
2025-07-21 14:14:05,326 [DEBUG] [MainThread] [qasync._windows._EventPoller/_windows.py:213]: Starting (proactor: <_IocpProactor overlapped#=0 result#=0>)...
2025-07-21 14:14:05,327 [DEBUG] [Dummy-8] [qasync._windows._EventWorker/_windows.py:192]: Thread started
2025-07-21 14:14:05,402 [INFO] [Dummy-5] [root/event_listener.py:125]: Komorebi connected to named pipe: yasb-de6dc2d3-6666-11f0-a35b-58cdc95b2622
2025-07-21 14:16:15,582 [INFO] [MainThread] [root/controller.py:12]: Reloading Application because of config update...
2025-07-21 14:16:15,688 [INFO] [MainThread] [cli_server/cli_server.py:112]: Log pipe server stopped
2025-07-21 14:16:15,689 [DEBUG] [MainThread] [cli_server/cli_server.py:206]: CLI server stopped
2025-07-21 14:16:15,743 [DEBUG] [MainThread] [qasync._windows._EventPoller/_windows.py:218]: Stopping worker thread...
2025-07-21 14:16:15,759 [DEBUG] [Dummy-8] [qasync._windows._EventWorker/_windows.py:201]: Exiting thread
2025-07-21 14:16:15,759 [DEBUG] [MainThread] [qasync._windows._IocpProactor/_windows.py:75]: Closing
2025-07-21 14:16:15,767 [ERROR] [Dummy-10] [root/event_service.py:30]: Failed to emit signal <bound PYQT_SIGNAL window_name_change of ActiveWindowWidget object at 0x000002CD95A41EF0>. Removing link to WinEvent.EventObjectNameChange.
2025-07-21 14:16:16,053 [INFO] [MainThread] [root/log.py:59]: Yasb v1.7.4
2025-07-21 14:16:16,054 [INFO] [Thread-1 (_run_server)] [cli_server/cli_server.py:212]: CLI server started v1.1.1
2025-07-21 14:16:16,054 [INFO] [MainThread] [cli_server/cli_server.py:104]: Log pipe server started
2025-07-21 14:16:16,286 [DEBUG] [MainThread] [comtypes/__init__.py:149]: CoInitializeEx(None, 2)
2025-07-21 14:16:16,347 [DEBUG] [MainThread] [tzlocal/win32.py:55]: Looking up time zone info from registry
2025-07-21 14:16:16,652 [INFO] [MainThread] [root/watcher.py:55]: Created file watcher for path C:\Users\tamil\.config\yasb
2025-07-21 14:16:16,653 [INFO] [Dummy-5] [root/event_listener.py:53]: Created named pipe yasb-2cb9cf36-6667-11f0-84c8-58cdc95b2622
2025-07-21 14:16:16,689 [DEBUG] [MainThread] [qasync._windows._EventPoller/_windows.py:213]: Starting (proactor: <_IocpProactor overlapped#=0 result#=0>)...
2025-07-21 14:16:16,690 [DEBUG] [Dummy-8] [qasync._windows._EventWorker/_windows.py:192]: Thread started
2025-07-21 14:16:16,765 [INFO] [Dummy-5] [root/event_listener.py:125]: Komorebi connected to named pipe: yasb-2cb9cf36-6667-11f0-84c8-58cdc95b2622
2025-07-21 14:21:35,677 [ERROR] [MainThread] [root/config.py:110]: The config file 'C:\Users\tamil\.config\yasb\config.yaml' contains validation errors. Please fix:
disk:
- unknown field

2025-07-21 14:21:41,728 [INFO] [MainThread] [root/controller.py:12]: Reloading Application because of config update...
2025-07-21 14:21:41,841 [INFO] [MainThread] [cli_server/cli_server.py:112]: Log pipe server stopped
2025-07-21 14:21:41,841 [DEBUG] [MainThread] [cli_server/cli_server.py:206]: CLI server stopped
2025-07-21 14:21:41,898 [DEBUG] [MainThread] [qasync._windows._EventPoller/_windows.py:218]: Stopping worker thread...
2025-07-21 14:21:41,904 [DEBUG] [Dummy-8] [qasync._windows._EventWorker/_windows.py:201]: Exiting thread
2025-07-21 14:21:41,906 [DEBUG] [MainThread] [qasync._windows._IocpProactor/_windows.py:75]: Closing
2025-07-21 14:21:41,912 [ERROR] [Dummy-10] [root/event_service.py:30]: Failed to emit signal <bound PYQT_SIGNAL window_name_change of ActiveWindowWidget object at 0x00000145FE5C1EF0>. Removing link to WinEvent.EventObjectNameChange.
2025-07-21 14:21:42,204 [INFO] [MainThread] [root/log.py:59]: Yasb v1.7.4
2025-07-21 14:21:42,205 [INFO] [Thread-1 (_run_server)] [cli_server/cli_server.py:212]: CLI server started v1.1.1
2025-07-21 14:21:42,205 [INFO] [MainThread] [cli_server/cli_server.py:104]: Log pipe server started
2025-07-21 14:21:42,431 [DEBUG] [MainThread] [comtypes/__init__.py:149]: CoInitializeEx(None, 2)
2025-07-21 14:21:42,494 [DEBUG] [MainThread] [tzlocal/win32.py:55]: Looking up time zone info from registry
2025-07-21 14:21:42,803 [INFO] [MainThread] [root/watcher.py:55]: Created file watcher for path C:\Users\tamil\.config\yasb
2025-07-21 14:21:42,804 [INFO] [Dummy-5] [root/event_listener.py:53]: Created named pipe yasb-ef208003-6667-11f0-a88e-58cdc95b2622
2025-07-21 14:21:42,842 [DEBUG] [MainThread] [qasync._windows._EventPoller/_windows.py:213]: Starting (proactor: <_IocpProactor overlapped#=0 result#=0>)...
2025-07-21 14:21:42,844 [DEBUG] [Dummy-8] [qasync._windows._EventWorker/_windows.py:192]: Thread started
2025-07-21 14:21:42,901 [INFO] [Dummy-5] [root/event_listener.py:125]: Komorebi connected to named pipe: yasb-ef208003-6667-11f0-a88e-58cdc95b2622
2025-07-21 14:21:53,611 [INFO] [MainThread] [root/controller.py:12]: Reloading Application because of config update...
2025-07-21 14:21:53,713 [INFO] [MainThread] [cli_server/cli_server.py:112]: Log pipe server stopped
2025-07-21 14:21:53,713 [DEBUG] [MainThread] [cli_server/cli_server.py:206]: CLI server stopped
2025-07-21 14:21:53,777 [DEBUG] [MainThread] [qasync._windows._EventPoller/_windows.py:218]: Stopping worker thread...
2025-07-21 14:21:53,780 [DEBUG] [Dummy-8] [qasync._windows._EventWorker/_windows.py:201]: Exiting thread
2025-07-21 14:21:53,782 [DEBUG] [MainThread] [qasync._windows._IocpProactor/_windows.py:75]: Closing
2025-07-21 14:21:53,790 [ERROR] [Dummy-10] [root/event_service.py:30]: Failed to emit signal <bound PYQT_SIGNAL window_name_change of ActiveWindowWidget object at 0x000002BF9B207750>. Removing link to WinEvent.EventObjectNameChange.
2025-07-21 14:21:54,084 [INFO] [MainThread] [root/log.py:59]: Yasb v1.7.4
2025-07-21 14:21:54,085 [INFO] [Thread-1 (_run_server)] [cli_server/cli_server.py:212]: CLI server started v1.1.1
2025-07-21 14:21:54,086 [INFO] [MainThread] [cli_server/cli_server.py:104]: Log pipe server started
2025-07-21 14:21:54,310 [DEBUG] [MainThread] [comtypes/__init__.py:149]: CoInitializeEx(None, 2)
2025-07-21 14:21:54,368 [DEBUG] [MainThread] [tzlocal/win32.py:55]: Looking up time zone info from registry
2025-07-21 14:21:54,660 [ERROR] [MainThread] [root/widget_builder.py:88]: Failed to validate widget(s) due to invalid options  - disk
      disk_thresholds:
      - unknown field
      
2025-07-21 14:21:54,661 [INFO] [Dummy-3] [root/event_listener.py:53]: Created named pipe yasb-f631b365-6667-11f0-adbc-58cdc95b2622
2025-07-21 14:21:54,826 [INFO] [Dummy-3] [root/event_listener.py:125]: Komorebi connected to named pipe: yasb-f631b365-6667-11f0-adbc-58cdc95b2622
2025-07-21 14:21:58,440 [INFO] [MainThread] [root/watcher.py:55]: Created file watcher for path C:\Users\tamil\.config\yasb
2025-07-21 14:21:58,491 [DEBUG] [MainThread] [qasync._windows._EventPoller/_windows.py:213]: Starting (proactor: <_IocpProactor overlapped#=0 result#=0>)...
2025-07-21 14:21:58,492 [DEBUG] [Dummy-9] [qasync._windows._EventWorker/_windows.py:192]: Thread started
2025-07-21 14:22:11,177 [INFO] [MainThread] [root/controller.py:12]: Reloading Application because of config update...
2025-07-21 14:22:11,283 [INFO] [MainThread] [cli_server/cli_server.py:112]: Log pipe server stopped
2025-07-21 14:22:11,284 [DEBUG] [MainThread] [cli_server/cli_server.py:206]: CLI server stopped
2025-07-21 14:22:11,303 [DEBUG] [MainThread] [qasync._windows._EventPoller/_windows.py:218]: Stopping worker thread...
2025-07-21 14:22:11,315 [DEBUG] [Dummy-9] [qasync._windows._EventWorker/_windows.py:201]: Exiting thread
2025-07-21 14:22:11,316 [DEBUG] [MainThread] [qasync._windows._IocpProactor/_windows.py:75]: Closing
2025-07-21 14:22:11,625 [INFO] [MainThread] [root/log.py:59]: Yasb v1.7.4
2025-07-21 14:22:11,626 [INFO] [Thread-1 (_run_server)] [cli_server/cli_server.py:212]: CLI server started v1.1.1
2025-07-21 14:22:11,626 [INFO] [MainThread] [cli_server/cli_server.py:104]: Log pipe server started
2025-07-21 14:22:11,887 [DEBUG] [MainThread] [comtypes/__init__.py:149]: CoInitializeEx(None, 2)
2025-07-21 14:22:11,954 [DEBUG] [MainThread] [tzlocal/win32.py:55]: Looking up time zone info from registry
2025-07-21 14:22:12,294 [INFO] [MainThread] [root/watcher.py:55]: Created file watcher for path C:\Users\tamil\.config\yasb
2025-07-21 14:22:12,294 [INFO] [Dummy-5] [root/event_listener.py:53]: Created named pipe yasb-00b44fc6-6668-11f0-8f84-58cdc95b2622
2025-07-21 14:22:12,331 [DEBUG] [MainThread] [qasync._windows._EventPoller/_windows.py:213]: Starting (proactor: <_IocpProactor overlapped#=0 result#=0>)...
2025-07-21 14:22:12,332 [DEBUG] [Dummy-8] [qasync._windows._EventWorker/_windows.py:192]: Thread started
2025-07-21 14:22:12,388 [INFO] [Dummy-5] [root/event_listener.py:125]: Komorebi connected to named pipe: yasb-00b44fc6-6668-11f0-8f84-58cdc95b2622
2025-07-21 14:22:19,317 [INFO] [MainThread] [root/controller.py:12]: Reloading Application because of config update...
2025-07-21 14:22:19,430 [INFO] [MainThread] [cli_server/cli_server.py:112]: Log pipe server stopped
2025-07-21 14:22:19,430 [DEBUG] [MainThread] [cli_server/cli_server.py:206]: CLI server stopped
2025-07-21 14:22:19,449 [DEBUG] [MainThread] [qasync._windows._EventPoller/_windows.py:218]: Stopping worker thread...
2025-07-21 14:22:19,461 [DEBUG] [Dummy-8] [qasync._windows._EventWorker/_windows.py:201]: Exiting thread
2025-07-21 14:22:19,462 [DEBUG] [MainThread] [qasync._windows._IocpProactor/_windows.py:75]: Closing
2025-07-21 14:22:19,755 [INFO] [MainThread] [root/log.py:59]: Yasb v1.7.4
2025-07-21 14:22:19,756 [INFO] [Thread-1 (_run_server)] [cli_server/cli_server.py:212]: CLI server started v1.1.1
2025-07-21 14:22:19,757 [INFO] [MainThread] [cli_server/cli_server.py:104]: Log pipe server started
2025-07-21 14:22:19,977 [DEBUG] [MainThread] [comtypes/__init__.py:149]: CoInitializeEx(None, 2)
2025-07-21 14:22:20,035 [DEBUG] [MainThread] [tzlocal/win32.py:55]: Looking up time zone info from registry
2025-07-21 14:22:20,351 [INFO] [MainThread] [root/watcher.py:55]: Created file watcher for path C:\Users\tamil\.config\yasb
2025-07-21 14:22:20,351 [INFO] [Dummy-5] [root/event_listener.py:53]: Created named pipe yasb-0581a9c8-6668-11f0-bf7e-58cdc95b2622
2025-07-21 14:22:20,394 [DEBUG] [MainThread] [qasync._windows._EventPoller/_windows.py:213]: Starting (proactor: <_IocpProactor overlapped#=0 result#=0>)...
2025-07-21 14:22:20,395 [DEBUG] [Dummy-8] [qasync._windows._EventWorker/_windows.py:192]: Thread started
2025-07-21 14:22:20,450 [INFO] [Dummy-5] [root/event_listener.py:125]: Komorebi connected to named pipe: yasb-0581a9c8-6668-11f0-bf7e-58cdc95b2622
2025-07-21 14:22:22,062 [ERROR] [MainThread] [root/base.py:89]: Failed to execute callback of type 'toggle_group' with args: []
Traceback (most recent call last):
  File "D:\a\yasb\yasb\src\core\widgets\base.py", line 87, in _run_callback
  File "D:\a\yasb\yasb\src\core\widgets\yasb\disk.py", line 90, in _toggle_group
  File "D:\a\yasb\yasb\src\core\widgets\yasb\disk.py", line 132, in show_group_label
  File "D:\a\yasb\yasb\src\core\widgets\yasb\disk.py", line 213, in _get_space
  File "D:\a\yasb\yasb\venv\Lib\site-packages\psutil\__init__.py", line 2049, in disk_usage
  File "D:\a\yasb\yasb\venv\Lib\site-packages\psutil\_pswindows.py", line 259, in disk_usage
PermissionError: [WinError 21] The device is not ready: 'E:\\'
2025-07-21 14:22:22,765 [ERROR] [MainThread] [root/base.py:89]: Failed to execute callback of type 'toggle_group' with args: []
Traceback (most recent call last):
  File "D:\a\yasb\yasb\src\core\widgets\base.py", line 87, in _run_callback
  File "D:\a\yasb\yasb\src\core\widgets\yasb\disk.py", line 90, in _toggle_group
  File "D:\a\yasb\yasb\src\core\widgets\yasb\disk.py", line 132, in show_group_label
  File "D:\a\yasb\yasb\src\core\widgets\yasb\disk.py", line 213, in _get_space
  File "D:\a\yasb\yasb\venv\Lib\site-packages\psutil\__init__.py", line 2049, in disk_usage
  File "D:\a\yasb\yasb\venv\Lib\site-packages\psutil\_pswindows.py", line 259, in disk_usage
PermissionError: [WinError 21] The device is not ready: 'E:\\'
2025-07-21 14:22:23,265 [ERROR] [MainThread] [root/base.py:89]: Failed to execute callback of type 'toggle_group' with args: []
Traceback (most recent call last):
  File "D:\a\yasb\yasb\src\core\widgets\base.py", line 87, in _run_callback
  File "D:\a\yasb\yasb\src\core\widgets\yasb\disk.py", line 90, in _toggle_group
  File "D:\a\yasb\yasb\src\core\widgets\yasb\disk.py", line 132, in show_group_label
  File "D:\a\yasb\yasb\src\core\widgets\yasb\disk.py", line 213, in _get_space
  File "D:\a\yasb\yasb\venv\Lib\site-packages\psutil\__init__.py", line 2049, in disk_usage
  File "D:\a\yasb\yasb\venv\Lib\site-packages\psutil\_pswindows.py", line 259, in disk_usage
PermissionError: [WinError 21] The device is not ready: 'E:\\'
2025-07-21 14:22:23,682 [ERROR] [MainThread] [root/base.py:89]: Failed to execute callback of type 'toggle_group' with args: []
Traceback (most recent call last):
  File "D:\a\yasb\yasb\src\core\widgets\base.py", line 87, in _run_callback
  File "D:\a\yasb\yasb\src\core\widgets\yasb\disk.py", line 90, in _toggle_group
  File "D:\a\yasb\yasb\src\core\widgets\yasb\disk.py", line 132, in show_group_label
  File "D:\a\yasb\yasb\src\core\widgets\yasb\disk.py", line 213, in _get_space
  File "D:\a\yasb\yasb\venv\Lib\site-packages\psutil\__init__.py", line 2049, in disk_usage
  File "D:\a\yasb\yasb\venv\Lib\site-packages\psutil\_pswindows.py", line 259, in disk_usage
PermissionError: [WinError 21] The device is not ready: 'E:\\'
2025-07-21 14:22:32,736 [INFO] [MainThread] [root/controller.py:12]: Reloading Application because of config update...
2025-07-21 14:22:32,838 [INFO] [MainThread] [cli_server/cli_server.py:112]: Log pipe server stopped
2025-07-21 14:22:32,838 [DEBUG] [MainThread] [cli_server/cli_server.py:206]: CLI server stopped
2025-07-21 14:22:32,857 [DEBUG] [MainThread] [qasync._windows._EventPoller/_windows.py:218]: Stopping worker thread...
2025-07-21 14:22:32,870 [DEBUG] [Dummy-8] [qasync._windows._EventWorker/_windows.py:201]: Exiting thread
2025-07-21 14:22:32,871 [DEBUG] [MainThread] [qasync._windows._IocpProactor/_windows.py:75]: Closing
2025-07-21 14:22:33,172 [INFO] [MainThread] [root/log.py:59]: Yasb v1.7.4
2025-07-21 14:22:33,174 [INFO] [Thread-1 (_run_server)] [cli_server/cli_server.py:212]: CLI server started v1.1.1
2025-07-21 14:22:33,174 [INFO] [MainThread] [cli_server/cli_server.py:104]: Log pipe server started
2025-07-21 14:22:33,433 [DEBUG] [MainThread] [comtypes/__init__.py:149]: CoInitializeEx(None, 2)
2025-07-21 14:22:33,508 [DEBUG] [MainThread] [tzlocal/win32.py:55]: Looking up time zone info from registry
2025-07-21 14:22:33,892 [INFO] [MainThread] [root/watcher.py:55]: Created file watcher for path C:\Users\tamil\.config\yasb
2025-07-21 14:22:33,892 [INFO] [Dummy-5] [root/event_listener.py:53]: Created named pipe yasb-0d93e7c9-6668-11f0-9e73-58cdc95b2622
2025-07-21 14:22:33,933 [DEBUG] [MainThread] [qasync._windows._EventPoller/_windows.py:213]: Starting (proactor: <_IocpProactor overlapped#=0 result#=0>)...
2025-07-21 14:22:33,934 [DEBUG] [Dummy-8] [qasync._windows._EventWorker/_windows.py:192]: Thread started
2025-07-21 14:22:33,999 [INFO] [Dummy-5] [root/event_listener.py:125]: Komorebi connected to named pipe: yasb-0d93e7c9-6668-11f0-9e73-58cdc95b2622
2025-07-21 14:22:42,585 [INFO] [MainThread] [root/controller.py:12]: Reloading Application because of config update...
2025-07-21 14:22:42,686 [INFO] [MainThread] [cli_server/cli_server.py:112]: Log pipe server stopped
2025-07-21 14:22:42,686 [DEBUG] [MainThread] [cli_server/cli_server.py:206]: CLI server stopped
2025-07-21 14:22:42,704 [DEBUG] [MainThread] [qasync._windows._EventPoller/_windows.py:218]: Stopping worker thread...
2025-07-21 14:22:42,718 [DEBUG] [Dummy-8] [qasync._windows._EventWorker/_windows.py:201]: Exiting thread
2025-07-21 14:22:42,718 [DEBUG] [MainThread] [qasync._windows._IocpProactor/_windows.py:75]: Closing
2025-07-21 14:22:43,006 [INFO] [MainThread] [root/log.py:59]: Yasb v1.7.4
2025-07-21 14:22:43,007 [INFO] [Thread-1 (_run_server)] [cli_server/cli_server.py:212]: CLI server started v1.1.1
2025-07-21 14:22:43,007 [INFO] [MainThread] [cli_server/cli_server.py:104]: Log pipe server started
2025-07-21 14:22:43,241 [DEBUG] [MainThread] [comtypes/__init__.py:149]: CoInitializeEx(None, 2)
2025-07-21 14:22:43,294 [DEBUG] [MainThread] [tzlocal/win32.py:55]: Looking up time zone info from registry
2025-07-21 14:22:43,647 [INFO] [MainThread] [root/watcher.py:55]: Created file watcher for path C:\Users\tamil\.config\yasb
2025-07-21 14:22:43,648 [INFO] [Dummy-5] [root/event_listener.py:53]: Created named pipe yasb-13646e49-6668-11f0-bef0-58cdc95b2622
2025-07-21 14:22:43,691 [DEBUG] [MainThread] [qasync._windows._EventPoller/_windows.py:213]: Starting (proactor: <_IocpProactor overlapped#=0 result#=0>)...
2025-07-21 14:22:43,693 [DEBUG] [Dummy-8] [qasync._windows._EventWorker/_windows.py:192]: Thread started
2025-07-21 14:22:43,779 [INFO] [Dummy-5] [root/event_listener.py:125]: Komorebi connected to named pipe: yasb-13646e49-6668-11f0-bef0-58cdc95b2622
2025-07-21 14:22:47,659 [ERROR] [MainThread] [root/base.py:89]: Failed to execute callback of type 'toggle_group' with args: []
Traceback (most recent call last):
  File "D:\a\yasb\yasb\src\core\widgets\base.py", line 87, in _run_callback
  File "D:\a\yasb\yasb\src\core\widgets\yasb\disk.py", line 90, in _toggle_group
  File "D:\a\yasb\yasb\src\core\widgets\yasb\disk.py", line 132, in show_group_label
  File "D:\a\yasb\yasb\src\core\widgets\yasb\disk.py", line 213, in _get_space
  File "D:\a\yasb\yasb\venv\Lib\site-packages\psutil\__init__.py", line 2049, in disk_usage
  File "D:\a\yasb\yasb\venv\Lib\site-packages\psutil\_pswindows.py", line 259, in disk_usage
PermissionError: [WinError 21] The device is not ready: 'E:\\'
2025-07-21 14:22:49,314 [ERROR] [MainThread] [root/base.py:89]: Failed to execute callback of type 'toggle_group' with args: []
Traceback (most recent call last):
  File "D:\a\yasb\yasb\src\core\widgets\base.py", line 87, in _run_callback
  File "D:\a\yasb\yasb\src\core\widgets\yasb\disk.py", line 90, in _toggle_group
  File "D:\a\yasb\yasb\src\core\widgets\yasb\disk.py", line 132, in show_group_label
  File "D:\a\yasb\yasb\src\core\widgets\yasb\disk.py", line 213, in _get_space
  File "D:\a\yasb\yasb\venv\Lib\site-packages\psutil\__init__.py", line 2049, in disk_usage
  File "D:\a\yasb\yasb\venv\Lib\site-packages\psutil\_pswindows.py", line 259, in disk_usage
PermissionError: [WinError 21] The device is not ready: 'E:\\'
2025-07-21 14:22:56,884 [INFO] [MainThread] [root/controller.py:12]: Reloading Application because of config update...
2025-07-21 14:22:56,991 [INFO] [MainThread] [cli_server/cli_server.py:112]: Log pipe server stopped
2025-07-21 14:22:56,992 [DEBUG] [MainThread] [cli_server/cli_server.py:206]: CLI server stopped
2025-07-21 14:22:57,009 [DEBUG] [MainThread] [qasync._windows._EventPoller/_windows.py:218]: Stopping worker thread...
2025-07-21 14:22:57,022 [DEBUG] [Dummy-8] [qasync._windows._EventWorker/_windows.py:201]: Exiting thread
2025-07-21 14:22:57,023 [DEBUG] [MainThread] [qasync._windows._IocpProactor/_windows.py:75]: Closing
2025-07-21 14:22:57,304 [INFO] [MainThread] [root/log.py:59]: Yasb v1.7.4
2025-07-21 14:22:57,305 [INFO] [Thread-1 (_run_server)] [cli_server/cli_server.py:212]: CLI server started v1.1.1
2025-07-21 14:22:57,305 [INFO] [MainThread] [cli_server/cli_server.py:104]: Log pipe server started
2025-07-21 14:22:57,538 [DEBUG] [MainThread] [comtypes/__init__.py:149]: CoInitializeEx(None, 2)
2025-07-21 14:22:57,598 [DEBUG] [MainThread] [tzlocal/win32.py:55]: Looking up time zone info from registry
2025-07-21 14:22:57,888 [INFO] [MainThread] [root/watcher.py:55]: Created file watcher for path C:\Users\tamil\.config\yasb
2025-07-21 14:22:57,889 [INFO] [Dummy-5] [root/event_listener.py:53]: Created named pipe yasb-1be19df5-6668-11f0-a5da-58cdc95b2622
2025-07-21 14:22:57,927 [DEBUG] [MainThread] [qasync._windows._EventPoller/_windows.py:213]: Starting (proactor: <_IocpProactor overlapped#=0 result#=0>)...
2025-07-21 14:22:57,929 [DEBUG] [Dummy-8] [qasync._windows._EventWorker/_windows.py:192]: Thread started
2025-07-21 14:22:57,986 [INFO] [Dummy-5] [root/event_listener.py:125]: Komorebi connected to named pipe: yasb-1be19df5-6668-11f0-a5da-58cdc95b2622
2025-07-21 14:23:00,467 [INFO] [MainThread] [root/controller.py:12]: Reloading Application because of config update...
2025-07-21 14:23:00,572 [INFO] [MainThread] [cli_server/cli_server.py:112]: Log pipe server stopped
2025-07-21 14:23:00,572 [DEBUG] [MainThread] [cli_server/cli_server.py:206]: CLI server stopped
2025-07-21 14:23:00,591 [DEBUG] [MainThread] [qasync._windows._EventPoller/_windows.py:218]: Stopping worker thread...
2025-07-21 14:23:00,606 [DEBUG] [Dummy-8] [qasync._windows._EventWorker/_windows.py:201]: Exiting thread
2025-07-21 14:23:00,607 [DEBUG] [MainThread] [qasync._windows._IocpProactor/_windows.py:75]: Closing
2025-07-21 14:23:00,882 [INFO] [MainThread] [root/log.py:59]: Yasb v1.7.4
2025-07-21 14:23:00,884 [INFO] [Thread-1 (_run_server)] [cli_server/cli_server.py:212]: CLI server started v1.1.1
2025-07-21 14:23:00,884 [INFO] [MainThread] [cli_server/cli_server.py:104]: Log pipe server started
2025-07-21 14:23:01,117 [DEBUG] [MainThread] [comtypes/__init__.py:149]: CoInitializeEx(None, 2)
2025-07-21 14:23:01,178 [DEBUG] [MainThread] [tzlocal/win32.py:55]: Looking up time zone info from registry
2025-07-21 14:23:01,465 [INFO] [MainThread] [root/watcher.py:55]: Created file watcher for path C:\Users\tamil\.config\yasb
2025-07-21 14:23:01,466 [INFO] [Dummy-5] [root/event_listener.py:53]: Created named pipe yasb-1e036da8-6668-11f0-bc89-58cdc95b2622
2025-07-21 14:23:01,503 [DEBUG] [MainThread] [qasync._windows._EventPoller/_windows.py:213]: Starting (proactor: <_IocpProactor overlapped#=0 result#=0>)...
2025-07-21 14:23:01,504 [DEBUG] [Dummy-8] [qasync._windows._EventWorker/_windows.py:192]: Thread started
2025-07-21 14:23:01,560 [INFO] [Dummy-5] [root/event_listener.py:125]: Komorebi connected to named pipe: yasb-1e036da8-6668-11f0-bc89-58cdc95b2622
2025-07-21 14:23:29,761 [ERROR] [MainThread] [root/bar_manager.py:53]: Error loading config: while scanning a simple key
  in "C:\Users\tamil\.config\yasb\config.yaml", line 233, column 9
could not find expected ':'
  in "C:\Users\tamil\.config\yasb\config.yaml", line 233, column 14
2025-07-21 14:23:31,751 [INFO] [MainThread] [root/controller.py:12]: Reloading Application because of config update...
2025-07-21 14:23:31,863 [INFO] [MainThread] [cli_server/cli_server.py:112]: Log pipe server stopped
2025-07-21 14:23:31,863 [DEBUG] [MainThread] [cli_server/cli_server.py:206]: CLI server stopped
2025-07-21 14:23:31,884 [DEBUG] [MainThread] [qasync._windows._EventPoller/_windows.py:218]: Stopping worker thread...
2025-07-21 14:23:31,897 [DEBUG] [Dummy-8] [qasync._windows._EventWorker/_windows.py:201]: Exiting thread
2025-07-21 14:23:31,897 [DEBUG] [MainThread] [qasync._windows._IocpProactor/_windows.py:75]: Closing
2025-07-21 14:23:32,195 [INFO] [MainThread] [root/log.py:59]: Yasb v1.7.4
2025-07-21 14:23:32,196 [INFO] [Thread-1 (_run_server)] [cli_server/cli_server.py:212]: CLI server started v1.1.1
2025-07-21 14:23:32,198 [INFO] [MainThread] [cli_server/cli_server.py:104]: Log pipe server started
2025-07-21 14:23:32,434 [DEBUG] [MainThread] [comtypes/__init__.py:149]: CoInitializeEx(None, 2)
2025-07-21 14:23:32,493 [DEBUG] [MainThread] [tzlocal/win32.py:55]: Looking up time zone info from registry
2025-07-21 14:23:32,779 [ERROR] [MainThread] [root/widget_builder.py:88]: Failed to validate widget(s) due to invalid options  - disk
      icons:
      - unknown field
      
2025-07-21 14:23:32,780 [INFO] [Dummy-3] [root/event_listener.py:53]: Created named pipe yasb-30ad5f82-6668-11f0-b70f-58cdc95b2622
2025-07-21 14:23:32,939 [INFO] [Dummy-3] [root/event_listener.py:125]: Komorebi connected to named pipe: yasb-30ad5f82-6668-11f0-b70f-58cdc95b2622
2025-07-21 14:23:34,539 [INFO] [MainThread] [root/watcher.py:55]: Created file watcher for path C:\Users\tamil\.config\yasb
2025-07-21 14:23:34,593 [DEBUG] [MainThread] [qasync._windows._EventPoller/_windows.py:213]: Starting (proactor: <_IocpProactor overlapped#=0 result#=0>)...
2025-07-21 14:23:34,594 [DEBUG] [Dummy-9] [qasync._windows._EventWorker/_windows.py:192]: Thread started
2025-07-21 14:23:46,847 [INFO] [MainThread] [root/controller.py:12]: Reloading Application because of config update...
2025-07-21 14:23:46,947 [INFO] [MainThread] [cli_server/cli_server.py:112]: Log pipe server stopped
2025-07-21 14:23:46,947 [DEBUG] [MainThread] [cli_server/cli_server.py:206]: CLI server stopped
2025-07-21 14:23:46,969 [DEBUG] [MainThread] [qasync._windows._EventPoller/_windows.py:218]: Stopping worker thread...
2025-07-21 14:23:46,979 [DEBUG] [Dummy-9] [qasync._windows._EventWorker/_windows.py:201]: Exiting thread
2025-07-21 14:23:46,980 [DEBUG] [MainThread] [qasync._windows._IocpProactor/_windows.py:75]: Closing
2025-07-21 14:23:47,271 [INFO] [MainThread] [root/log.py:59]: Yasb v1.7.4
2025-07-21 14:23:47,271 [INFO] [Thread-1 (_run_server)] [cli_server/cli_server.py:212]: CLI server started v1.1.1
2025-07-21 14:23:47,272 [INFO] [MainThread] [cli_server/cli_server.py:104]: Log pipe server started
2025-07-21 14:23:47,485 [DEBUG] [MainThread] [comtypes/__init__.py:149]: CoInitializeEx(None, 2)
2025-07-21 14:23:47,543 [DEBUG] [MainThread] [tzlocal/win32.py:55]: Looking up time zone info from registry
2025-07-21 14:23:47,838 [ERROR] [MainThread] [root/widget_builder.py:88]: Failed to validate widget(s) due to invalid options  - disk
      icons:
      - unknown field
      
2025-07-21 14:23:47,839 [INFO] [Dummy-3] [root/event_listener.py:53]: Created named pipe yasb-39a72a1c-6668-11f0-b84b-58cdc95b2622
2025-07-21 14:23:47,983 [INFO] [Dummy-3] [root/event_listener.py:125]: Komorebi connected to named pipe: yasb-39a72a1c-6668-11f0-b84b-58cdc95b2622
2025-07-21 14:23:50,797 [INFO] [MainThread] [root/watcher.py:55]: Created file watcher for path C:\Users\tamil\.config\yasb
2025-07-21 14:23:50,840 [DEBUG] [MainThread] [qasync._windows._EventPoller/_windows.py:213]: Starting (proactor: <_IocpProactor overlapped#=0 result#=0>)...
2025-07-21 14:23:50,842 [DEBUG] [Dummy-9] [qasync._windows._EventWorker/_windows.py:192]: Thread started
2025-07-21 14:23:55,594 [INFO] [MainThread] [root/controller.py:12]: Reloading Application because of config update...
2025-07-21 14:23:55,697 [INFO] [MainThread] [cli_server/cli_server.py:112]: Log pipe server stopped
2025-07-21 14:23:55,697 [DEBUG] [MainThread] [cli_server/cli_server.py:206]: CLI server stopped
2025-07-21 14:23:55,716 [DEBUG] [MainThread] [qasync._windows._EventPoller/_windows.py:218]: Stopping worker thread...
2025-07-21 14:23:55,735 [DEBUG] [Dummy-9] [qasync._windows._EventWorker/_windows.py:201]: Exiting thread
2025-07-21 14:23:55,736 [DEBUG] [MainThread] [qasync._windows._IocpProactor/_windows.py:75]: Closing
2025-07-21 14:23:56,005 [INFO] [MainThread] [root/log.py:59]: Yasb v1.7.4
2025-07-21 14:23:56,006 [INFO] [Thread-1 (_run_server)] [cli_server/cli_server.py:212]: CLI server started v1.1.1
2025-07-21 14:23:56,006 [INFO] [MainThread] [cli_server/cli_server.py:104]: Log pipe server started
2025-07-21 14:23:56,235 [DEBUG] [MainThread] [comtypes/__init__.py:149]: CoInitializeEx(None, 2)
2025-07-21 14:23:56,293 [DEBUG] [MainThread] [tzlocal/win32.py:55]: Looking up time zone info from registry
2025-07-21 14:23:56,577 [ERROR] [MainThread] [root/widget_builder.py:88]: Failed to validate widget(s) due to invalid options  - disk
      icons:
      - unknown field
      
2025-07-21 14:23:56,610 [INFO] [Dummy-3] [root/event_listener.py:53]: Created named pipe yasb-3edcd674-6668-11f0-b22c-58cdc95b2622
2025-07-21 14:23:56,736 [INFO] [Dummy-3] [root/event_listener.py:125]: Komorebi connected to named pipe: yasb-3edcd674-6668-11f0-b22c-58cdc95b2622
2025-07-21 14:24:00,940 [INFO] [MainThread] [root/watcher.py:55]: Created file watcher for path C:\Users\tamil\.config\yasb
2025-07-21 14:24:00,996 [DEBUG] [MainThread] [qasync._windows._EventPoller/_windows.py:213]: Starting (proactor: <_IocpProactor overlapped#=0 result#=0>)...
2025-07-21 14:24:00,997 [DEBUG] [Dummy-9] [qasync._windows._EventWorker/_windows.py:192]: Thread started
2025-07-21 14:24:17,238 [INFO] [MainThread] [root/controller.py:12]: Reloading Application because of config update...
2025-07-21 14:24:17,353 [INFO] [MainThread] [cli_server/cli_server.py:112]: Log pipe server stopped
2025-07-21 14:24:17,353 [DEBUG] [MainThread] [cli_server/cli_server.py:206]: CLI server stopped
2025-07-21 14:24:17,373 [DEBUG] [MainThread] [qasync._windows._EventPoller/_windows.py:218]: Stopping worker thread...
2025-07-21 14:24:17,387 [DEBUG] [Dummy-9] [qasync._windows._EventWorker/_windows.py:201]: Exiting thread
2025-07-21 14:24:17,387 [DEBUG] [MainThread] [qasync._windows._IocpProactor/_windows.py:75]: Closing
2025-07-21 14:24:17,676 [INFO] [MainThread] [root/log.py:59]: Yasb v1.7.4
2025-07-21 14:24:17,677 [INFO] [Thread-1 (_run_server)] [cli_server/cli_server.py:212]: CLI server started v1.1.1
2025-07-21 14:24:17,678 [INFO] [MainThread] [cli_server/cli_server.py:104]: Log pipe server started
2025-07-21 14:24:17,899 [DEBUG] [MainThread] [comtypes/__init__.py:149]: CoInitializeEx(None, 2)
2025-07-21 14:24:17,959 [DEBUG] [MainThread] [tzlocal/win32.py:55]: Looking up time zone info from registry
2025-07-21 14:24:18,251 [ERROR] [MainThread] [root/widget_builder.py:88]: Failed to validate widget(s) due to invalid options  - disk
      icons:
      - unknown field
      
2025-07-21 14:24:18,252 [INFO] [Dummy-3] [root/event_listener.py:53]: Created named pipe yasb-4bc7fdfd-6668-11f0-bbec-58cdc95b2622
2025-07-21 14:24:18,400 [INFO] [Dummy-3] [root/event_listener.py:125]: Komorebi connected to named pipe: yasb-4bc7fdfd-6668-11f0-bbec-58cdc95b2622
2025-07-21 14:24:21,897 [INFO] [MainThread] [root/watcher.py:55]: Created file watcher for path C:\Users\tamil\.config\yasb
2025-07-21 14:24:21,946 [DEBUG] [MainThread] [qasync._windows._EventPoller/_windows.py:213]: Starting (proactor: <_IocpProactor overlapped#=0 result#=0>)...
2025-07-21 14:24:21,947 [DEBUG] [Dummy-9] [qasync._windows._EventWorker/_windows.py:192]: Thread started
2025-07-21 14:24:37,235 [INFO] [MainThread] [root/controller.py:12]: Reloading Application because of config update...
2025-07-21 14:24:37,335 [INFO] [MainThread] [cli_server/cli_server.py:112]: Log pipe server stopped
2025-07-21 14:24:37,335 [DEBUG] [MainThread] [cli_server/cli_server.py:206]: CLI server stopped
2025-07-21 14:24:37,356 [DEBUG] [MainThread] [qasync._windows._EventPoller/_windows.py:218]: Stopping worker thread...
2025-07-21 14:24:37,378 [DEBUG] [Dummy-9] [qasync._windows._EventWorker/_windows.py:201]: Exiting thread
2025-07-21 14:24:37,379 [DEBUG] [MainThread] [qasync._windows._IocpProactor/_windows.py:75]: Closing
2025-07-21 14:24:37,646 [INFO] [MainThread] [root/log.py:59]: Yasb v1.7.4
2025-07-21 14:24:37,647 [INFO] [Thread-1 (_run_server)] [cli_server/cli_server.py:212]: CLI server started v1.1.1
2025-07-21 14:24:37,647 [INFO] [MainThread] [cli_server/cli_server.py:104]: Log pipe server started
2025-07-21 14:24:37,879 [DEBUG] [MainThread] [comtypes/__init__.py:149]: CoInitializeEx(None, 2)
2025-07-21 14:24:37,939 [DEBUG] [MainThread] [tzlocal/win32.py:55]: Looking up time zone info from registry
2025-07-21 14:24:38,221 [INFO] [MainThread] [root/watcher.py:55]: Created file watcher for path C:\Users\tamil\.config\yasb
2025-07-21 14:24:38,222 [INFO] [Dummy-5] [root/event_listener.py:53]: Created named pipe yasb-57af2ca8-6668-11f0-8299-58cdc95b2622
2025-07-21 14:24:38,269 [DEBUG] [MainThread] [qasync._windows._EventPoller/_windows.py:213]: Starting (proactor: <_IocpProactor overlapped#=0 result#=0>)...
2025-07-21 14:24:38,272 [DEBUG] [Dummy-8] [qasync._windows._EventWorker/_windows.py:192]: Thread started
2025-07-21 14:24:38,331 [INFO] [Dummy-5] [root/event_listener.py:125]: Komorebi connected to named pipe: yasb-57af2ca8-6668-11f0-8299-58cdc95b2622
2025-07-21 14:24:45,236 [INFO] [MainThread] [root/controller.py:12]: Reloading Application because of config update...
2025-07-21 14:24:45,346 [INFO] [MainThread] [cli_server/cli_server.py:112]: Log pipe server stopped
2025-07-21 14:24:45,346 [DEBUG] [MainThread] [cli_server/cli_server.py:206]: CLI server stopped
2025-07-21 14:24:45,366 [DEBUG] [MainThread] [qasync._windows._EventPoller/_windows.py:218]: Stopping worker thread...
2025-07-21 14:24:45,378 [DEBUG] [Dummy-8] [qasync._windows._EventWorker/_windows.py:201]: Exiting thread
2025-07-21 14:24:45,382 [DEBUG] [MainThread] [qasync._windows._IocpProactor/_windows.py:75]: Closing
2025-07-21 14:24:45,680 [INFO] [MainThread] [root/log.py:59]: Yasb v1.7.4
2025-07-21 14:24:45,681 [INFO] [Thread-1 (_run_server)] [cli_server/cli_server.py:212]: CLI server started v1.1.1
2025-07-21 14:24:45,681 [INFO] [MainThread] [cli_server/cli_server.py:104]: Log pipe server started
2025-07-21 14:24:45,908 [DEBUG] [MainThread] [comtypes/__init__.py:149]: CoInitializeEx(None, 2)
2025-07-21 14:24:45,968 [DEBUG] [MainThread] [tzlocal/win32.py:55]: Looking up time zone info from registry
2025-07-21 14:24:46,283 [INFO] [MainThread] [root/watcher.py:55]: Created file watcher for path C:\Users\tamil\.config\yasb
2025-07-21 14:24:46,283 [INFO] [Dummy-5] [root/event_listener.py:53]: Created named pipe yasb-5c7d1db4-6668-11f0-bfb7-58cdc95b2622
2025-07-21 14:24:46,331 [DEBUG] [MainThread] [qasync._windows._EventPoller/_windows.py:213]: Starting (proactor: <_IocpProactor overlapped#=0 result#=0>)...
2025-07-21 14:24:46,332 [DEBUG] [Dummy-8] [qasync._windows._EventWorker/_windows.py:192]: Thread started
2025-07-21 14:24:46,393 [INFO] [Dummy-5] [root/event_listener.py:125]: Komorebi connected to named pipe: yasb-5c7d1db4-6668-11f0-bfb7-58cdc95b2622
2025-07-21 14:24:47,127 [ERROR] [MainThread] [root/base.py:89]: Failed to execute callback of type 'toggle_group' with args: []
Traceback (most recent call last):
  File "D:\a\yasb\yasb\src\core\widgets\base.py", line 87, in _run_callback
  File "D:\a\yasb\yasb\src\core\widgets\yasb\disk.py", line 90, in _toggle_group
  File "D:\a\yasb\yasb\src\core\widgets\yasb\disk.py", line 132, in show_group_label
  File "D:\a\yasb\yasb\src\core\widgets\yasb\disk.py", line 213, in _get_space
  File "D:\a\yasb\yasb\venv\Lib\site-packages\psutil\__init__.py", line 2049, in disk_usage
  File "D:\a\yasb\yasb\venv\Lib\site-packages\psutil\_pswindows.py", line 259, in disk_usage
PermissionError: [WinError 21] The device is not ready: 'E:\\'
2025-07-21 14:24:47,922 [ERROR] [MainThread] [root/base.py:89]: Failed to execute callback of type 'toggle_group' with args: []
Traceback (most recent call last):
  File "D:\a\yasb\yasb\src\core\widgets\base.py", line 87, in _run_callback
  File "D:\a\yasb\yasb\src\core\widgets\yasb\disk.py", line 90, in _toggle_group
  File "D:\a\yasb\yasb\src\core\widgets\yasb\disk.py", line 132, in show_group_label
  File "D:\a\yasb\yasb\src\core\widgets\yasb\disk.py", line 213, in _get_space
  File "D:\a\yasb\yasb\venv\Lib\site-packages\psutil\__init__.py", line 2049, in disk_usage
  File "D:\a\yasb\yasb\venv\Lib\site-packages\psutil\_pswindows.py", line 259, in disk_usage
PermissionError: [WinError 21] The device is not ready: 'E:\\'
2025-07-21 14:24:48,421 [ERROR] [MainThread] [root/base.py:89]: Failed to execute callback of type 'toggle_group' with args: []
Traceback (most recent call last):
  File "D:\a\yasb\yasb\src\core\widgets\base.py", line 87, in _run_callback
  File "D:\a\yasb\yasb\src\core\widgets\yasb\disk.py", line 90, in _toggle_group
  File "D:\a\yasb\yasb\src\core\widgets\yasb\disk.py", line 132, in show_group_label
  File "D:\a\yasb\yasb\src\core\widgets\yasb\disk.py", line 213, in _get_space
  File "D:\a\yasb\yasb\venv\Lib\site-packages\psutil\__init__.py", line 2049, in disk_usage
  File "D:\a\yasb\yasb\venv\Lib\site-packages\psutil\_pswindows.py", line 259, in disk_usage
PermissionError: [WinError 21] The device is not ready: 'E:\\'
2025-07-21 14:24:48,620 [ERROR] [MainThread] [root/base.py:89]: Failed to execute callback of type 'toggle_group' with args: []
Traceback (most recent call last):
  File "D:\a\yasb\yasb\src\core\widgets\base.py", line 87, in _run_callback
  File "D:\a\yasb\yasb\src\core\widgets\yasb\disk.py", line 90, in _toggle_group
  File "D:\a\yasb\yasb\src\core\widgets\yasb\disk.py", line 132, in show_group_label
  File "D:\a\yasb\yasb\src\core\widgets\yasb\disk.py", line 213, in _get_space
  File "D:\a\yasb\yasb\venv\Lib\site-packages\psutil\__init__.py", line 2049, in disk_usage
  File "D:\a\yasb\yasb\venv\Lib\site-packages\psutil\_pswindows.py", line 259, in disk_usage
PermissionError: [WinError 21] The device is not ready: 'E:\\'
2025-07-21 14:24:48,810 [ERROR] [MainThread] [root/base.py:89]: Failed to execute callback of type 'toggle_group' with args: []
Traceback (most recent call last):
  File "D:\a\yasb\yasb\src\core\widgets\base.py", line 87, in _run_callback
  File "D:\a\yasb\yasb\src\core\widgets\yasb\disk.py", line 90, in _toggle_group
  File "D:\a\yasb\yasb\src\core\widgets\yasb\disk.py", line 132, in show_group_label
  File "D:\a\yasb\yasb\src\core\widgets\yasb\disk.py", line 213, in _get_space
  File "D:\a\yasb\yasb\venv\Lib\site-packages\psutil\__init__.py", line 2049, in disk_usage
  File "D:\a\yasb\yasb\venv\Lib\site-packages\psutil\_pswindows.py", line 259, in disk_usage
PermissionError: [WinError 21] The device is not ready: 'E:\\'
2025-07-21 14:24:49,004 [ERROR] [MainThread] [root/base.py:89]: Failed to execute callback of type 'toggle_group' with args: []
Traceback (most recent call last):
  File "D:\a\yasb\yasb\src\core\widgets\base.py", line 87, in _run_callback
  File "D:\a\yasb\yasb\src\core\widgets\yasb\disk.py", line 90, in _toggle_group
  File "D:\a\yasb\yasb\src\core\widgets\yasb\disk.py", line 132, in show_group_label
  File "D:\a\yasb\yasb\src\core\widgets\yasb\disk.py", line 213, in _get_space
  File "D:\a\yasb\yasb\venv\Lib\site-packages\psutil\__init__.py", line 2049, in disk_usage
  File "D:\a\yasb\yasb\venv\Lib\site-packages\psutil\_pswindows.py", line 259, in disk_usage
PermissionError: [WinError 21] The device is not ready: 'E:\\'
2025-07-21 14:24:49,910 [ERROR] [MainThread] [root/base.py:89]: Failed to execute callback of type 'toggle_group' with args: []
Traceback (most recent call last):
  File "D:\a\yasb\yasb\src\core\widgets\base.py", line 87, in _run_callback
  File "D:\a\yasb\yasb\src\core\widgets\yasb\disk.py", line 90, in _toggle_group
  File "D:\a\yasb\yasb\src\core\widgets\yasb\disk.py", line 132, in show_group_label
  File "D:\a\yasb\yasb\src\core\widgets\yasb\disk.py", line 213, in _get_space
  File "D:\a\yasb\yasb\venv\Lib\site-packages\psutil\__init__.py", line 2049, in disk_usage
  File "D:\a\yasb\yasb\venv\Lib\site-packages\psutil\_pswindows.py", line 259, in disk_usage
PermissionError: [WinError 21] The device is not ready: 'E:\\'
2025-07-21 14:24:50,078 [ERROR] [MainThread] [root/base.py:89]: Failed to execute callback of type 'toggle_group' with args: []
Traceback (most recent call last):
  File "D:\a\yasb\yasb\src\core\widgets\base.py", line 87, in _run_callback
  File "D:\a\yasb\yasb\src\core\widgets\yasb\disk.py", line 90, in _toggle_group
  File "D:\a\yasb\yasb\src\core\widgets\yasb\disk.py", line 132, in show_group_label
  File "D:\a\yasb\yasb\src\core\widgets\yasb\disk.py", line 213, in _get_space
  File "D:\a\yasb\yasb\venv\Lib\site-packages\psutil\__init__.py", line 2049, in disk_usage
  File "D:\a\yasb\yasb\venv\Lib\site-packages\psutil\_pswindows.py", line 259, in disk_usage
PermissionError: [WinError 21] The device is not ready: 'E:\\'
2025-07-21 14:24:50,657 [ERROR] [MainThread] [root/base.py:89]: Failed to execute callback of type 'toggle_group' with args: []
Traceback (most recent call last):
  File "D:\a\yasb\yasb\src\core\widgets\base.py", line 87, in _run_callback
  File "D:\a\yasb\yasb\src\core\widgets\yasb\disk.py", line 90, in _toggle_group
  File "D:\a\yasb\yasb\src\core\widgets\yasb\disk.py", line 132, in show_group_label
  File "D:\a\yasb\yasb\src\core\widgets\yasb\disk.py", line 213, in _get_space
  File "D:\a\yasb\yasb\venv\Lib\site-packages\psutil\__init__.py", line 2049, in disk_usage
  File "D:\a\yasb\yasb\venv\Lib\site-packages\psutil\_pswindows.py", line 259, in disk_usage
PermissionError: [WinError 21] The device is not ready: 'E:\\'
2025-07-21 14:24:50,856 [ERROR] [MainThread] [root/base.py:89]: Failed to execute callback of type 'toggle_group' with args: []
Traceback (most recent call last):
  File "D:\a\yasb\yasb\src\core\widgets\base.py", line 87, in _run_callback
  File "D:\a\yasb\yasb\src\core\widgets\yasb\disk.py", line 90, in _toggle_group
  File "D:\a\yasb\yasb\src\core\widgets\yasb\disk.py", line 132, in show_group_label
  File "D:\a\yasb\yasb\src\core\widgets\yasb\disk.py", line 213, in _get_space
  File "D:\a\yasb\yasb\venv\Lib\site-packages\psutil\__init__.py", line 2049, in disk_usage
  File "D:\a\yasb\yasb\venv\Lib\site-packages\psutil\_pswindows.py", line 259, in disk_usage
PermissionError: [WinError 21] The device is not ready: 'E:\\'
2025-07-21 14:24:51,026 [ERROR] [MainThread] [root/base.py:89]: Failed to execute callback of type 'toggle_group' with args: []
Traceback (most recent call last):
  File "D:\a\yasb\yasb\src\core\widgets\base.py", line 87, in _run_callback
  File "D:\a\yasb\yasb\src\core\widgets\yasb\disk.py", line 90, in _toggle_group
  File "D:\a\yasb\yasb\src\core\widgets\yasb\disk.py", line 132, in show_group_label
  File "D:\a\yasb\yasb\src\core\widgets\yasb\disk.py", line 213, in _get_space
  File "D:\a\yasb\yasb\venv\Lib\site-packages\psutil\__init__.py", line 2049, in disk_usage
  File "D:\a\yasb\yasb\venv\Lib\site-packages\psutil\_pswindows.py", line 259, in disk_usage
PermissionError: [WinError 21] The device is not ready: 'E:\\'
2025-07-21 14:24:51,199 [ERROR] [MainThread] [root/base.py:89]: Failed to execute callback of type 'toggle_group' with args: []
Traceback (most recent call last):
  File "D:\a\yasb\yasb\src\core\widgets\base.py", line 87, in _run_callback
  File "D:\a\yasb\yasb\src\core\widgets\yasb\disk.py", line 90, in _toggle_group
  File "D:\a\yasb\yasb\src\core\widgets\yasb\disk.py", line 132, in show_group_label
  File "D:\a\yasb\yasb\src\core\widgets\yasb\disk.py", line 213, in _get_space
  File "D:\a\yasb\yasb\venv\Lib\site-packages\psutil\__init__.py", line 2049, in disk_usage
  File "D:\a\yasb\yasb\venv\Lib\site-packages\psutil\_pswindows.py", line 259, in disk_usage
PermissionError: [WinError 21] The device is not ready: 'E:\\'
2025-07-21 14:24:51,373 [ERROR] [MainThread] [root/base.py:89]: Failed to execute callback of type 'toggle_group' with args: []
Traceback (most recent call last):
  File "D:\a\yasb\yasb\src\core\widgets\base.py", line 87, in _run_callback
  File "D:\a\yasb\yasb\src\core\widgets\yasb\disk.py", line 90, in _toggle_group
  File "D:\a\yasb\yasb\src\core\widgets\yasb\disk.py", line 132, in show_group_label
  File "D:\a\yasb\yasb\src\core\widgets\yasb\disk.py", line 213, in _get_space
  File "D:\a\yasb\yasb\venv\Lib\site-packages\psutil\__init__.py", line 2049, in disk_usage
  File "D:\a\yasb\yasb\venv\Lib\site-packages\psutil\_pswindows.py", line 259, in disk_usage
PermissionError: [WinError 21] The device is not ready: 'E:\\'
2025-07-21 14:24:51,661 [ERROR] [MainThread] [root/base.py:89]: Failed to execute callback of type 'toggle_group' with args: []
Traceback (most recent call last):
  File "D:\a\yasb\yasb\src\core\widgets\base.py", line 87, in _run_callback
  File "D:\a\yasb\yasb\src\core\widgets\yasb\disk.py", line 90, in _toggle_group
  File "D:\a\yasb\yasb\src\core\widgets\yasb\disk.py", line 132, in show_group_label
  File "D:\a\yasb\yasb\src\core\widgets\yasb\disk.py", line 213, in _get_space
  File "D:\a\yasb\yasb\venv\Lib\site-packages\psutil\__init__.py", line 2049, in disk_usage
  File "D:\a\yasb\yasb\venv\Lib\site-packages\psutil\_pswindows.py", line 259, in disk_usage
PermissionError: [WinError 21] The device is not ready: 'E:\\'
2025-07-21 14:24:51,859 [ERROR] [MainThread] [root/base.py:89]: Failed to execute callback of type 'toggle_group' with args: []
Traceback (most recent call last):
  File "D:\a\yasb\yasb\src\core\widgets\base.py", line 87, in _run_callback
  File "D:\a\yasb\yasb\src\core\widgets\yasb\disk.py", line 90, in _toggle_group
  File "D:\a\yasb\yasb\src\core\widgets\yasb\disk.py", line 132, in show_group_label
  File "D:\a\yasb\yasb\src\core\widgets\yasb\disk.py", line 213, in _get_space
  File "D:\a\yasb\yasb\venv\Lib\site-packages\psutil\__init__.py", line 2049, in disk_usage
  File "D:\a\yasb\yasb\venv\Lib\site-packages\psutil\_pswindows.py", line 259, in disk_usage
PermissionError: [WinError 21] The device is not ready: 'E:\\'
2025-07-21 14:24:52,054 [ERROR] [MainThread] [root/base.py:89]: Failed to execute callback of type 'toggle_group' with args: []
Traceback (most recent call last):
  File "D:\a\yasb\yasb\src\core\widgets\base.py", line 87, in _run_callback
  File "D:\a\yasb\yasb\src\core\widgets\yasb\disk.py", line 90, in _toggle_group
  File "D:\a\yasb\yasb\src\core\widgets\yasb\disk.py", line 132, in show_group_label
  File "D:\a\yasb\yasb\src\core\widgets\yasb\disk.py", line 213, in _get_space
  File "D:\a\yasb\yasb\venv\Lib\site-packages\psutil\__init__.py", line 2049, in disk_usage
  File "D:\a\yasb\yasb\venv\Lib\site-packages\psutil\_pswindows.py", line 259, in disk_usage
PermissionError: [WinError 21] The device is not ready: 'E:\\'
2025-07-21 14:24:52,336 [ERROR] [MainThread] [root/base.py:89]: Failed to execute callback of type 'toggle_group' with args: []
Traceback (most recent call last):
  File "D:\a\yasb\yasb\src\core\widgets\base.py", line 87, in _run_callback
  File "D:\a\yasb\yasb\src\core\widgets\yasb\disk.py", line 90, in _toggle_group
  File "D:\a\yasb\yasb\src\core\widgets\yasb\disk.py", line 132, in show_group_label
  File "D:\a\yasb\yasb\src\core\widgets\yasb\disk.py", line 213, in _get_space
  File "D:\a\yasb\yasb\venv\Lib\site-packages\psutil\__init__.py", line 2049, in disk_usage
  File "D:\a\yasb\yasb\venv\Lib\site-packages\psutil\_pswindows.py", line 259, in disk_usage
PermissionError: [WinError 21] The device is not ready: 'E:\\'
2025-07-21 14:24:52,652 [ERROR] [MainThread] [root/base.py:89]: Failed to execute callback of type 'toggle_group' with args: []
Traceback (most recent call last):
  File "D:\a\yasb\yasb\src\core\widgets\base.py", line 87, in _run_callback
  File "D:\a\yasb\yasb\src\core\widgets\yasb\disk.py", line 90, in _toggle_group
  File "D:\a\yasb\yasb\src\core\widgets\yasb\disk.py", line 132, in show_group_label
  File "D:\a\yasb\yasb\src\core\widgets\yasb\disk.py", line 213, in _get_space
  File "D:\a\yasb\yasb\venv\Lib\site-packages\psutil\__init__.py", line 2049, in disk_usage
  File "D:\a\yasb\yasb\venv\Lib\site-packages\psutil\_pswindows.py", line 259, in disk_usage
PermissionError: [WinError 21] The device is not ready: 'E:\\'
2025-07-21 14:25:02,072 [INFO] [MainThread] [root/controller.py:12]: Reloading Application because of config update...
2025-07-21 14:25:02,176 [INFO] [MainThread] [cli_server/cli_server.py:112]: Log pipe server stopped
2025-07-21 14:25:02,176 [DEBUG] [MainThread] [cli_server/cli_server.py:206]: CLI server stopped
2025-07-21 14:25:02,195 [DEBUG] [MainThread] [qasync._windows._EventPoller/_windows.py:218]: Stopping worker thread...
2025-07-21 14:25:02,207 [DEBUG] [Dummy-8] [qasync._windows._EventWorker/_windows.py:201]: Exiting thread
2025-07-21 14:25:02,208 [DEBUG] [MainThread] [qasync._windows._IocpProactor/_windows.py:75]: Closing
2025-07-21 14:25:02,490 [INFO] [MainThread] [root/log.py:59]: Yasb v1.7.4
2025-07-21 14:25:02,491 [INFO] [Thread-1 (_run_server)] [cli_server/cli_server.py:212]: CLI server started v1.1.1
2025-07-21 14:25:02,491 [INFO] [MainThread] [cli_server/cli_server.py:104]: Log pipe server started
2025-07-21 14:25:02,728 [DEBUG] [MainThread] [comtypes/__init__.py:149]: CoInitializeEx(None, 2)
2025-07-21 14:25:02,789 [DEBUG] [MainThread] [tzlocal/win32.py:55]: Looking up time zone info from registry
2025-07-21 14:25:03,081 [INFO] [MainThread] [root/watcher.py:55]: Created file watcher for path C:\Users\tamil\.config\yasb
2025-07-21 14:25:03,082 [INFO] [Dummy-5] [root/event_listener.py:53]: Created named pipe yasb-6680654e-6668-11f0-aac1-58cdc95b2622
2025-07-21 14:25:03,126 [DEBUG] [MainThread] [qasync._windows._EventPoller/_windows.py:213]: Starting (proactor: <_IocpProactor overlapped#=0 result#=0>)...
2025-07-21 14:25:03,127 [DEBUG] [Dummy-8] [qasync._windows._EventWorker/_windows.py:192]: Thread started
2025-07-21 14:25:03,181 [INFO] [Dummy-5] [root/event_listener.py:125]: Komorebi connected to named pipe: yasb-6680654e-6668-11f0-aac1-58cdc95b2622
2025-07-21 14:27:05,824 [INFO] [MainThread] [root/controller.py:12]: Reloading Application from tray...
2025-07-21 14:27:05,929 [INFO] [MainThread] [cli_server/cli_server.py:112]: Log pipe server stopped
2025-07-21 14:27:05,930 [DEBUG] [MainThread] [cli_server/cli_server.py:206]: CLI server stopped
2025-07-21 14:27:05,954 [DEBUG] [MainThread] [qasync._windows._EventPoller/_windows.py:218]: Stopping worker thread...
2025-07-21 14:27:05,976 [DEBUG] [Dummy-8] [qasync._windows._EventWorker/_windows.py:201]: Exiting thread
2025-07-21 14:27:05,977 [DEBUG] [MainThread] [qasync._windows._IocpProactor/_windows.py:75]: Closing
2025-07-21 14:27:06,274 [INFO] [MainThread] [root/log.py:59]: Yasb v1.7.4
2025-07-21 14:27:06,274 [INFO] [Thread-1 (_run_server)] [cli_server/cli_server.py:212]: CLI server started v1.1.1
2025-07-21 14:27:06,274 [INFO] [MainThread] [cli_server/cli_server.py:104]: Log pipe server started
2025-07-21 14:27:06,513 [DEBUG] [MainThread] [comtypes/__init__.py:149]: CoInitializeEx(None, 2)
2025-07-21 14:27:06,574 [DEBUG] [MainThread] [tzlocal/win32.py:55]: Looking up time zone info from registry
2025-07-21 14:27:06,850 [INFO] [MainThread] [root/watcher.py:55]: Created file watcher for path C:\Users\tamil\.config\yasb
2025-07-21 14:27:06,850 [INFO] [Dummy-5] [root/event_listener.py:53]: Created named pipe yasb-b045e3d2-6668-11f0-9526-58cdc95b2622
2025-07-21 14:27:06,896 [DEBUG] [MainThread] [qasync._windows._EventPoller/_windows.py:213]: Starting (proactor: <_IocpProactor overlapped#=0 result#=0>)...
2025-07-21 14:27:06,896 [DEBUG] [Dummy-8] [qasync._windows._EventWorker/_windows.py:192]: Thread started
2025-07-21 14:27:06,946 [INFO] [Dummy-5] [root/event_listener.py:125]: Komorebi connected to named pipe: yasb-b045e3d2-6668-11f0-9526-58cdc95b2622
2025-07-21 14:29:45,327 [ERROR] [MainThread] [root/bar_manager.py:53]: Error loading config: while scanning a simple key
  in "C:\Users\tamil\.config\yasb\config.yaml", line 213, column 9
could not find expected ':'
  in "C:\Users\tamil\.config\yasb\config.yaml", line 214, column 9
2025-07-21 14:29:46,667 [ERROR] [MainThread] [root/bar_manager.py:53]: Error loading config: while scanning a simple key
  in "C:\Users\tamil\.config\yasb\config.yaml", line 213, column 9
could not find expected ':'
  in "C:\Users\tamil\.config\yasb\config.yaml", line 214, column 9
2025-07-21 14:29:49,828 [INFO] [MainThread] [root/controller.py:12]: Reloading Application because of config update...
2025-07-21 14:29:49,942 [INFO] [MainThread] [cli_server/cli_server.py:112]: Log pipe server stopped
2025-07-21 14:29:49,942 [DEBUG] [MainThread] [cli_server/cli_server.py:206]: CLI server stopped
2025-07-21 14:29:49,962 [DEBUG] [MainThread] [qasync._windows._EventPoller/_windows.py:218]: Stopping worker thread...
2025-07-21 14:29:49,973 [DEBUG] [Dummy-8] [qasync._windows._EventWorker/_windows.py:201]: Exiting thread
2025-07-21 14:29:49,973 [DEBUG] [MainThread] [qasync._windows._IocpProactor/_windows.py:75]: Closing
2025-07-21 14:29:50,269 [INFO] [MainThread] [root/log.py:59]: Yasb v1.7.4
2025-07-21 14:29:50,270 [INFO] [Thread-1 (_run_server)] [cli_server/cli_server.py:212]: CLI server started v1.1.1
2025-07-21 14:29:50,271 [INFO] [MainThread] [cli_server/cli_server.py:104]: Log pipe server started
2025-07-21 14:29:50,505 [DEBUG] [MainThread] [comtypes/__init__.py:149]: CoInitializeEx(None, 2)
2025-07-21 14:29:50,567 [DEBUG] [MainThread] [tzlocal/win32.py:55]: Looking up time zone info from registry
2025-07-21 14:29:50,884 [INFO] [MainThread] [root/watcher.py:55]: Created file watcher for path C:\Users\tamil\.config\yasb
2025-07-21 14:29:50,885 [INFO] [Dummy-5] [root/event_listener.py:53]: Created named pipe yasb-120bb15f-6669-11f0-8ccc-58cdc95b2622
2025-07-21 14:29:50,920 [DEBUG] [MainThread] [qasync._windows._EventPoller/_windows.py:213]: Starting (proactor: <_IocpProactor overlapped#=0 result#=0>)...
2025-07-21 14:29:50,922 [DEBUG] [Dummy-8] [qasync._windows._EventWorker/_windows.py:192]: Thread started
2025-07-21 14:29:50,984 [INFO] [Dummy-5] [root/event_listener.py:125]: Komorebi connected to named pipe: yasb-120bb15f-6669-11f0-8ccc-58cdc95b2622
2025-07-21 14:29:53,821 [INFO] [MainThread] [root/controller.py:12]: Reloading Application because of config update...
2025-07-21 14:29:53,922 [INFO] [MainThread] [cli_server/cli_server.py:112]: Log pipe server stopped
2025-07-21 14:29:53,922 [DEBUG] [MainThread] [cli_server/cli_server.py:206]: CLI server stopped
2025-07-21 14:29:53,942 [DEBUG] [MainThread] [qasync._windows._EventPoller/_windows.py:218]: Stopping worker thread...
2025-07-21 14:29:53,953 [DEBUG] [Dummy-8] [qasync._windows._EventWorker/_windows.py:201]: Exiting thread
2025-07-21 14:29:53,955 [DEBUG] [MainThread] [qasync._windows._IocpProactor/_windows.py:75]: Closing
2025-07-21 14:29:54,249 [INFO] [MainThread] [root/log.py:59]: Yasb v1.7.4
2025-07-21 14:29:54,250 [INFO] [Thread-1 (_run_server)] [cli_server/cli_server.py:212]: CLI server started v1.1.1
2025-07-21 14:29:54,250 [INFO] [MainThread] [cli_server/cli_server.py:104]: Log pipe server started
2025-07-21 14:29:54,484 [DEBUG] [MainThread] [comtypes/__init__.py:149]: CoInitializeEx(None, 2)
2025-07-21 14:29:54,544 [DEBUG] [MainThread] [tzlocal/win32.py:55]: Looking up time zone info from registry
2025-07-21 14:29:54,838 [INFO] [MainThread] [root/watcher.py:55]: Created file watcher for path C:\Users\tamil\.config\yasb
2025-07-21 14:29:54,839 [INFO] [Dummy-5] [root/event_listener.py:53]: Created named pipe yasb-14672397-6669-11f0-b246-58cdc95b2622
2025-07-21 14:29:54,881 [DEBUG] [MainThread] [qasync._windows._EventPoller/_windows.py:213]: Starting (proactor: <_IocpProactor overlapped#=0 result#=0>)...
2025-07-21 14:29:54,883 [DEBUG] [Dummy-8] [qasync._windows._EventWorker/_windows.py:192]: Thread started
2025-07-21 14:29:54,953 [INFO] [Dummy-5] [root/event_listener.py:125]: Komorebi connected to named pipe: yasb-14672397-6669-11f0-b246-58cdc95b2622
2025-07-21 14:32:24,434 [ERROR] [MainThread] [root/config.py:110]: The config file 'C:\Users\tamil\.config\yasb\config.yaml' contains validation errors. Please fix:
cpu:
- unknown field

2025-07-21 14:32:29,645 [INFO] [MainThread] [root/controller.py:12]: Reloading Application because of config update...
2025-07-21 14:32:29,753 [INFO] [MainThread] [cli_server/cli_server.py:112]: Log pipe server stopped
2025-07-21 14:32:29,753 [DEBUG] [MainThread] [cli_server/cli_server.py:206]: CLI server stopped
2025-07-21 14:32:29,773 [DEBUG] [MainThread] [qasync._windows._EventPoller/_windows.py:218]: Stopping worker thread...
2025-07-21 14:32:29,786 [DEBUG] [Dummy-8] [qasync._windows._EventWorker/_windows.py:201]: Exiting thread
2025-07-21 14:32:29,787 [DEBUG] [MainThread] [qasync._windows._IocpProactor/_windows.py:75]: Closing
2025-07-21 14:32:30,076 [INFO] [MainThread] [root/log.py:59]: Yasb v1.7.4
2025-07-21 14:32:30,077 [INFO] [Thread-1 (_run_server)] [cli_server/cli_server.py:212]: CLI server started v1.1.1
2025-07-21 14:32:30,077 [INFO] [MainThread] [cli_server/cli_server.py:104]: Log pipe server started
2025-07-21 14:32:30,308 [DEBUG] [MainThread] [comtypes/__init__.py:149]: CoInitializeEx(None, 2)
2025-07-21 14:32:30,367 [DEBUG] [MainThread] [tzlocal/win32.py:55]: Looking up time zone info from registry
2025-07-21 14:32:30,659 [INFO] [MainThread] [root/watcher.py:55]: Created file watcher for path C:\Users\tamil\.config\yasb
2025-07-21 14:32:30,660 [INFO] [Dummy-5] [root/event_listener.py:53]: Created named pipe yasb-714752a6-6669-11f0-8069-58cdc95b2622
2025-07-21 14:32:30,697 [DEBUG] [MainThread] [qasync._windows._EventPoller/_windows.py:213]: Starting (proactor: <_IocpProactor overlapped#=0 result#=0>)...
2025-07-21 14:32:30,698 [DEBUG] [Dummy-8] [qasync._windows._EventWorker/_windows.py:192]: Thread started
2025-07-21 14:32:30,760 [INFO] [Dummy-5] [root/event_listener.py:125]: Komorebi connected to named pipe: yasb-714752a6-6669-11f0-8069-58cdc95b2622
2025-07-21 14:32:47,091 [ERROR] [MainThread] [root/config.py:119]: The file 'C:\Users\tamil\.config\yasb\config.yaml' contains Parser Error(s). Please fix:
while parsing a flow sequence
  in "C:\Users\tamil\.config\yasb\config.yaml", line 35, column 9
expected ',' or ']', but got '<scalar>'
  in "C:\Users\tamil\.config\yasb\config.yaml", line 38, column 11
2025-07-21 14:32:51,105 [INFO] [MainThread] [root/controller.py:12]: Reloading Application because of config update...
2025-07-21 14:32:51,216 [INFO] [MainThread] [cli_server/cli_server.py:112]: Log pipe server stopped
2025-07-21 14:32:51,216 [DEBUG] [MainThread] [cli_server/cli_server.py:206]: CLI server stopped
2025-07-21 14:32:51,237 [DEBUG] [MainThread] [qasync._windows._EventPoller/_windows.py:218]: Stopping worker thread...
2025-07-21 14:32:51,246 [DEBUG] [Dummy-8] [qasync._windows._EventWorker/_windows.py:201]: Exiting thread
2025-07-21 14:32:51,247 [DEBUG] [MainThread] [qasync._windows._IocpProactor/_windows.py:75]: Closing
2025-07-21 14:32:51,548 [INFO] [MainThread] [root/log.py:59]: Yasb v1.7.4
2025-07-21 14:32:51,549 [INFO] [Thread-1 (_run_server)] [cli_server/cli_server.py:212]: CLI server started v1.1.1
2025-07-21 14:32:51,550 [INFO] [MainThread] [cli_server/cli_server.py:104]: Log pipe server started
2025-07-21 14:32:51,784 [DEBUG] [MainThread] [comtypes/__init__.py:149]: CoInitializeEx(None, 2)
2025-07-21 14:32:51,854 [DEBUG] [MainThread] [tzlocal/win32.py:55]: Looking up time zone info from registry
2025-07-21 14:32:52,135 [ERROR] [MainThread] [root/widget_builder.py:88]: Failed to validate widget(s) due to invalid options  - cpu
      cpu_thresholds:
      - unknown field
      
2025-07-21 14:32:52,167 [INFO] [Dummy-3] [root/event_listener.py:53]: Created named pipe yasb-7e146641-6669-11f0-b9ed-58cdc95b2622
2025-07-21 14:32:52,280 [INFO] [Dummy-3] [root/event_listener.py:125]: Komorebi connected to named pipe: yasb-7e146641-6669-11f0-b9ed-58cdc95b2622
2025-07-21 14:32:55,215 [INFO] [MainThread] [root/watcher.py:55]: Created file watcher for path C:\Users\tamil\.config\yasb
2025-07-21 14:32:55,267 [DEBUG] [MainThread] [qasync._windows._EventPoller/_windows.py:213]: Starting (proactor: <_IocpProactor overlapped#=0 result#=0>)...
2025-07-21 14:32:55,269 [DEBUG] [Dummy-9] [qasync._windows._EventWorker/_windows.py:192]: Thread started
2025-07-21 14:33:07,054 [INFO] [MainThread] [root/controller.py:12]: Reloading Application because of config update...
2025-07-21 14:33:07,165 [INFO] [MainThread] [cli_server/cli_server.py:112]: Log pipe server stopped
2025-07-21 14:33:07,165 [DEBUG] [MainThread] [cli_server/cli_server.py:206]: CLI server stopped
2025-07-21 14:33:07,183 [DEBUG] [MainThread] [qasync._windows._EventPoller/_windows.py:218]: Stopping worker thread...
2025-07-21 14:33:07,196 [DEBUG] [Dummy-9] [qasync._windows._EventWorker/_windows.py:201]: Exiting thread
2025-07-21 14:33:07,197 [DEBUG] [MainThread] [qasync._windows._IocpProactor/_windows.py:75]: Closing
2025-07-21 14:33:07,479 [INFO] [MainThread] [root/log.py:59]: Yasb v1.7.4
2025-07-21 14:33:07,480 [INFO] [Thread-1 (_run_server)] [cli_server/cli_server.py:212]: CLI server started v1.1.1
2025-07-21 14:33:07,480 [INFO] [MainThread] [cli_server/cli_server.py:104]: Log pipe server started
2025-07-21 14:33:07,717 [DEBUG] [MainThread] [comtypes/__init__.py:149]: CoInitializeEx(None, 2)
2025-07-21 14:33:07,786 [DEBUG] [MainThread] [tzlocal/win32.py:55]: Looking up time zone info from registry
2025-07-21 14:33:08,072 [INFO] [MainThread] [root/watcher.py:55]: Created file watcher for path C:\Users\tamil\.config\yasb
2025-07-21 14:33:08,073 [INFO] [Dummy-5] [root/event_listener.py:53]: Created named pipe yasb-87944979-6669-11f0-9495-58cdc95b2622
2025-07-21 14:33:08,112 [DEBUG] [MainThread] [qasync._windows._EventPoller/_windows.py:213]: Starting (proactor: <_IocpProactor overlapped#=0 result#=0>)...
2025-07-21 14:33:08,114 [DEBUG] [Dummy-8] [qasync._windows._EventWorker/_windows.py:192]: Thread started
2025-07-21 14:33:08,172 [INFO] [Dummy-5] [root/event_listener.py:125]: Komorebi connected to named pipe: yasb-87944979-6669-11f0-9495-58cdc95b2622
2025-07-21 14:33:56,511 [INFO] [MainThread] [root/controller.py:12]: Reloading Application because of config update...
2025-07-21 14:33:56,616 [INFO] [MainThread] [cli_server/cli_server.py:112]: Log pipe server stopped
2025-07-21 14:33:56,616 [DEBUG] [MainThread] [cli_server/cli_server.py:206]: CLI server stopped
2025-07-21 14:33:56,636 [DEBUG] [MainThread] [qasync._windows._EventPoller/_windows.py:218]: Stopping worker thread...
2025-07-21 14:33:56,650 [DEBUG] [Dummy-8] [qasync._windows._EventWorker/_windows.py:201]: Exiting thread
2025-07-21 14:33:56,652 [DEBUG] [MainThread] [qasync._windows._IocpProactor/_windows.py:75]: Closing
2025-07-21 14:33:56,662 [ERROR] [Dummy-5] [root/event_service.py:30]: Failed to emit signal <bound PYQT_SIGNAL k_signal_update of WorkspaceWidget object at 0x0000026958981090>. Removing link to KomorebiEvent.KomorebiUpdate.
2025-07-21 14:33:56,939 [INFO] [MainThread] [root/log.py:59]: Yasb v1.7.4
2025-07-21 14:33:56,940 [INFO] [Thread-1 (_run_server)] [cli_server/cli_server.py:212]: CLI server started v1.1.1
2025-07-21 14:33:56,941 [INFO] [MainThread] [cli_server/cli_server.py:104]: Log pipe server started
2025-07-21 14:33:57,178 [DEBUG] [MainThread] [comtypes/__init__.py:149]: CoInitializeEx(None, 2)
2025-07-21 14:33:57,247 [DEBUG] [MainThread] [tzlocal/win32.py:55]: Looking up time zone info from registry
2025-07-21 14:33:57,538 [INFO] [MainThread] [root/watcher.py:55]: Created file watcher for path C:\Users\tamil\.config\yasb
2025-07-21 14:33:57,539 [INFO] [Dummy-5] [root/event_listener.py:53]: Created named pipe yasb-a50ff3c1-6669-11f0-8419-58cdc95b2622
2025-07-21 14:33:57,579 [DEBUG] [MainThread] [qasync._windows._EventPoller/_windows.py:213]: Starting (proactor: <_IocpProactor overlapped#=0 result#=0>)...
2025-07-21 14:33:57,580 [DEBUG] [Dummy-8] [qasync._windows._EventWorker/_windows.py:192]: Thread started
2025-07-21 14:33:57,642 [INFO] [Dummy-5] [root/event_listener.py:125]: Komorebi connected to named pipe: yasb-a50ff3c1-6669-11f0-8419-58cdc95b2622
2025-07-21 14:34:01,312 [INFO] [MainThread] [root/controller.py:12]: Reloading Application because of config update...
2025-07-21 14:34:01,417 [INFO] [MainThread] [cli_server/cli_server.py:112]: Log pipe server stopped
2025-07-21 14:34:01,417 [DEBUG] [MainThread] [cli_server/cli_server.py:206]: CLI server stopped
2025-07-21 14:34:01,436 [DEBUG] [MainThread] [qasync._windows._EventPoller/_windows.py:218]: Stopping worker thread...
2025-07-21 14:34:01,450 [DEBUG] [Dummy-8] [qasync._windows._EventWorker/_windows.py:201]: Exiting thread
2025-07-21 14:34:01,450 [DEBUG] [MainThread] [qasync._windows._IocpProactor/_windows.py:75]: Closing
2025-07-21 14:34:01,731 [INFO] [MainThread] [root/log.py:59]: Yasb v1.7.4
2025-07-21 14:34:01,732 [INFO] [Thread-1 (_run_server)] [cli_server/cli_server.py:212]: CLI server started v1.1.1
2025-07-21 14:34:01,732 [INFO] [MainThread] [cli_server/cli_server.py:104]: Log pipe server started
2025-07-21 14:34:01,975 [DEBUG] [MainThread] [comtypes/__init__.py:149]: CoInitializeEx(None, 2)
2025-07-21 14:34:02,042 [DEBUG] [MainThread] [tzlocal/win32.py:55]: Looking up time zone info from registry
2025-07-21 14:34:02,319 [INFO] [MainThread] [root/watcher.py:55]: Created file watcher for path C:\Users\tamil\.config\yasb
2025-07-21 14:34:02,320 [INFO] [Dummy-5] [root/event_listener.py:53]: Created named pipe yasb-a7e9aeb4-6669-11f0-8cea-58cdc95b2622
2025-07-21 14:34:02,356 [DEBUG] [MainThread] [qasync._windows._EventPoller/_windows.py:213]: Starting (proactor: <_IocpProactor overlapped#=0 result#=0>)...
2025-07-21 14:34:02,358 [DEBUG] [Dummy-8] [qasync._windows._EventWorker/_windows.py:192]: Thread started
2025-07-21 14:34:02,417 [INFO] [Dummy-5] [root/event_listener.py:125]: Komorebi connected to named pipe: yasb-a7e9aeb4-6669-11f0-8cea-58cdc95b2622
2025-07-21 14:34:05,795 [INFO] [MainThread] [root/controller.py:12]: Reloading Application because of config update...
2025-07-21 14:34:05,906 [INFO] [MainThread] [cli_server/cli_server.py:112]: Log pipe server stopped
2025-07-21 14:34:05,906 [DEBUG] [MainThread] [cli_server/cli_server.py:206]: CLI server stopped
2025-07-21 14:34:05,925 [DEBUG] [MainThread] [qasync._windows._EventPoller/_windows.py:218]: Stopping worker thread...
2025-07-21 14:34:05,936 [DEBUG] [Dummy-8] [qasync._windows._EventWorker/_windows.py:201]: Exiting thread
2025-07-21 14:34:05,936 [DEBUG] [MainThread] [qasync._windows._IocpProactor/_windows.py:75]: Closing
2025-07-21 14:34:06,217 [INFO] [MainThread] [root/log.py:59]: Yasb v1.7.4
2025-07-21 14:34:06,218 [INFO] [Thread-1 (_run_server)] [cli_server/cli_server.py:212]: CLI server started v1.1.1
2025-07-21 14:34:06,220 [INFO] [MainThread] [cli_server/cli_server.py:104]: Log pipe server started
2025-07-21 14:34:06,451 [DEBUG] [MainThread] [comtypes/__init__.py:149]: CoInitializeEx(None, 2)
2025-07-21 14:34:06,518 [DEBUG] [MainThread] [tzlocal/win32.py:55]: Looking up time zone info from registry
2025-07-21 14:34:06,801 [INFO] [MainThread] [root/watcher.py:55]: Created file watcher for path C:\Users\tamil\.config\yasb
2025-07-21 14:34:06,802 [INFO] [Dummy-5] [root/event_listener.py:53]: Created named pipe yasb-aa956673-6669-11f0-adc9-58cdc95b2622
2025-07-21 14:34:06,838 [DEBUG] [MainThread] [qasync._windows._EventPoller/_windows.py:213]: Starting (proactor: <_IocpProactor overlapped#=0 result#=0>)...
2025-07-21 14:34:06,840 [DEBUG] [Dummy-8] [qasync._windows._EventWorker/_windows.py:192]: Thread started
2025-07-21 14:34:06,898 [INFO] [Dummy-5] [root/event_listener.py:125]: Komorebi connected to named pipe: yasb-aa956673-6669-11f0-adc9-58cdc95b2622
2025-07-21 14:34:20,159 [INFO] [MainThread] [root/controller.py:12]: Reloading Application because of config update...
2025-07-21 14:34:20,270 [INFO] [MainThread] [cli_server/cli_server.py:112]: Log pipe server stopped
2025-07-21 14:34:20,271 [DEBUG] [MainThread] [cli_server/cli_server.py:206]: CLI server stopped
2025-07-21 14:34:20,290 [DEBUG] [MainThread] [qasync._windows._EventPoller/_windows.py:218]: Stopping worker thread...
2025-07-21 14:34:20,302 [DEBUG] [Dummy-8] [qasync._windows._EventWorker/_windows.py:201]: Exiting thread
2025-07-21 14:34:20,303 [DEBUG] [MainThread] [qasync._windows._IocpProactor/_windows.py:75]: Closing
2025-07-21 14:34:20,586 [INFO] [MainThread] [root/log.py:59]: Yasb v1.7.4
2025-07-21 14:34:20,587 [INFO] [Thread-1 (_run_server)] [cli_server/cli_server.py:212]: CLI server started v1.1.1
2025-07-21 14:34:20,589 [INFO] [MainThread] [cli_server/cli_server.py:104]: Log pipe server started
2025-07-21 14:34:20,825 [DEBUG] [MainThread] [comtypes/__init__.py:149]: CoInitializeEx(None, 2)
2025-07-21 14:34:20,893 [DEBUG] [MainThread] [tzlocal/win32.py:55]: Looking up time zone info from registry
2025-07-21 14:34:21,179 [ERROR] [MainThread] [root/widget_builder.py:88]: Failed to validate widget(s) due to invalid options  - cpu
      icons:
      - unknown field
      
2025-07-21 14:34:21,212 [INFO] [Dummy-3] [root/event_listener.py:53]: Created named pipe yasb-b3277224-6669-11f0-be51-58cdc95b2622
2025-07-21 14:34:21,347 [INFO] [Dummy-3] [root/event_listener.py:125]: Komorebi connected to named pipe: yasb-b3277224-6669-11f0-be51-58cdc95b2622
2025-07-21 14:34:23,295 [INFO] [MainThread] [root/watcher.py:55]: Created file watcher for path C:\Users\tamil\.config\yasb
2025-07-21 14:34:23,344 [DEBUG] [MainThread] [qasync._windows._EventPoller/_windows.py:213]: Starting (proactor: <_IocpProactor overlapped#=0 result#=0>)...
2025-07-21 14:34:23,346 [DEBUG] [Dummy-9] [qasync._windows._EventWorker/_windows.py:192]: Thread started
2025-07-21 14:34:35,047 [INFO] [MainThread] [root/controller.py:12]: Reloading Application because of config update...
2025-07-21 14:34:35,154 [INFO] [MainThread] [cli_server/cli_server.py:112]: Log pipe server stopped
2025-07-21 14:34:35,154 [DEBUG] [MainThread] [cli_server/cli_server.py:206]: CLI server stopped
2025-07-21 14:34:35,174 [DEBUG] [MainThread] [qasync._windows._EventPoller/_windows.py:218]: Stopping worker thread...
2025-07-21 14:34:35,188 [DEBUG] [Dummy-9] [qasync._windows._EventWorker/_windows.py:201]: Exiting thread
2025-07-21 14:34:35,190 [DEBUG] [MainThread] [qasync._windows._IocpProactor/_windows.py:75]: Closing
2025-07-21 14:34:35,465 [INFO] [MainThread] [root/log.py:59]: Yasb v1.7.4
2025-07-21 14:34:35,466 [INFO] [Thread-1 (_run_server)] [cli_server/cli_server.py:212]: CLI server started v1.1.1
2025-07-21 14:34:35,466 [INFO] [MainThread] [cli_server/cli_server.py:104]: Log pipe server started
2025-07-21 14:34:35,708 [DEBUG] [MainThread] [comtypes/__init__.py:149]: CoInitializeEx(None, 2)
2025-07-21 14:34:35,776 [DEBUG] [MainThread] [tzlocal/win32.py:55]: Looking up time zone info from registry
2025-07-21 14:34:36,068 [INFO] [MainThread] [root/watcher.py:55]: Created file watcher for path C:\Users\tamil\.config\yasb
2025-07-21 14:34:36,069 [INFO] [Dummy-5] [root/event_listener.py:53]: Created named pipe yasb-bc076731-6669-11f0-953f-58cdc95b2622
2025-07-21 14:34:36,108 [DEBUG] [MainThread] [qasync._windows._EventPoller/_windows.py:213]: Starting (proactor: <_IocpProactor overlapped#=0 result#=0>)...
2025-07-21 14:34:36,110 [DEBUG] [Dummy-8] [qasync._windows._EventWorker/_windows.py:192]: Thread started
2025-07-21 14:34:36,175 [INFO] [Dummy-5] [root/event_listener.py:125]: Komorebi connected to named pipe: yasb-bc076731-6669-11f0-953f-58cdc95b2622
2025-07-21 14:35:56,777 [ERROR] [MainThread] [root/config.py:110]: The config file 'C:\Users\tamil\.config\yasb\config.yaml' contains validation errors. Please fix:
battery:
- unknown field

2025-07-21 14:36:07,176 [INFO] [MainThread] [root/controller.py:12]: Reloading Application because of config update...
2025-07-21 14:36:07,291 [INFO] [MainThread] [cli_server/cli_server.py:112]: Log pipe server stopped
2025-07-21 14:36:07,291 [DEBUG] [MainThread] [cli_server/cli_server.py:206]: CLI server stopped
2025-07-21 14:36:07,309 [DEBUG] [MainThread] [qasync._windows._EventPoller/_windows.py:218]: Stopping worker thread...
2025-07-21 14:36:07,323 [DEBUG] [Dummy-8] [qasync._windows._EventWorker/_windows.py:201]: Exiting thread
2025-07-21 14:36:07,324 [DEBUG] [MainThread] [qasync._windows._IocpProactor/_windows.py:75]: Closing
2025-07-21 14:36:07,606 [INFO] [MainThread] [root/log.py:59]: Yasb v1.7.4
2025-07-21 14:36:07,606 [INFO] [Thread-1 (_run_server)] [cli_server/cli_server.py:212]: CLI server started v1.1.1
2025-07-21 14:36:07,608 [INFO] [MainThread] [cli_server/cli_server.py:104]: Log pipe server started
2025-07-21 14:36:07,853 [DEBUG] [MainThread] [comtypes/__init__.py:149]: CoInitializeEx(None, 2)
2025-07-21 14:36:07,920 [DEBUG] [MainThread] [tzlocal/win32.py:55]: Looking up time zone info from registry
2025-07-21 14:36:08,208 [INFO] [MainThread] [root/watcher.py:55]: Created file watcher for path C:\Users\tamil\.config\yasb
2025-07-21 14:36:08,208 [INFO] [Dummy-5] [root/event_listener.py:53]: Created named pipe yasb-f2f29e0f-6669-11f0-97ff-58cdc95b2622
2025-07-21 14:36:08,248 [DEBUG] [MainThread] [qasync._windows._EventPoller/_windows.py:213]: Starting (proactor: <_IocpProactor overlapped#=0 result#=0>)...
2025-07-21 14:36:08,249 [DEBUG] [Dummy-8] [qasync._windows._EventWorker/_windows.py:192]: Thread started
2025-07-21 14:36:08,306 [INFO] [Dummy-5] [root/event_listener.py:125]: Komorebi connected to named pipe: yasb-f2f29e0f-6669-11f0-97ff-58cdc95b2622
2025-07-21 14:36:22,569 [ERROR] [MainThread] [root/config.py:119]: The file 'C:\Users\tamil\.config\yasb\config.yaml' contains Parser Error(s). Please fix:
while parsing a flow sequence
  in "C:\Users\tamil\.config\yasb\config.yaml", line 44, column 9
expected ',' or ']', but got '<scalar>'
  in "C:\Users\tamil\.config\yasb\config.yaml", line 46, column 11
2025-07-21 14:36:23,615 [ERROR] [MainThread] [root/config.py:119]: The file 'C:\Users\tamil\.config\yasb\config.yaml' contains Parser Error(s). Please fix:
while parsing a flow sequence
  in "C:\Users\tamil\.config\yasb\config.yaml", line 44, column 9
expected ',' or ']', but got '<scalar>'
  in "C:\Users\tamil\.config\yasb\config.yaml", line 46, column 11
2025-07-21 14:36:26,036 [INFO] [MainThread] [root/controller.py:12]: Reloading Application because of config update...
2025-07-21 14:36:26,142 [INFO] [MainThread] [cli_server/cli_server.py:112]: Log pipe server stopped
2025-07-21 14:36:26,142 [DEBUG] [MainThread] [cli_server/cli_server.py:206]: CLI server stopped
2025-07-21 14:36:26,161 [DEBUG] [MainThread] [qasync._windows._EventPoller/_windows.py:218]: Stopping worker thread...
2025-07-21 14:36:26,174 [DEBUG] [Dummy-8] [qasync._windows._EventWorker/_windows.py:201]: Exiting thread
2025-07-21 14:36:26,175 [DEBUG] [MainThread] [qasync._windows._IocpProactor/_windows.py:75]: Closing
2025-07-21 14:36:26,451 [INFO] [MainThread] [root/log.py:59]: Yasb v1.7.4
2025-07-21 14:36:26,452 [INFO] [Thread-1 (_run_server)] [cli_server/cli_server.py:212]: CLI server started v1.1.1
2025-07-21 14:36:26,452 [INFO] [MainThread] [cli_server/cli_server.py:104]: Log pipe server started
2025-07-21 14:36:26,694 [DEBUG] [MainThread] [comtypes/__init__.py:149]: CoInitializeEx(None, 2)
2025-07-21 14:36:26,763 [DEBUG] [MainThread] [tzlocal/win32.py:55]: Looking up time zone info from registry
2025-07-21 14:36:27,035 [ERROR] [MainThread] [root/widget_builder.py:88]: Failed to validate widget(s) due to invalid options  - battery
      charging_options:
      - blink_interval:
        - unknown field
      hide_unsupported':
      - unknown field
      
2025-07-21 14:36:27,037 [INFO] [Dummy-3] [root/event_listener.py:53]: Created named pipe yasb-fe2bad94-6669-11f0-a3b5-58cdc95b2622
2025-07-21 14:36:27,194 [INFO] [Dummy-3] [root/event_listener.py:125]: Komorebi connected to named pipe: yasb-fe2bad94-6669-11f0-a3b5-58cdc95b2622
2025-07-21 14:36:35,442 [INFO] [MainThread] [root/watcher.py:55]: Created file watcher for path C:\Users\tamil\.config\yasb
2025-07-21 14:36:35,490 [DEBUG] [MainThread] [qasync._windows._EventPoller/_windows.py:213]: Starting (proactor: <_IocpProactor overlapped#=0 result#=0>)...
2025-07-21 14:36:35,492 [DEBUG] [Dummy-9] [qasync._windows._EventWorker/_windows.py:192]: Thread started
2025-07-21 14:36:49,423 [INFO] [MainThread] [root/controller.py:12]: Reloading Application because of config update...
2025-07-21 14:36:49,528 [INFO] [MainThread] [cli_server/cli_server.py:112]: Log pipe server stopped
2025-07-21 14:36:49,528 [DEBUG] [MainThread] [cli_server/cli_server.py:206]: CLI server stopped
2025-07-21 14:36:49,548 [DEBUG] [MainThread] [qasync._windows._EventPoller/_windows.py:218]: Stopping worker thread...
2025-07-21 14:36:49,562 [DEBUG] [Dummy-9] [qasync._windows._EventWorker/_windows.py:201]: Exiting thread
2025-07-21 14:36:49,563 [DEBUG] [MainThread] [qasync._windows._IocpProactor/_windows.py:75]: Closing
2025-07-21 14:36:49,834 [INFO] [MainThread] [root/log.py:59]: Yasb v1.7.4
2025-07-21 14:36:49,834 [INFO] [Thread-1 (_run_server)] [cli_server/cli_server.py:212]: CLI server started v1.1.1
2025-07-21 14:36:49,834 [INFO] [MainThread] [cli_server/cli_server.py:104]: Log pipe server started
2025-07-21 14:36:50,086 [DEBUG] [MainThread] [comtypes/__init__.py:149]: CoInitializeEx(None, 2)
2025-07-21 14:36:50,154 [DEBUG] [MainThread] [tzlocal/win32.py:55]: Looking up time zone info from registry
2025-07-21 14:36:50,425 [ERROR] [MainThread] [root/widget_builder.py:88]: Failed to validate widget(s) due to invalid options  - battery
      charging_options:
      - blink_interval:
        - unknown field
      
2025-07-21 14:36:50,426 [INFO] [Dummy-3] [root/event_listener.py:53]: Created named pipe yasb-0c1c907e-666a-11f0-bb62-58cdc95b2622
2025-07-21 14:36:50,588 [INFO] [Dummy-3] [root/event_listener.py:125]: Komorebi connected to named pipe: yasb-0c1c907e-666a-11f0-bb62-58cdc95b2622
2025-07-21 14:36:54,685 [INFO] [MainThread] [root/watcher.py:55]: Created file watcher for path C:\Users\tamil\.config\yasb
2025-07-21 14:36:54,740 [DEBUG] [MainThread] [qasync._windows._EventPoller/_windows.py:213]: Starting (proactor: <_IocpProactor overlapped#=0 result#=0>)...
2025-07-21 14:36:54,742 [DEBUG] [Dummy-9] [qasync._windows._EventWorker/_windows.py:192]: Thread started
2025-07-21 14:37:00,275 [INFO] [MainThread] [root/controller.py:12]: Reloading Application because of config update...
2025-07-21 14:37:00,381 [INFO] [MainThread] [cli_server/cli_server.py:112]: Log pipe server stopped
2025-07-21 14:37:00,381 [DEBUG] [MainThread] [cli_server/cli_server.py:206]: CLI server stopped
2025-07-21 14:37:00,402 [DEBUG] [MainThread] [qasync._windows._EventPoller/_windows.py:218]: Stopping worker thread...
2025-07-21 14:37:00,413 [DEBUG] [Dummy-9] [qasync._windows._EventWorker/_windows.py:201]: Exiting thread
2025-07-21 14:37:00,414 [DEBUG] [MainThread] [qasync._windows._IocpProactor/_windows.py:75]: Closing
2025-07-21 14:37:00,696 [INFO] [MainThread] [root/log.py:59]: Yasb v1.7.4
2025-07-21 14:37:00,697 [INFO] [Thread-1 (_run_server)] [cli_server/cli_server.py:212]: CLI server started v1.1.1
2025-07-21 14:37:00,697 [INFO] [MainThread] [cli_server/cli_server.py:104]: Log pipe server started
2025-07-21 14:37:00,947 [DEBUG] [MainThread] [comtypes/__init__.py:149]: CoInitializeEx(None, 2)
2025-07-21 14:37:01,020 [DEBUG] [MainThread] [tzlocal/win32.py:55]: Looking up time zone info from registry
2025-07-21 14:37:01,308 [INFO] [MainThread] [root/watcher.py:55]: Created file watcher for path C:\Users\tamil\.config\yasb
2025-07-21 14:37:01,308 [INFO] [Dummy-5] [root/event_listener.py:53]: Created named pipe yasb-1299274e-666a-11f0-9b0a-58cdc95b2622
2025-07-21 14:37:01,348 [DEBUG] [MainThread] [qasync._windows._EventPoller/_windows.py:213]: Starting (proactor: <_IocpProactor overlapped#=0 result#=0>)...
2025-07-21 14:37:01,350 [DEBUG] [Dummy-8] [qasync._windows._EventWorker/_windows.py:192]: Thread started
2025-07-21 14:37:01,405 [INFO] [Dummy-5] [root/event_listener.py:125]: Komorebi connected to named pipe: yasb-1299274e-666a-11f0-9b0a-58cdc95b2622
2025-07-21 14:40:16,444 [INFO] [MainThread] [root/controller.py:12]: Reloading Application from tray...
2025-07-21 14:40:16,551 [INFO] [MainThread] [cli_server/cli_server.py:112]: Log pipe server stopped
2025-07-21 14:40:16,551 [DEBUG] [MainThread] [cli_server/cli_server.py:206]: CLI server stopped
2025-07-21 14:40:16,574 [DEBUG] [MainThread] [qasync._windows._EventPoller/_windows.py:218]: Stopping worker thread...
2025-07-21 14:40:16,597 [DEBUG] [Dummy-8] [qasync._windows._EventWorker/_windows.py:201]: Exiting thread
2025-07-21 14:40:16,598 [DEBUG] [MainThread] [qasync._windows._IocpProactor/_windows.py:75]: Closing
2025-07-21 14:40:16,874 [INFO] [MainThread] [root/log.py:59]: Yasb v1.7.4
2025-07-21 14:40:16,875 [INFO] [Thread-1 (_run_server)] [cli_server/cli_server.py:212]: CLI server started v1.1.1
2025-07-21 14:40:16,875 [INFO] [MainThread] [cli_server/cli_server.py:104]: Log pipe server started
2025-07-21 14:40:17,127 [DEBUG] [MainThread] [comtypes/__init__.py:149]: CoInitializeEx(None, 2)
2025-07-21 14:40:17,197 [DEBUG] [MainThread] [tzlocal/win32.py:55]: Looking up time zone info from registry
2025-07-21 14:40:17,485 [INFO] [MainThread] [root/watcher.py:55]: Created file watcher for path C:\Users\tamil\.config\yasb
2025-07-21 14:40:17,486 [INFO] [Dummy-5] [root/event_listener.py:53]: Created named pipe yasb-8787740b-666a-11f0-bf2f-58cdc95b2622
2025-07-21 14:40:17,523 [DEBUG] [MainThread] [qasync._windows._EventPoller/_windows.py:213]: Starting (proactor: <_IocpProactor overlapped#=0 result#=0>)...
2025-07-21 14:40:17,525 [DEBUG] [Dummy-8] [qasync._windows._EventWorker/_windows.py:192]: Thread started
2025-07-21 14:40:17,597 [INFO] [Dummy-5] [root/event_listener.py:125]: Komorebi connected to named pipe: yasb-8787740b-666a-11f0-bf2f-58cdc95b2622
2025-07-21 14:40:54,374 [INFO] [MainThread] [root/controller.py:12]: Reloading Application because of config update...
2025-07-21 14:40:54,485 [INFO] [MainThread] [cli_server/cli_server.py:112]: Log pipe server stopped
2025-07-21 14:40:54,485 [DEBUG] [MainThread] [cli_server/cli_server.py:206]: CLI server stopped
2025-07-21 14:40:54,505 [DEBUG] [MainThread] [qasync._windows._EventPoller/_windows.py:218]: Stopping worker thread...
2025-07-21 14:40:54,519 [DEBUG] [Dummy-8] [qasync._windows._EventWorker/_windows.py:201]: Exiting thread
2025-07-21 14:40:54,520 [DEBUG] [MainThread] [qasync._windows._IocpProactor/_windows.py:75]: Closing
2025-07-21 14:40:54,801 [INFO] [MainThread] [root/log.py:59]: Yasb v1.7.4
2025-07-21 14:40:54,802 [INFO] [Thread-1 (_run_server)] [cli_server/cli_server.py:212]: CLI server started v1.1.1
2025-07-21 14:40:54,802 [INFO] [MainThread] [cli_server/cli_server.py:104]: Log pipe server started
2025-07-21 14:40:55,051 [DEBUG] [MainThread] [comtypes/__init__.py:149]: CoInitializeEx(None, 2)
2025-07-21 14:40:55,123 [DEBUG] [MainThread] [tzlocal/win32.py:55]: Looking up time zone info from registry
2025-07-21 14:40:55,421 [INFO] [MainThread] [root/watcher.py:55]: Created file watcher for path C:\Users\tamil\.config\yasb
2025-07-21 14:40:55,422 [INFO] [Dummy-5] [root/event_listener.py:53]: Created named pipe yasb-9e23f214-666a-11f0-a72f-58cdc95b2622
2025-07-21 14:40:55,460 [DEBUG] [MainThread] [qasync._windows._EventPoller/_windows.py:213]: Starting (proactor: <_IocpProactor overlapped#=0 result#=0>)...
2025-07-21 14:40:55,461 [DEBUG] [Dummy-8] [qasync._windows._EventWorker/_windows.py:192]: Thread started
2025-07-21 14:40:55,518 [INFO] [Dummy-5] [root/event_listener.py:125]: Komorebi connected to named pipe: yasb-9e23f214-666a-11f0-a72f-58cdc95b2622
2025-07-21 14:42:43,847 [INFO] [MainThread] [root/controller.py:12]: Reloading Application because of config update...
2025-07-21 14:42:43,948 [INFO] [MainThread] [cli_server/cli_server.py:112]: Log pipe server stopped
2025-07-21 14:42:43,948 [DEBUG] [MainThread] [cli_server/cli_server.py:206]: CLI server stopped
2025-07-21 14:42:43,968 [DEBUG] [MainThread] [qasync._windows._EventPoller/_windows.py:218]: Stopping worker thread...
2025-07-21 14:42:43,979 [DEBUG] [Dummy-8] [qasync._windows._EventWorker/_windows.py:201]: Exiting thread
2025-07-21 14:42:43,980 [DEBUG] [MainThread] [qasync._windows._IocpProactor/_windows.py:75]: Closing
2025-07-21 14:42:44,265 [INFO] [MainThread] [root/log.py:59]: Yasb v1.7.4
2025-07-21 14:42:44,266 [INFO] [Thread-1 (_run_server)] [cli_server/cli_server.py:212]: CLI server started v1.1.1
2025-07-21 14:42:44,267 [INFO] [MainThread] [cli_server/cli_server.py:104]: Log pipe server started
2025-07-21 14:42:44,524 [DEBUG] [MainThread] [comtypes/__init__.py:149]: CoInitializeEx(None, 2)
2025-07-21 14:42:44,594 [DEBUG] [MainThread] [tzlocal/win32.py:55]: Looking up time zone info from registry
2025-07-21 14:42:44,897 [INFO] [MainThread] [root/watcher.py:55]: Created file watcher for path C:\Users\tamil\.config\yasb
2025-07-21 14:42:44,898 [INFO] [Dummy-5] [root/event_listener.py:53]: Created named pipe yasb-df64c13e-666a-11f0-b3a5-58cdc95b2622
2025-07-21 14:42:44,938 [DEBUG] [MainThread] [qasync._windows._EventPoller/_windows.py:213]: Starting (proactor: <_IocpProactor overlapped#=0 result#=0>)...
2025-07-21 14:42:44,940 [DEBUG] [Dummy-8] [qasync._windows._EventWorker/_windows.py:192]: Thread started
2025-07-21 14:42:45,015 [INFO] [Dummy-5] [root/event_listener.py:125]: Komorebi connected to named pipe: yasb-df64c13e-666a-11f0-b3a5-58cdc95b2622
2025-07-21 14:42:45,893 [INFO] [MainThread] [root/controller.py:12]: Reloading Application because of config update...
2025-07-21 14:42:45,997 [INFO] [MainThread] [cli_server/cli_server.py:112]: Log pipe server stopped
2025-07-21 14:42:45,997 [DEBUG] [MainThread] [cli_server/cli_server.py:206]: CLI server stopped
2025-07-21 14:42:46,016 [DEBUG] [MainThread] [qasync._windows._EventPoller/_windows.py:218]: Stopping worker thread...
2025-07-21 14:42:46,028 [DEBUG] [Dummy-8] [qasync._windows._EventWorker/_windows.py:201]: Exiting thread
2025-07-21 14:42:46,029 [DEBUG] [MainThread] [qasync._windows._IocpProactor/_windows.py:75]: Closing
2025-07-21 14:42:46,322 [INFO] [MainThread] [root/log.py:59]: Yasb v1.7.4
2025-07-21 14:42:46,323 [INFO] [Thread-1 (_run_server)] [cli_server/cli_server.py:212]: CLI server started v1.1.1
2025-07-21 14:42:46,323 [INFO] [MainThread] [cli_server/cli_server.py:104]: Log pipe server started
2025-07-21 14:42:46,573 [DEBUG] [MainThread] [comtypes/__init__.py:149]: CoInitializeEx(None, 2)
2025-07-21 14:42:46,642 [DEBUG] [MainThread] [tzlocal/win32.py:55]: Looking up time zone info from registry
2025-07-21 14:42:46,943 [INFO] [MainThread] [root/watcher.py:55]: Created file watcher for path C:\Users\tamil\.config\yasb
2025-07-21 14:42:46,944 [INFO] [Dummy-5] [root/event_listener.py:53]: Created named pipe yasb-e09cc491-666a-11f0-8df1-58cdc95b2622
2025-07-21 14:42:46,981 [DEBUG] [MainThread] [qasync._windows._EventPoller/_windows.py:213]: Starting (proactor: <_IocpProactor overlapped#=0 result#=0>)...
2025-07-21 14:42:46,982 [DEBUG] [Dummy-8] [qasync._windows._EventWorker/_windows.py:192]: Thread started
2025-07-21 14:42:47,046 [INFO] [Dummy-5] [root/event_listener.py:125]: Komorebi connected to named pipe: yasb-e09cc491-666a-11f0-8df1-58cdc95b2622
2025-07-21 14:42:51,134 [INFO] [MainThread] [root/controller.py:12]: Reloading Application because of config update...
2025-07-21 14:42:51,244 [INFO] [MainThread] [cli_server/cli_server.py:112]: Log pipe server stopped
2025-07-21 14:42:51,244 [DEBUG] [MainThread] [cli_server/cli_server.py:206]: CLI server stopped
2025-07-21 14:42:51,261 [DEBUG] [MainThread] [qasync._windows._EventPoller/_windows.py:218]: Stopping worker thread...
2025-07-21 14:42:51,275 [DEBUG] [Dummy-8] [qasync._windows._EventWorker/_windows.py:201]: Exiting thread
2025-07-21 14:42:51,276 [DEBUG] [MainThread] [qasync._windows._IocpProactor/_windows.py:75]: Closing
2025-07-21 14:42:51,568 [INFO] [MainThread] [root/log.py:59]: Yasb v1.7.4
2025-07-21 14:42:51,569 [INFO] [Thread-1 (_run_server)] [cli_server/cli_server.py:212]: CLI server started v1.1.1
2025-07-21 14:42:51,569 [INFO] [MainThread] [cli_server/cli_server.py:104]: Log pipe server started
2025-07-21 14:42:51,824 [DEBUG] [MainThread] [comtypes/__init__.py:149]: CoInitializeEx(None, 2)
2025-07-21 14:42:51,892 [DEBUG] [MainThread] [tzlocal/win32.py:55]: Looking up time zone info from registry
2025-07-21 14:42:52,186 [INFO] [MainThread] [root/watcher.py:55]: Created file watcher for path C:\Users\tamil\.config\yasb
2025-07-21 14:42:52,186 [INFO] [Dummy-5] [root/event_listener.py:53]: Created named pipe yasb-e3bccb31-666a-11f0-a704-58cdc95b2622
2025-07-21 14:42:52,224 [DEBUG] [MainThread] [qasync._windows._EventPoller/_windows.py:213]: Starting (proactor: <_IocpProactor overlapped#=0 result#=0>)...
2025-07-21 14:42:52,225 [DEBUG] [Dummy-8] [qasync._windows._EventWorker/_windows.py:192]: Thread started
2025-07-21 14:42:52,286 [INFO] [Dummy-5] [root/event_listener.py:125]: Komorebi connected to named pipe: yasb-e3bccb31-666a-11f0-a704-58cdc95b2622
2025-07-21 14:42:54,984 [INFO] [MainThread] [root/controller.py:12]: Reloading Application because of config update...
2025-07-21 14:42:55,092 [INFO] [MainThread] [cli_server/cli_server.py:112]: Log pipe server stopped
2025-07-21 14:42:55,093 [DEBUG] [MainThread] [cli_server/cli_server.py:206]: CLI server stopped
2025-07-21 14:42:55,110 [DEBUG] [MainThread] [qasync._windows._EventPoller/_windows.py:218]: Stopping worker thread...
2025-07-21 14:42:55,123 [DEBUG] [Dummy-8] [qasync._windows._EventWorker/_windows.py:201]: Exiting thread
2025-07-21 14:42:55,123 [DEBUG] [MainThread] [qasync._windows._IocpProactor/_windows.py:75]: Closing
2025-07-21 14:42:55,413 [INFO] [MainThread] [root/log.py:59]: Yasb v1.7.4
2025-07-21 14:42:55,414 [INFO] [Thread-1 (_run_server)] [cli_server/cli_server.py:212]: CLI server started v1.1.1
2025-07-21 14:42:55,416 [INFO] [MainThread] [cli_server/cli_server.py:104]: Log pipe server started
2025-07-21 14:42:55,669 [DEBUG] [MainThread] [comtypes/__init__.py:149]: CoInitializeEx(None, 2)
2025-07-21 14:42:55,738 [DEBUG] [MainThread] [tzlocal/win32.py:55]: Looking up time zone info from registry
2025-07-21 14:42:56,037 [INFO] [MainThread] [root/watcher.py:55]: Created file watcher for path C:\Users\tamil\.config\yasb
2025-07-21 14:42:56,037 [INFO] [Dummy-5] [root/event_listener.py:53]: Created named pipe yasb-e6087299-666a-11f0-9d13-58cdc95b2622
2025-07-21 14:42:56,078 [DEBUG] [MainThread] [qasync._windows._EventPoller/_windows.py:213]: Starting (proactor: <_IocpProactor overlapped#=0 result#=0>)...
2025-07-21 14:42:56,080 [DEBUG] [Dummy-8] [qasync._windows._EventWorker/_windows.py:192]: Thread started
2025-07-21 14:42:56,155 [INFO] [Dummy-5] [root/event_listener.py:125]: Komorebi connected to named pipe: yasb-e6087299-666a-11f0-9d13-58cdc95b2622
2025-07-21 14:42:56,671 [ERROR] [Dummy-5] [root/client.py:44]: Komorebi state query timed out in 0.5 seconds
2025-07-21 14:42:56,671 [ERROR] [Dummy-5] [root/event_listener.py:129]: Failed to retrieve komorebi state before starting event listener: None returned. Retrying in 1 second... Is komorebi online and its binaries added to $PATH?
2025-07-21 14:42:57,925 [INFO] [MainThread] [root/controller.py:12]: Reloading Application because of config update...
2025-07-21 14:42:58,034 [INFO] [MainThread] [cli_server/cli_server.py:112]: Log pipe server stopped
2025-07-21 14:42:58,034 [DEBUG] [MainThread] [cli_server/cli_server.py:206]: CLI server stopped
2025-07-21 14:42:58,053 [DEBUG] [MainThread] [qasync._windows._EventPoller/_windows.py:218]: Stopping worker thread...
2025-07-21 14:42:58,064 [DEBUG] [Dummy-8] [qasync._windows._EventWorker/_windows.py:201]: Exiting thread
2025-07-21 14:42:58,065 [DEBUG] [MainThread] [qasync._windows._IocpProactor/_windows.py:75]: Closing
2025-07-21 14:42:58,348 [INFO] [MainThread] [root/log.py:59]: Yasb v1.7.4
2025-07-21 14:42:58,349 [INFO] [Thread-1 (_run_server)] [cli_server/cli_server.py:212]: CLI server started v1.1.1
2025-07-21 14:42:58,350 [INFO] [MainThread] [cli_server/cli_server.py:104]: Log pipe server started
2025-07-21 14:42:58,594 [DEBUG] [MainThread] [comtypes/__init__.py:149]: CoInitializeEx(None, 2)
2025-07-21 14:42:58,663 [DEBUG] [MainThread] [tzlocal/win32.py:55]: Looking up time zone info from registry
2025-07-21 14:42:58,935 [INFO] [MainThread] [root/watcher.py:55]: Created file watcher for path C:\Users\tamil\.config\yasb
2025-07-21 14:42:58,936 [INFO] [Dummy-5] [root/event_listener.py:53]: Created named pipe yasb-e7c2a75d-666a-11f0-a0ba-58cdc95b2622
2025-07-21 14:42:58,974 [DEBUG] [MainThread] [qasync._windows._EventPoller/_windows.py:213]: Starting (proactor: <_IocpProactor overlapped#=0 result#=0>)...
2025-07-21 14:42:58,975 [DEBUG] [Dummy-8] [qasync._windows._EventWorker/_windows.py:192]: Thread started
2025-07-21 14:42:59,045 [INFO] [Dummy-5] [root/event_listener.py:125]: Komorebi connected to named pipe: yasb-e7c2a75d-666a-11f0-a0ba-58cdc95b2622
2025-07-21 14:45:20,827 [INFO] [MainThread] [root/controller.py:12]: Reloading Application because of config update...
2025-07-21 14:45:20,939 [INFO] [MainThread] [cli_server/cli_server.py:112]: Log pipe server stopped
2025-07-21 14:45:20,939 [DEBUG] [MainThread] [cli_server/cli_server.py:206]: CLI server stopped
2025-07-21 14:45:20,958 [DEBUG] [MainThread] [qasync._windows._EventPoller/_windows.py:218]: Stopping worker thread...
2025-07-21 14:45:20,970 [DEBUG] [Dummy-8] [qasync._windows._EventWorker/_windows.py:201]: Exiting thread
2025-07-21 14:45:20,972 [DEBUG] [MainThread] [qasync._windows._IocpProactor/_windows.py:75]: Closing
2025-07-21 14:45:21,255 [INFO] [MainThread] [root/log.py:59]: Yasb v1.7.4
2025-07-21 14:45:21,256 [INFO] [Thread-1 (_run_server)] [cli_server/cli_server.py:212]: CLI server started v1.1.1
2025-07-21 14:45:21,256 [INFO] [MainThread] [cli_server/cli_server.py:104]: Log pipe server started
2025-07-21 14:45:21,506 [DEBUG] [MainThread] [comtypes/__init__.py:149]: CoInitializeEx(None, 2)
2025-07-21 14:45:21,576 [DEBUG] [MainThread] [tzlocal/win32.py:55]: Looking up time zone info from registry
2025-07-21 14:45:21,870 [INFO] [MainThread] [root/watcher.py:55]: Created file watcher for path C:\Users\tamil\.config\yasb
2025-07-21 14:45:21,871 [INFO] [Dummy-5] [root/event_listener.py:53]: Created named pipe yasb-3cf4e91d-666b-11f0-8271-58cdc95b2622
2025-07-21 14:45:21,910 [DEBUG] [MainThread] [qasync._windows._EventPoller/_windows.py:213]: Starting (proactor: <_IocpProactor overlapped#=0 result#=0>)...
2025-07-21 14:45:21,910 [DEBUG] [Dummy-8] [qasync._windows._EventWorker/_windows.py:192]: Thread started
2025-07-21 14:45:21,969 [INFO] [Dummy-5] [root/event_listener.py:125]: Komorebi connected to named pipe: yasb-3cf4e91d-666b-11f0-8271-58cdc95b2622
2025-07-21 14:45:35,788 [INFO] [MainThread] [root/controller.py:12]: Reloading Application because of config update...
2025-07-21 14:45:35,888 [INFO] [MainThread] [cli_server/cli_server.py:112]: Log pipe server stopped
2025-07-21 14:45:35,889 [DEBUG] [MainThread] [cli_server/cli_server.py:206]: CLI server stopped
2025-07-21 14:45:35,908 [DEBUG] [MainThread] [qasync._windows._EventPoller/_windows.py:218]: Stopping worker thread...
2025-07-21 14:45:35,930 [DEBUG] [Dummy-8] [qasync._windows._EventWorker/_windows.py:201]: Exiting thread
2025-07-21 14:45:35,931 [DEBUG] [MainThread] [qasync._windows._IocpProactor/_windows.py:75]: Closing
2025-07-21 14:45:36,209 [INFO] [MainThread] [root/log.py:59]: Yasb v1.7.4
2025-07-21 14:45:36,210 [INFO] [Thread-1 (_run_server)] [cli_server/cli_server.py:212]: CLI server started v1.1.1
2025-07-21 14:45:36,211 [INFO] [MainThread] [cli_server/cli_server.py:104]: Log pipe server started
2025-07-21 14:45:36,458 [DEBUG] [MainThread] [comtypes/__init__.py:149]: CoInitializeEx(None, 2)
2025-07-21 14:45:36,529 [DEBUG] [MainThread] [tzlocal/win32.py:55]: Looking up time zone info from registry
2025-07-21 14:45:36,822 [INFO] [MainThread] [root/watcher.py:55]: Created file watcher for path C:\Users\tamil\.config\yasb
2025-07-21 14:45:36,822 [INFO] [Dummy-5] [root/event_listener.py:53]: Created named pipe yasb-45de3c51-666b-11f0-b7dc-58cdc95b2622
2025-07-21 14:45:36,859 [DEBUG] [MainThread] [qasync._windows._EventPoller/_windows.py:213]: Starting (proactor: <_IocpProactor overlapped#=0 result#=0>)...
2025-07-21 14:45:36,861 [DEBUG] [Dummy-8] [qasync._windows._EventWorker/_windows.py:192]: Thread started
2025-07-21 14:45:36,930 [INFO] [Dummy-5] [root/event_listener.py:125]: Komorebi connected to named pipe: yasb-45de3c51-666b-11f0-b7dc-58cdc95b2622
2025-07-21 14:45:43,295 [INFO] [MainThread] [root/controller.py:12]: Reloading Application because of config update...
2025-07-21 14:45:43,400 [INFO] [MainThread] [cli_server/cli_server.py:112]: Log pipe server stopped
2025-07-21 14:45:43,401 [DEBUG] [MainThread] [cli_server/cli_server.py:206]: CLI server stopped
2025-07-21 14:45:43,422 [DEBUG] [MainThread] [qasync._windows._EventPoller/_windows.py:218]: Stopping worker thread...
2025-07-21 14:45:43,434 [DEBUG] [Dummy-8] [qasync._windows._EventWorker/_windows.py:201]: Exiting thread
2025-07-21 14:45:43,436 [DEBUG] [MainThread] [qasync._windows._IocpProactor/_windows.py:75]: Closing
2025-07-21 14:45:43,712 [INFO] [MainThread] [root/log.py:59]: Yasb v1.7.4
2025-07-21 14:45:43,713 [INFO] [Thread-1 (_run_server)] [cli_server/cli_server.py:212]: CLI server started v1.1.1
2025-07-21 14:45:43,714 [INFO] [MainThread] [cli_server/cli_server.py:104]: Log pipe server started
2025-07-21 14:45:43,963 [DEBUG] [MainThread] [comtypes/__init__.py:149]: CoInitializeEx(None, 2)
2025-07-21 14:45:44,031 [DEBUG] [MainThread] [tzlocal/win32.py:55]: Looking up time zone info from registry
2025-07-21 14:45:44,314 [INFO] [MainThread] [root/watcher.py:55]: Created file watcher for path C:\Users\tamil\.config\yasb
2025-07-21 14:45:44,314 [INFO] [Dummy-5] [root/event_listener.py:53]: Created named pipe yasb-4a5586f4-666b-11f0-94a8-58cdc95b2622
2025-07-21 14:45:44,354 [DEBUG] [MainThread] [qasync._windows._EventPoller/_windows.py:213]: Starting (proactor: <_IocpProactor overlapped#=0 result#=0>)...
2025-07-21 14:45:44,356 [DEBUG] [Dummy-8] [qasync._windows._EventWorker/_windows.py:192]: Thread started
2025-07-21 14:45:44,411 [INFO] [Dummy-5] [root/event_listener.py:125]: Komorebi connected to named pipe: yasb-4a5586f4-666b-11f0-94a8-58cdc95b2622
2025-07-21 14:45:50,463 [INFO] [MainThread] [root/controller.py:12]: Reloading Application because of config update...
2025-07-21 14:45:50,577 [INFO] [MainThread] [cli_server/cli_server.py:112]: Log pipe server stopped
2025-07-21 14:45:50,577 [DEBUG] [MainThread] [cli_server/cli_server.py:206]: CLI server stopped
2025-07-21 14:45:50,596 [DEBUG] [MainThread] [qasync._windows._EventPoller/_windows.py:218]: Stopping worker thread...
2025-07-21 14:45:50,608 [DEBUG] [Dummy-8] [qasync._windows._EventWorker/_windows.py:201]: Exiting thread
2025-07-21 14:45:50,608 [DEBUG] [MainThread] [qasync._windows._IocpProactor/_windows.py:75]: Closing
2025-07-21 14:45:50,894 [INFO] [MainThread] [root/log.py:59]: Yasb v1.7.4
2025-07-21 14:45:50,895 [INFO] [Thread-1 (_run_server)] [cli_server/cli_server.py:212]: CLI server started v1.1.1
2025-07-21 14:45:50,896 [INFO] [MainThread] [cli_server/cli_server.py:104]: Log pipe server started
2025-07-21 14:45:51,146 [DEBUG] [MainThread] [comtypes/__init__.py:149]: CoInitializeEx(None, 2)
2025-07-21 14:45:51,218 [DEBUG] [MainThread] [tzlocal/win32.py:55]: Looking up time zone info from registry
2025-07-21 14:45:51,503 [INFO] [MainThread] [root/watcher.py:55]: Created file watcher for path C:\Users\tamil\.config\yasb
2025-07-21 14:45:51,504 [INFO] [Dummy-5] [root/event_listener.py:53]: Created named pipe yasb-4e9e91bf-666b-11f0-9a05-58cdc95b2622
2025-07-21 14:45:51,543 [DEBUG] [MainThread] [qasync._windows._EventPoller/_windows.py:213]: Starting (proactor: <_IocpProactor overlapped#=0 result#=0>)...
2025-07-21 14:45:51,544 [DEBUG] [Dummy-8] [qasync._windows._EventWorker/_windows.py:192]: Thread started
2025-07-21 14:45:51,603 [INFO] [Dummy-5] [root/event_listener.py:125]: Komorebi connected to named pipe: yasb-4e9e91bf-666b-11f0-9a05-58cdc95b2622
2025-07-21 14:49:09,400 [INFO] [MainThread] [root/controller.py:12]: Reloading Application because of config update...
2025-07-21 14:49:09,513 [INFO] [MainThread] [cli_server/cli_server.py:112]: Log pipe server stopped
2025-07-21 14:49:09,513 [DEBUG] [MainThread] [cli_server/cli_server.py:206]: CLI server stopped
2025-07-21 14:49:09,533 [DEBUG] [MainThread] [qasync._windows._EventPoller/_windows.py:218]: Stopping worker thread...
2025-07-21 14:49:09,543 [DEBUG] [Dummy-8] [qasync._windows._EventWorker/_windows.py:201]: Exiting thread
2025-07-21 14:49:09,544 [DEBUG] [MainThread] [qasync._windows._IocpProactor/_windows.py:75]: Closing
2025-07-21 14:49:09,854 [INFO] [MainThread] [root/log.py:59]: Yasb v1.7.4
2025-07-21 14:49:09,854 [INFO] [Thread-1 (_run_server)] [cli_server/cli_server.py:212]: CLI server started v1.1.1
2025-07-21 14:49:09,855 [INFO] [MainThread] [cli_server/cli_server.py:104]: Log pipe server started
2025-07-21 14:49:10,113 [DEBUG] [MainThread] [comtypes/__init__.py:149]: CoInitializeEx(None, 2)
2025-07-21 14:49:10,187 [DEBUG] [MainThread] [tzlocal/win32.py:55]: Looking up time zone info from registry
2025-07-21 14:49:10,514 [INFO] [MainThread] [root/watcher.py:55]: Created file watcher for path C:\Users\tamil\.config\yasb
2025-07-21 14:49:10,515 [INFO] [Dummy-5] [root/event_listener.py:53]: Created named pipe yasb-c53d484d-666b-11f0-9504-58cdc95b2622
2025-07-21 14:49:10,558 [DEBUG] [MainThread] [qasync._windows._EventPoller/_windows.py:213]: Starting (proactor: <_IocpProactor overlapped#=0 result#=0>)...
2025-07-21 14:49:10,560 [DEBUG] [Dummy-8] [qasync._windows._EventWorker/_windows.py:192]: Thread started
2025-07-21 14:49:10,641 [INFO] [Dummy-5] [root/event_listener.py:125]: Komorebi connected to named pipe: yasb-c53d484d-666b-11f0-9504-58cdc95b2622
2025-07-21 15:43:56,905 [INFO] [MainThread] [root/controller.py:12]: Reloading Application because of config update...
2025-07-21 15:43:57,008 [INFO] [MainThread] [cli_server/cli_server.py:112]: Log pipe server stopped
2025-07-21 15:43:57,008 [DEBUG] [MainThread] [cli_server/cli_server.py:206]: CLI server stopped
2025-07-21 15:43:57,032 [DEBUG] [MainThread] [qasync._windows._EventPoller/_windows.py:218]: Stopping worker thread...
2025-07-21 15:43:57,055 [DEBUG] [Dummy-8] [qasync._windows._EventWorker/_windows.py:201]: Exiting thread
2025-07-21 15:43:57,058 [DEBUG] [MainThread] [qasync._windows._IocpProactor/_windows.py:75]: Closing
2025-07-21 15:43:57,512 [INFO] [MainThread] [root/log.py:59]: Yasb v1.7.4
2025-07-21 15:43:57,513 [INFO] [Thread-1 (_run_server)] [cli_server/cli_server.py:212]: CLI server started v1.1.1
2025-07-21 15:43:57,514 [INFO] [MainThread] [cli_server/cli_server.py:104]: Log pipe server started
2025-07-21 15:43:57,874 [DEBUG] [MainThread] [comtypes/__init__.py:149]: CoInitializeEx(None, 2)
2025-07-21 15:43:57,980 [DEBUG] [MainThread] [tzlocal/win32.py:55]: Looking up time zone info from registry
2025-07-21 15:43:58,502 [INFO] [MainThread] [root/watcher.py:55]: Created file watcher for path C:\Users\tamil\.config\yasb
2025-07-21 15:43:58,503 [INFO] [Dummy-5] [root/event_listener.py:53]: Created named pipe yasb-6d0876da-6673-11f0-992b-58cdc95b2622
2025-07-21 15:43:58,564 [DEBUG] [MainThread] [qasync._windows._EventPoller/_windows.py:213]: Starting (proactor: <_IocpProactor overlapped#=0 result#=0>)...
2025-07-21 15:43:58,567 [DEBUG] [Dummy-8] [qasync._windows._EventWorker/_windows.py:192]: Thread started
2025-07-21 15:43:58,643 [INFO] [Dummy-5] [root/event_listener.py:125]: Komorebi connected to named pipe: yasb-6d0876da-6673-11f0-992b-58cdc95b2622
2025-07-21 18:21:50,558 [INFO] [MainThread] [root/controller.py:12]: Reloading Application because of config update...
2025-07-21 18:21:50,668 [INFO] [MainThread] [cli_server/cli_server.py:112]: Log pipe server stopped
2025-07-21 18:21:50,668 [DEBUG] [MainThread] [cli_server/cli_server.py:206]: CLI server stopped
2025-07-21 18:21:50,691 [DEBUG] [MainThread] [qasync._windows._EventPoller/_windows.py:218]: Stopping worker thread...
2025-07-21 18:21:50,699 [DEBUG] [Dummy-8] [qasync._windows._EventWorker/_windows.py:201]: Exiting thread
2025-07-21 18:21:50,704 [DEBUG] [MainThread] [qasync._windows._IocpProactor/_windows.py:75]: Closing
2025-07-21 18:21:51,045 [INFO] [MainThread] [root/log.py:59]: Yasb v1.7.4
2025-07-21 18:21:51,046 [INFO] [Thread-1 (_run_server)] [cli_server/cli_server.py:212]: CLI server started v1.1.1
2025-07-21 18:21:51,046 [INFO] [MainThread] [cli_server/cli_server.py:104]: Log pipe server started
2025-07-21 18:21:51,310 [DEBUG] [MainThread] [comtypes/__init__.py:149]: CoInitializeEx(None, 2)
2025-07-21 18:21:51,384 [DEBUG] [MainThread] [tzlocal/win32.py:55]: Looking up time zone info from registry
2025-07-21 18:21:51,854 [INFO] [MainThread] [root/watcher.py:55]: Created file watcher for path C:\Users\tamil\.config\yasb
2025-07-21 18:21:51,855 [INFO] [Dummy-5] [root/event_listener.py:53]: Created named pipe yasb-7b973d0b-6689-11f0-a677-58cdc95b2622
2025-07-21 18:21:51,906 [DEBUG] [MainThread] [qasync._windows._EventPoller/_windows.py:213]: Starting (proactor: <_IocpProactor overlapped#=0 result#=0>)...
2025-07-21 18:21:51,909 [DEBUG] [Dummy-8] [qasync._windows._EventWorker/_windows.py:192]: Thread started
2025-07-21 18:21:51,980 [INFO] [Dummy-5] [root/event_listener.py:125]: Komorebi connected to named pipe: yasb-7b973d0b-6689-11f0-a677-58cdc95b2622
2025-07-21 18:41:20,067 [INFO] [MainThread] [root/controller.py:12]: Reloading Application because of config update...
2025-07-21 18:41:20,172 [INFO] [MainThread] [cli_server/cli_server.py:112]: Log pipe server stopped
2025-07-21 18:41:20,172 [DEBUG] [MainThread] [cli_server/cli_server.py:206]: CLI server stopped
2025-07-21 18:41:20,193 [DEBUG] [MainThread] [qasync._windows._EventPoller/_windows.py:218]: Stopping worker thread...
2025-07-21 18:41:20,218 [DEBUG] [Dummy-8] [qasync._windows._EventWorker/_windows.py:201]: Exiting thread
2025-07-21 18:41:20,219 [DEBUG] [MainThread] [qasync._windows._IocpProactor/_windows.py:75]: Closing
2025-07-21 18:41:20,551 [INFO] [MainThread] [root/log.py:59]: Yasb v1.7.4
2025-07-21 18:41:20,552 [INFO] [Thread-1 (_run_server)] [cli_server/cli_server.py:212]: CLI server started v1.1.1
2025-07-21 18:41:20,552 [INFO] [MainThread] [cli_server/cli_server.py:104]: Log pipe server started
2025-07-21 18:41:20,833 [DEBUG] [MainThread] [comtypes/__init__.py:149]: CoInitializeEx(None, 2)
2025-07-21 18:41:20,912 [DEBUG] [MainThread] [tzlocal/win32.py:55]: Looking up time zone info from registry
2025-07-21 18:41:21,236 [INFO] [MainThread] [root/watcher.py:55]: Created file watcher for path C:\Users\tamil\.config\yasb
2025-07-21 18:41:21,237 [INFO] [Dummy-5] [root/event_listener.py:53]: Created named pipe yasb-3498cbf0-668c-11f0-8a26-58cdc95b2622
2025-07-21 18:41:21,278 [DEBUG] [MainThread] [qasync._windows._EventPoller/_windows.py:213]: Starting (proactor: <_IocpProactor overlapped#=0 result#=0>)...
2025-07-21 18:41:21,279 [DEBUG] [Dummy-8] [qasync._windows._EventWorker/_windows.py:192]: Thread started
2025-07-21 18:41:21,348 [INFO] [Dummy-5] [root/event_listener.py:125]: Komorebi connected to named pipe: yasb-3498cbf0-668c-11f0-8a26-58cdc95b2622
2025-07-21 18:43:29,688 [INFO] [MainThread] [root/controller.py:12]: Reloading Application because of config update...
2025-07-21 18:43:29,793 [INFO] [MainThread] [cli_server/cli_server.py:112]: Log pipe server stopped
2025-07-21 18:43:29,793 [DEBUG] [MainThread] [cli_server/cli_server.py:206]: CLI server stopped
2025-07-21 18:43:29,814 [DEBUG] [MainThread] [qasync._windows._EventPoller/_windows.py:218]: Stopping worker thread...
2025-07-21 18:43:29,823 [DEBUG] [Dummy-8] [qasync._windows._EventWorker/_windows.py:201]: Exiting thread
2025-07-21 18:43:29,825 [DEBUG] [MainThread] [qasync._windows._IocpProactor/_windows.py:75]: Closing
2025-07-21 18:43:30,139 [INFO] [MainThread] [root/log.py:59]: Yasb v1.7.4
2025-07-21 18:43:30,141 [INFO] [Thread-1 (_run_server)] [cli_server/cli_server.py:212]: CLI server started v1.1.1
2025-07-21 18:43:30,141 [INFO] [MainThread] [cli_server/cli_server.py:104]: Log pipe server started
2025-07-21 18:43:30,453 [DEBUG] [MainThread] [comtypes/__init__.py:149]: CoInitializeEx(None, 2)
2025-07-21 18:43:30,526 [DEBUG] [MainThread] [tzlocal/win32.py:55]: Looking up time zone info from registry
2025-07-21 18:43:30,867 [INFO] [MainThread] [root/watcher.py:55]: Created file watcher for path C:\Users\tamil\.config\yasb
2025-07-21 18:43:30,868 [INFO] [Dummy-5] [root/event_listener.py:53]: Created named pipe yasb-81dca40e-668c-11f0-8648-58cdc95b2622
2025-07-21 18:43:30,916 [DEBUG] [MainThread] [qasync._windows._EventPoller/_windows.py:213]: Starting (proactor: <_IocpProactor overlapped#=0 result#=0>)...
2025-07-21 18:43:30,918 [DEBUG] [Dummy-8] [qasync._windows._EventWorker/_windows.py:192]: Thread started
2025-07-21 18:43:31,002 [INFO] [Dummy-5] [root/event_listener.py:125]: Komorebi connected to named pipe: yasb-81dca40e-668c-11f0-8648-58cdc95b2622
2025-07-21 18:44:33,271 [INFO] [MainThread] [root/controller.py:12]: Reloading Application because of config update...
2025-07-21 18:44:33,377 [INFO] [MainThread] [cli_server/cli_server.py:112]: Log pipe server stopped
2025-07-21 18:44:33,377 [DEBUG] [MainThread] [cli_server/cli_server.py:206]: CLI server stopped
2025-07-21 18:44:33,396 [DEBUG] [MainThread] [qasync._windows._EventPoller/_windows.py:218]: Stopping worker thread...
2025-07-21 18:44:33,409 [DEBUG] [Dummy-8] [qasync._windows._EventWorker/_windows.py:201]: Exiting thread
2025-07-21 18:44:33,410 [DEBUG] [MainThread] [qasync._windows._IocpProactor/_windows.py:75]: Closing
2025-07-21 18:44:33,711 [INFO] [MainThread] [root/log.py:59]: Yasb v1.7.4
2025-07-21 18:44:33,711 [INFO] [Thread-1 (_run_server)] [cli_server/cli_server.py:212]: CLI server started v1.1.1
2025-07-21 18:44:33,712 [INFO] [MainThread] [cli_server/cli_server.py:104]: Log pipe server started
2025-07-21 18:44:34,007 [DEBUG] [MainThread] [comtypes/__init__.py:149]: CoInitializeEx(None, 2)
2025-07-21 18:44:34,073 [DEBUG] [MainThread] [tzlocal/win32.py:55]: Looking up time zone info from registry
2025-07-21 18:44:34,386 [INFO] [MainThread] [root/watcher.py:55]: Created file watcher for path C:\Users\tamil\.config\yasb
2025-07-21 18:44:34,387 [INFO] [Dummy-10] [root/event_listener.py:53]: Created named pipe yasb-a7b90678-668c-11f0-b722-58cdc95b2622
2025-07-21 18:44:34,427 [DEBUG] [MainThread] [qasync._windows._EventPoller/_windows.py:213]: Starting (proactor: <_IocpProactor overlapped#=0 result#=0>)...
2025-07-21 18:44:34,429 [DEBUG] [Dummy-13] [qasync._windows._EventWorker/_windows.py:192]: Thread started
2025-07-21 18:44:34,489 [INFO] [Dummy-10] [root/event_listener.py:125]: Komorebi connected to named pipe: yasb-a7b90678-668c-11f0-b722-58cdc95b2622
2025-07-21 18:45:27,709 [INFO] [MainThread] [root/controller.py:12]: Reloading Application because of config update...
2025-07-21 18:45:27,819 [INFO] [MainThread] [cli_server/cli_server.py:112]: Log pipe server stopped
2025-07-21 18:45:27,819 [DEBUG] [MainThread] [cli_server/cli_server.py:206]: CLI server stopped
2025-07-21 18:45:27,839 [DEBUG] [MainThread] [qasync._windows._EventPoller/_windows.py:218]: Stopping worker thread...
2025-07-21 18:45:27,851 [DEBUG] [Dummy-13] [qasync._windows._EventWorker/_windows.py:201]: Exiting thread
2025-07-21 18:45:27,852 [DEBUG] [MainThread] [qasync._windows._IocpProactor/_windows.py:75]: Closing
2025-07-21 18:45:28,159 [INFO] [MainThread] [root/log.py:59]: Yasb v1.7.4
2025-07-21 18:45:28,161 [INFO] [Thread-1 (_run_server)] [cli_server/cli_server.py:212]: CLI server started v1.1.1
2025-07-21 18:45:28,161 [INFO] [MainThread] [cli_server/cli_server.py:104]: Log pipe server started
2025-07-21 18:45:28,478 [DEBUG] [MainThread] [comtypes/__init__.py:149]: CoInitializeEx(None, 2)
2025-07-21 18:45:28,549 [DEBUG] [MainThread] [tzlocal/win32.py:55]: Looking up time zone info from registry
2025-07-21 18:45:28,856 [INFO] [MainThread] [root/watcher.py:55]: Created file watcher for path C:\Users\tamil\.config\yasb
2025-07-21 18:45:28,857 [INFO] [Dummy-10] [root/event_listener.py:53]: Created named pipe yasb-c83079f0-668c-11f0-8b2f-58cdc95b2622
2025-07-21 18:45:28,898 [DEBUG] [MainThread] [qasync._windows._EventPoller/_windows.py:213]: Starting (proactor: <_IocpProactor overlapped#=0 result#=0>)...
2025-07-21 18:45:28,899 [DEBUG] [Dummy-13] [qasync._windows._EventWorker/_windows.py:192]: Thread started
2025-07-21 18:45:28,959 [INFO] [Dummy-10] [root/event_listener.py:125]: Komorebi connected to named pipe: yasb-c83079f0-668c-11f0-8b2f-58cdc95b2622
2025-07-21 19:14:51,079 [INFO] [MainThread] [root/controller.py:12]: Reloading Application because of config update...
2025-07-21 19:14:51,182 [INFO] [MainThread] [cli_server/cli_server.py:112]: Log pipe server stopped
2025-07-21 19:14:51,182 [DEBUG] [MainThread] [cli_server/cli_server.py:206]: CLI server stopped
2025-07-21 19:14:51,202 [DEBUG] [MainThread] [qasync._windows._EventPoller/_windows.py:218]: Stopping worker thread...
2025-07-21 19:14:51,213 [DEBUG] [Dummy-13] [qasync._windows._EventWorker/_windows.py:201]: Exiting thread
2025-07-21 19:14:51,215 [DEBUG] [MainThread] [qasync._windows._IocpProactor/_windows.py:75]: Closing
2025-07-21 19:14:51,596 [INFO] [MainThread] [root/log.py:59]: Yasb v1.7.4
2025-07-21 19:14:51,598 [INFO] [Thread-1 (_run_server)] [cli_server/cli_server.py:212]: CLI server started v1.1.1
2025-07-21 19:14:51,599 [INFO] [MainThread] [cli_server/cli_server.py:104]: Log pipe server started
2025-07-21 19:14:51,961 [DEBUG] [MainThread] [comtypes/__init__.py:149]: CoInitializeEx(None, 2)
2025-07-21 19:14:52,039 [DEBUG] [MainThread] [tzlocal/win32.py:55]: Looking up time zone info from registry
2025-07-21 19:14:52,449 [INFO] [MainThread] [root/watcher.py:55]: Created file watcher for path C:\Users\tamil\.config\yasb
2025-07-21 19:14:52,451 [INFO] [Dummy-10] [root/event_listener.py:53]: Created named pipe yasb-e35f8d24-6690-11f0-a9f3-58cdc95b2622
2025-07-21 19:14:52,497 [DEBUG] [MainThread] [qasync._windows._EventPoller/_windows.py:213]: Starting (proactor: <_IocpProactor overlapped#=0 result#=0>)...
2025-07-21 19:14:52,500 [DEBUG] [Dummy-13] [qasync._windows._EventWorker/_windows.py:192]: Thread started
2025-07-21 19:14:52,587 [INFO] [Dummy-10] [root/event_listener.py:125]: Komorebi connected to named pipe: yasb-e35f8d24-6690-11f0-a9f3-58cdc95b2622
2025-07-21 19:14:59,974 [INFO] [MainThread] [root/controller.py:12]: Reloading Application because of config update...
2025-07-21 19:15:00,077 [INFO] [MainThread] [cli_server/cli_server.py:112]: Log pipe server stopped
2025-07-21 19:15:00,077 [DEBUG] [MainThread] [cli_server/cli_server.py:206]: CLI server stopped
2025-07-21 19:15:00,098 [DEBUG] [MainThread] [qasync._windows._EventPoller/_windows.py:218]: Stopping worker thread...
2025-07-21 19:15:00,109 [DEBUG] [Dummy-13] [qasync._windows._EventWorker/_windows.py:201]: Exiting thread
2025-07-21 19:15:00,110 [DEBUG] [MainThread] [qasync._windows._IocpProactor/_windows.py:75]: Closing
2025-07-21 19:15:00,503 [INFO] [MainThread] [root/log.py:59]: Yasb v1.7.4
2025-07-21 19:15:00,505 [INFO] [Thread-1 (_run_server)] [cli_server/cli_server.py:212]: CLI server started v1.1.1
2025-07-21 19:15:00,505 [INFO] [MainThread] [cli_server/cli_server.py:104]: Log pipe server started
2025-07-21 19:15:00,853 [DEBUG] [MainThread] [comtypes/__init__.py:149]: CoInitializeEx(None, 2)
2025-07-21 19:15:00,935 [DEBUG] [MainThread] [tzlocal/win32.py:55]: Looking up time zone info from registry
2025-07-21 19:15:01,297 [INFO] [MainThread] [root/watcher.py:55]: Created file watcher for path C:\Users\tamil\.config\yasb
2025-07-21 19:15:01,298 [INFO] [Dummy-10] [root/event_listener.py:53]: Created named pipe yasb-e8a5a3bb-6690-11f0-952f-58cdc95b2622
2025-07-21 19:15:01,344 [DEBUG] [MainThread] [qasync._windows._EventPoller/_windows.py:213]: Starting (proactor: <_IocpProactor overlapped#=0 result#=0>)...
2025-07-21 19:15:01,345 [DEBUG] [Dummy-13] [qasync._windows._EventWorker/_windows.py:192]: Thread started
2025-07-21 19:15:01,417 [INFO] [Dummy-10] [root/event_listener.py:125]: Komorebi connected to named pipe: yasb-e8a5a3bb-6690-11f0-952f-58cdc95b2622
2025-07-21 19:45:42,461 [INFO] [MainThread] [root/controller.py:12]: Reloading Application because of config update...
2025-07-21 19:45:42,572 [INFO] [MainThread] [cli_server/cli_server.py:112]: Log pipe server stopped
2025-07-21 19:45:42,572 [DEBUG] [MainThread] [cli_server/cli_server.py:206]: CLI server stopped
2025-07-21 19:45:42,618 [DEBUG] [MainThread] [qasync._windows._EventPoller/_windows.py:218]: Stopping worker thread...
2025-07-21 19:45:42,638 [DEBUG] [Dummy-13] [qasync._windows._EventWorker/_windows.py:201]: Exiting thread
2025-07-21 19:45:42,640 [DEBUG] [MainThread] [qasync._windows._IocpProactor/_windows.py:75]: Closing
2025-07-21 19:45:42,975 [INFO] [MainThread] [root/log.py:59]: Yasb v1.7.4
2025-07-21 19:45:42,975 [INFO] [Thread-1 (_run_server)] [cli_server/cli_server.py:212]: CLI server started v1.1.1
2025-07-21 19:45:42,976 [INFO] [MainThread] [cli_server/cli_server.py:104]: Log pipe server started
2025-07-21 19:45:43,337 [DEBUG] [MainThread] [comtypes/__init__.py:149]: CoInitializeEx(None, 2)
2025-07-21 19:45:43,420 [DEBUG] [MainThread] [tzlocal/win32.py:55]: Looking up time zone info from registry
2025-07-21 19:45:43,781 [INFO] [MainThread] [root/watcher.py:55]: Created file watcher for path C:\Users\tamil\.config\yasb
2025-07-21 19:45:43,782 [INFO] [Dummy-10] [root/event_listener.py:53]: Created named pipe yasb-32da20c6-6695-11f0-908f-58cdc95b2622
2025-07-21 19:45:43,832 [DEBUG] [MainThread] [qasync._windows._EventPoller/_windows.py:213]: Starting (proactor: <_IocpProactor overlapped#=0 result#=0>)...
2025-07-21 19:45:43,835 [DEBUG] [Dummy-13] [qasync._windows._EventWorker/_windows.py:192]: Thread started
2025-07-21 19:45:43,930 [INFO] [Dummy-10] [root/event_listener.py:125]: Komorebi connected to named pipe: yasb-32da20c6-6695-11f0-908f-58cdc95b2622
2025-07-21 19:47:39,158 [INFO] [MainThread] [root/controller.py:12]: Reloading Application because of config update...
2025-07-21 19:47:39,263 [INFO] [MainThread] [cli_server/cli_server.py:112]: Log pipe server stopped
2025-07-21 19:47:39,263 [DEBUG] [MainThread] [cli_server/cli_server.py:206]: CLI server stopped
2025-07-21 19:47:39,294 [DEBUG] [MainThread] [qasync._windows._EventPoller/_windows.py:218]: Stopping worker thread...
2025-07-21 19:47:39,318 [DEBUG] [Dummy-13] [qasync._windows._EventWorker/_windows.py:201]: Exiting thread
2025-07-21 19:47:39,318 [DEBUG] [MainThread] [qasync._windows._IocpProactor/_windows.py:75]: Closing
2025-07-21 19:47:39,653 [INFO] [MainThread] [root/log.py:59]: Yasb v1.7.4
2025-07-21 19:47:39,655 [INFO] [Thread-1 (_run_server)] [cli_server/cli_server.py:212]: CLI server started v1.1.1
2025-07-21 19:47:39,655 [INFO] [MainThread] [cli_server/cli_server.py:104]: Log pipe server started
2025-07-21 19:47:40,034 [DEBUG] [MainThread] [comtypes/__init__.py:149]: CoInitializeEx(None, 2)
2025-07-21 19:47:40,127 [DEBUG] [MainThread] [tzlocal/win32.py:55]: Looking up time zone info from registry
2025-07-21 19:47:40,497 [INFO] [MainThread] [root/watcher.py:55]: Created file watcher for path C:\Users\tamil\.config\yasb
2025-07-21 19:47:40,498 [INFO] [Dummy-10] [root/event_listener.py:53]: Created named pipe yasb-786ba185-6695-11f0-8ea4-58cdc95b2622
2025-07-21 19:47:40,542 [DEBUG] [MainThread] [qasync._windows._EventPoller/_windows.py:213]: Starting (proactor: <_IocpProactor overlapped#=0 result#=0>)...
2025-07-21 19:47:40,545 [DEBUG] [Dummy-13] [qasync._windows._EventWorker/_windows.py:192]: Thread started
2025-07-21 19:47:40,633 [INFO] [Dummy-10] [root/event_listener.py:125]: Komorebi connected to named pipe: yasb-786ba185-6695-11f0-8ea4-58cdc95b2622
2025-07-21 19:47:48,321 [INFO] [MainThread] [root/controller.py:12]: Reloading Application because of config update...
2025-07-21 19:47:48,436 [INFO] [MainThread] [cli_server/cli_server.py:112]: Log pipe server stopped
2025-07-21 19:47:48,436 [DEBUG] [MainThread] [cli_server/cli_server.py:206]: CLI server stopped
2025-07-21 19:47:48,470 [DEBUG] [MainThread] [qasync._windows._EventPoller/_windows.py:218]: Stopping worker thread...
2025-07-21 19:47:48,483 [DEBUG] [Dummy-13] [qasync._windows._EventWorker/_windows.py:201]: Exiting thread
2025-07-21 19:47:48,484 [DEBUG] [MainThread] [qasync._windows._IocpProactor/_windows.py:75]: Closing
2025-07-21 19:47:48,864 [INFO] [MainThread] [root/log.py:59]: Yasb v1.7.4
2025-07-21 19:47:48,865 [INFO] [Thread-1 (_run_server)] [cli_server/cli_server.py:212]: CLI server started v1.1.1
2025-07-21 19:47:48,865 [INFO] [MainThread] [cli_server/cli_server.py:104]: Log pipe server started
2025-07-21 19:47:49,204 [DEBUG] [MainThread] [comtypes/__init__.py:149]: CoInitializeEx(None, 2)
2025-07-21 19:47:49,284 [DEBUG] [MainThread] [tzlocal/win32.py:55]: Looking up time zone info from registry
2025-07-21 19:47:49,639 [INFO] [MainThread] [root/watcher.py:55]: Created file watcher for path C:\Users\tamil\.config\yasb
2025-07-21 19:47:49,640 [INFO] [Dummy-10] [root/event_listener.py:53]: Created named pipe yasb-7ddebdef-6695-11f0-8cea-58cdc95b2622
2025-07-21 19:47:49,689 [DEBUG] [MainThread] [qasync._windows._EventPoller/_windows.py:213]: Starting (proactor: <_IocpProactor overlapped#=0 result#=0>)...
2025-07-21 19:47:49,692 [DEBUG] [Dummy-13] [qasync._windows._EventWorker/_windows.py:192]: Thread started
2025-07-21 19:47:49,765 [INFO] [Dummy-10] [root/event_listener.py:125]: Komorebi connected to named pipe: yasb-7ddebdef-6695-11f0-8cea-58cdc95b2622
2025-07-21 19:48:30,451 [INFO] [MainThread] [root/controller.py:12]: Reloading Application because of config update...
2025-07-21 19:48:30,553 [INFO] [MainThread] [cli_server/cli_server.py:112]: Log pipe server stopped
2025-07-21 19:48:30,553 [DEBUG] [MainThread] [cli_server/cli_server.py:206]: CLI server stopped
2025-07-21 19:48:30,592 [DEBUG] [MainThread] [qasync._windows._EventPoller/_windows.py:218]: Stopping worker thread...
2025-07-21 19:48:30,601 [DEBUG] [Dummy-13] [qasync._windows._EventWorker/_windows.py:201]: Exiting thread
2025-07-21 19:48:30,603 [DEBUG] [MainThread] [qasync._windows._IocpProactor/_windows.py:75]: Closing
2025-07-21 19:48:31,017 [INFO] [MainThread] [root/log.py:59]: Yasb v1.7.4
2025-07-21 19:48:31,018 [INFO] [Thread-1 (_run_server)] [cli_server/cli_server.py:212]: CLI server started v1.1.1
2025-07-21 19:48:31,020 [INFO] [MainThread] [cli_server/cli_server.py:104]: Log pipe server started
2025-07-21 19:48:31,375 [DEBUG] [MainThread] [comtypes/__init__.py:149]: CoInitializeEx(None, 2)
2025-07-21 19:48:31,462 [DEBUG] [MainThread] [tzlocal/win32.py:55]: Looking up time zone info from registry
2025-07-21 19:48:31,832 [INFO] [MainThread] [root/watcher.py:55]: Created file watcher for path C:\Users\tamil\.config\yasb
2025-07-21 19:48:31,832 [INFO] [Dummy-10] [root/event_listener.py:53]: Created named pipe yasb-9704c4fd-6695-11f0-a550-58cdc95b2622
2025-07-21 19:48:31,884 [DEBUG] [MainThread] [qasync._windows._EventPoller/_windows.py:213]: Starting (proactor: <_IocpProactor overlapped#=0 result#=0>)...
2025-07-21 19:48:31,886 [DEBUG] [Dummy-13] [qasync._windows._EventWorker/_windows.py:192]: Thread started
2025-07-21 19:48:31,952 [INFO] [Dummy-10] [root/event_listener.py:125]: Komorebi connected to named pipe: yasb-9704c4fd-6695-11f0-a550-58cdc95b2622
2025-07-21 19:48:34,524 [INFO] [MainThread] [root/controller.py:12]: Reloading Application because of config update...
2025-07-21 19:48:34,630 [INFO] [MainThread] [cli_server/cli_server.py:112]: Log pipe server stopped
2025-07-21 19:48:34,630 [DEBUG] [MainThread] [cli_server/cli_server.py:206]: CLI server stopped
2025-07-21 19:48:34,652 [DEBUG] [MainThread] [qasync._windows._EventPoller/_windows.py:218]: Stopping worker thread...
2025-07-21 19:48:34,668 [DEBUG] [Dummy-13] [qasync._windows._EventWorker/_windows.py:201]: Exiting thread
2025-07-21 19:48:34,670 [DEBUG] [MainThread] [qasync._windows._IocpProactor/_windows.py:75]: Closing
2025-07-21 19:48:35,013 [INFO] [MainThread] [root/log.py:59]: Yasb v1.7.4
2025-07-21 19:48:35,014 [INFO] [Thread-1 (_run_server)] [cli_server/cli_server.py:212]: CLI server started v1.1.1
2025-07-21 19:48:35,015 [INFO] [MainThread] [cli_server/cli_server.py:104]: Log pipe server started
2025-07-21 19:48:35,360 [DEBUG] [MainThread] [comtypes/__init__.py:149]: CoInitializeEx(None, 2)
2025-07-21 19:48:35,440 [DEBUG] [MainThread] [tzlocal/win32.py:55]: Looking up time zone info from registry
2025-07-21 19:48:35,781 [INFO] [MainThread] [root/watcher.py:55]: Created file watcher for path C:\Users\tamil\.config\yasb
2025-07-21 19:48:35,781 [INFO] [Dummy-10] [root/event_listener.py:53]: Created named pipe yasb-995f6c5e-6695-11f0-b31d-58cdc95b2622
2025-07-21 19:48:35,830 [DEBUG] [MainThread] [qasync._windows._EventPoller/_windows.py:213]: Starting (proactor: <_IocpProactor overlapped#=0 result#=0>)...
2025-07-21 19:48:35,831 [DEBUG] [Dummy-13] [qasync._windows._EventWorker/_windows.py:192]: Thread started
2025-07-21 19:48:35,915 [INFO] [Dummy-10] [root/event_listener.py:125]: Komorebi connected to named pipe: yasb-995f6c5e-6695-11f0-b31d-58cdc95b2622
2025-07-21 19:48:40,755 [INFO] [MainThread] [root/controller.py:12]: Reloading Application because of config update...
2025-07-21 19:48:40,860 [INFO] [MainThread] [cli_server/cli_server.py:112]: Log pipe server stopped
2025-07-21 19:48:40,860 [DEBUG] [MainThread] [cli_server/cli_server.py:206]: CLI server stopped
2025-07-21 19:48:40,890 [DEBUG] [MainThread] [qasync._windows._EventPoller/_windows.py:218]: Stopping worker thread...
2025-07-21 19:48:40,907 [DEBUG] [Dummy-13] [qasync._windows._EventWorker/_windows.py:201]: Exiting thread
2025-07-21 19:48:40,908 [DEBUG] [MainThread] [qasync._windows._IocpProactor/_windows.py:75]: Closing
2025-07-21 19:48:41,246 [INFO] [MainThread] [root/log.py:59]: Yasb v1.7.4
2025-07-21 19:48:41,248 [INFO] [Thread-1 (_run_server)] [cli_server/cli_server.py:212]: CLI server started v1.1.1
2025-07-21 19:48:41,248 [INFO] [MainThread] [cli_server/cli_server.py:104]: Log pipe server started
2025-07-21 19:48:41,585 [DEBUG] [MainThread] [comtypes/__init__.py:149]: CoInitializeEx(None, 2)
2025-07-21 19:48:41,670 [DEBUG] [MainThread] [tzlocal/win32.py:55]: Looking up time zone info from registry
2025-07-21 19:48:42,042 [INFO] [MainThread] [root/watcher.py:55]: Created file watcher for path C:\Users\tamil\.config\yasb
2025-07-21 19:48:42,044 [INFO] [Dummy-10] [root/event_listener.py:53]: Created named pipe yasb-9d1add16-6695-11f0-8874-58cdc95b2622
2025-07-21 19:48:42,086 [DEBUG] [MainThread] [qasync._windows._EventPoller/_windows.py:213]: Starting (proactor: <_IocpProactor overlapped#=0 result#=0>)...
2025-07-21 19:48:42,088 [DEBUG] [Dummy-13] [qasync._windows._EventWorker/_windows.py:192]: Thread started
2025-07-21 19:48:42,188 [INFO] [Dummy-10] [root/event_listener.py:125]: Komorebi connected to named pipe: yasb-9d1add16-6695-11f0-8874-58cdc95b2622
2025-07-21 19:48:49,074 [INFO] [MainThread] [root/controller.py:12]: Reloading Application because of config update...
2025-07-21 19:48:49,188 [INFO] [MainThread] [cli_server/cli_server.py:112]: Log pipe server stopped
2025-07-21 19:48:49,188 [DEBUG] [MainThread] [cli_server/cli_server.py:206]: CLI server stopped
2025-07-21 19:48:49,211 [DEBUG] [MainThread] [qasync._windows._EventPoller/_windows.py:218]: Stopping worker thread...
2025-07-21 19:48:49,229 [DEBUG] [Dummy-13] [qasync._windows._EventWorker/_windows.py:201]: Exiting thread
2025-07-21 19:48:49,229 [DEBUG] [MainThread] [qasync._windows._IocpProactor/_windows.py:75]: Closing
2025-07-21 19:48:49,554 [INFO] [MainThread] [root/log.py:59]: Yasb v1.7.4
2025-07-21 19:48:49,556 [INFO] [Thread-1 (_run_server)] [cli_server/cli_server.py:212]: CLI server started v1.1.1
2025-07-21 19:48:49,557 [INFO] [MainThread] [cli_server/cli_server.py:104]: Log pipe server started
2025-07-21 19:48:49,896 [DEBUG] [MainThread] [comtypes/__init__.py:149]: CoInitializeEx(None, 2)
2025-07-21 19:48:49,978 [DEBUG] [MainThread] [tzlocal/win32.py:55]: Looking up time zone info from registry
2025-07-21 19:48:50,375 [INFO] [MainThread] [root/watcher.py:55]: Created file watcher for path C:\Users\tamil\.config\yasb
2025-07-21 19:48:50,375 [INFO] [Dummy-10] [root/event_listener.py:53]: Created named pipe yasb-a2121bf2-6695-11f0-812a-58cdc95b2622
2025-07-21 19:48:50,422 [DEBUG] [MainThread] [qasync._windows._EventPoller/_windows.py:213]: Starting (proactor: <_IocpProactor overlapped#=0 result#=0>)...
2025-07-21 19:48:50,424 [DEBUG] [Dummy-13] [qasync._windows._EventWorker/_windows.py:192]: Thread started
2025-07-21 19:48:50,508 [INFO] [Dummy-10] [root/event_listener.py:125]: Komorebi connected to named pipe: yasb-a2121bf2-6695-11f0-812a-58cdc95b2622
2025-07-21 19:48:53,166 [INFO] [MainThread] [root/controller.py:12]: Reloading Application because of config update...
2025-07-21 19:48:53,270 [INFO] [MainThread] [cli_server/cli_server.py:112]: Log pipe server stopped
2025-07-21 19:48:53,270 [DEBUG] [MainThread] [cli_server/cli_server.py:206]: CLI server stopped
2025-07-21 19:48:53,315 [DEBUG] [MainThread] [qasync._windows._EventPoller/_windows.py:218]: Stopping worker thread...
2025-07-21 19:48:53,329 [DEBUG] [Dummy-13] [qasync._windows._EventWorker/_windows.py:201]: Exiting thread
2025-07-21 19:48:53,333 [DEBUG] [MainThread] [qasync._windows._IocpProactor/_windows.py:75]: Closing
2025-07-21 19:48:53,691 [INFO] [MainThread] [root/log.py:59]: Yasb v1.7.4
2025-07-21 19:48:53,692 [INFO] [Thread-1 (_run_server)] [cli_server/cli_server.py:212]: CLI server started v1.1.1
2025-07-21 19:48:53,693 [INFO] [MainThread] [cli_server/cli_server.py:104]: Log pipe server started
2025-07-21 19:48:54,014 [DEBUG] [MainThread] [comtypes/__init__.py:149]: CoInitializeEx(None, 2)
2025-07-21 19:48:54,121 [DEBUG] [MainThread] [tzlocal/win32.py:55]: Looking up time zone info from registry
2025-07-21 19:48:54,492 [INFO] [MainThread] [root/watcher.py:55]: Created file watcher for path C:\Users\tamil\.config\yasb
2025-07-21 19:48:54,493 [INFO] [Dummy-10] [root/event_listener.py:53]: Created named pipe yasb-a4868a9d-6695-11f0-ad0f-58cdc95b2622
2025-07-21 19:48:54,541 [DEBUG] [MainThread] [qasync._windows._EventPoller/_windows.py:213]: Starting (proactor: <_IocpProactor overlapped#=0 result#=0>)...
2025-07-21 19:48:54,542 [DEBUG] [Dummy-13] [qasync._windows._EventWorker/_windows.py:192]: Thread started
2025-07-21 19:48:54,612 [INFO] [Dummy-10] [root/event_listener.py:125]: Komorebi connected to named pipe: yasb-a4868a9d-6695-11f0-ad0f-58cdc95b2622
2025-07-21 19:49:11,257 [INFO] [MainThread] [root/controller.py:12]: Reloading Application because of config update...
2025-07-21 19:49:11,365 [INFO] [MainThread] [cli_server/cli_server.py:112]: Log pipe server stopped
2025-07-21 19:49:11,365 [DEBUG] [MainThread] [cli_server/cli_server.py:206]: CLI server stopped
2025-07-21 19:49:11,396 [DEBUG] [MainThread] [qasync._windows._EventPoller/_windows.py:218]: Stopping worker thread...
2025-07-21 19:49:11,406 [DEBUG] [Dummy-13] [qasync._windows._EventWorker/_windows.py:201]: Exiting thread
2025-07-21 19:49:11,409 [DEBUG] [MainThread] [qasync._windows._IocpProactor/_windows.py:75]: Closing
2025-07-21 19:49:11,784 [INFO] [MainThread] [root/log.py:59]: Yasb v1.7.4
2025-07-21 19:49:11,785 [INFO] [Thread-1 (_run_server)] [cli_server/cli_server.py:212]: CLI server started v1.1.1
2025-07-21 19:49:11,786 [INFO] [MainThread] [cli_server/cli_server.py:104]: Log pipe server started
2025-07-21 19:49:12,126 [DEBUG] [MainThread] [comtypes/__init__.py:149]: CoInitializeEx(None, 2)
2025-07-21 19:49:12,207 [DEBUG] [MainThread] [tzlocal/win32.py:55]: Looking up time zone info from registry
2025-07-21 19:49:12,564 [INFO] [MainThread] [root/watcher.py:55]: Created file watcher for path C:\Users\tamil\.config\yasb
2025-07-21 19:49:12,565 [INFO] [Dummy-10] [root/event_listener.py:53]: Created named pipe yasb-af4c0bc1-6695-11f0-ae70-58cdc95b2622
2025-07-21 19:49:12,617 [DEBUG] [MainThread] [qasync._windows._EventPoller/_windows.py:213]: Starting (proactor: <_IocpProactor overlapped#=0 result#=0>)...
2025-07-21 19:49:12,619 [DEBUG] [Dummy-13] [qasync._windows._EventWorker/_windows.py:192]: Thread started
2025-07-21 19:49:12,695 [INFO] [Dummy-10] [root/event_listener.py:125]: Komorebi connected to named pipe: yasb-af4c0bc1-6695-11f0-ae70-58cdc95b2622
2025-07-21 19:49:17,590 [INFO] [MainThread] [root/controller.py:12]: Reloading Application because of config update...
2025-07-21 19:49:17,701 [INFO] [MainThread] [cli_server/cli_server.py:112]: Log pipe server stopped
2025-07-21 19:49:17,702 [DEBUG] [MainThread] [cli_server/cli_server.py:206]: CLI server stopped
2025-07-21 19:49:17,734 [DEBUG] [MainThread] [qasync._windows._EventPoller/_windows.py:218]: Stopping worker thread...
2025-07-21 19:49:17,749 [DEBUG] [Dummy-13] [qasync._windows._EventWorker/_windows.py:201]: Exiting thread
2025-07-21 19:49:17,750 [DEBUG] [MainThread] [qasync._windows._IocpProactor/_windows.py:75]: Closing
2025-07-21 19:49:18,100 [INFO] [MainThread] [root/log.py:59]: Yasb v1.7.4
2025-07-21 19:49:18,101 [INFO] [Thread-1 (_run_server)] [cli_server/cli_server.py:212]: CLI server started v1.1.1
2025-07-21 19:49:18,102 [INFO] [MainThread] [cli_server/cli_server.py:104]: Log pipe server started
2025-07-21 19:49:18,456 [DEBUG] [MainThread] [comtypes/__init__.py:149]: CoInitializeEx(None, 2)
2025-07-21 19:49:18,535 [DEBUG] [MainThread] [tzlocal/win32.py:55]: Looking up time zone info from registry
2025-07-21 19:49:18,888 [INFO] [MainThread] [root/watcher.py:55]: Created file watcher for path C:\Users\tamil\.config\yasb
2025-07-21 19:49:18,889 [INFO] [Dummy-10] [root/event_listener.py:53]: Created named pipe yasb-b3111bf5-6695-11f0-85c8-58cdc95b2622
2025-07-21 19:49:18,938 [DEBUG] [MainThread] [qasync._windows._EventPoller/_windows.py:213]: Starting (proactor: <_IocpProactor overlapped#=0 result#=0>)...
2025-07-21 19:49:18,941 [DEBUG] [Dummy-13] [qasync._windows._EventWorker/_windows.py:192]: Thread started
2025-07-21 19:49:19,039 [INFO] [Dummy-10] [root/event_listener.py:125]: Komorebi connected to named pipe: yasb-b3111bf5-6695-11f0-85c8-58cdc95b2622
2025-07-21 19:50:06,613 [INFO] [MainThread] [root/controller.py:12]: Reloading Application because of config update...
2025-07-21 19:50:06,718 [INFO] [MainThread] [cli_server/cli_server.py:112]: Log pipe server stopped
2025-07-21 19:50:06,718 [DEBUG] [MainThread] [cli_server/cli_server.py:206]: CLI server stopped
2025-07-21 19:50:06,761 [DEBUG] [MainThread] [qasync._windows._EventPoller/_windows.py:218]: Stopping worker thread...
2025-07-21 19:50:06,774 [DEBUG] [Dummy-13] [qasync._windows._EventWorker/_windows.py:201]: Exiting thread
2025-07-21 19:50:06,777 [DEBUG] [MainThread] [qasync._windows._IocpProactor/_windows.py:75]: Closing
2025-07-21 19:50:07,168 [INFO] [MainThread] [root/log.py:59]: Yasb v1.7.4
2025-07-21 19:50:07,170 [INFO] [Thread-1 (_run_server)] [cli_server/cli_server.py:212]: CLI server started v1.1.1
2025-07-21 19:50:07,171 [INFO] [MainThread] [cli_server/cli_server.py:104]: Log pipe server started
2025-07-21 19:50:07,517 [DEBUG] [MainThread] [comtypes/__init__.py:149]: CoInitializeEx(None, 2)
2025-07-21 19:50:07,598 [DEBUG] [MainThread] [tzlocal/win32.py:55]: Looking up time zone info from registry
2025-07-21 19:50:07,947 [INFO] [MainThread] [root/watcher.py:55]: Created file watcher for path C:\Users\tamil\.config\yasb
2025-07-21 19:50:07,948 [INFO] [Dummy-10] [root/event_listener.py:53]: Created named pipe yasb-d04eb742-6695-11f0-9081-58cdc95b2622
2025-07-21 19:50:08,004 [DEBUG] [MainThread] [qasync._windows._EventPoller/_windows.py:213]: Starting (proactor: <_IocpProactor overlapped#=0 result#=0>)...
2025-07-21 19:50:08,005 [DEBUG] [Dummy-13] [qasync._windows._EventWorker/_windows.py:192]: Thread started
2025-07-21 19:50:08,078 [INFO] [Dummy-10] [root/event_listener.py:125]: Komorebi connected to named pipe: yasb-d04eb742-6695-11f0-9081-58cdc95b2622
2025-07-21 19:50:15,860 [INFO] [MainThread] [root/controller.py:12]: Reloading Application because of config update...
2025-07-21 19:50:15,975 [INFO] [MainThread] [cli_server/cli_server.py:112]: Log pipe server stopped
2025-07-21 19:50:15,975 [DEBUG] [MainThread] [cli_server/cli_server.py:206]: CLI server stopped
2025-07-21 19:50:16,009 [DEBUG] [MainThread] [qasync._windows._EventPoller/_windows.py:218]: Stopping worker thread...
2025-07-21 19:50:16,023 [DEBUG] [Dummy-13] [qasync._windows._EventWorker/_windows.py:201]: Exiting thread
2025-07-21 19:50:16,024 [DEBUG] [MainThread] [qasync._windows._IocpProactor/_windows.py:75]: Closing
2025-07-21 19:50:16,390 [INFO] [MainThread] [root/log.py:59]: Yasb v1.7.4
2025-07-21 19:50:16,391 [INFO] [Thread-1 (_run_server)] [cli_server/cli_server.py:212]: CLI server started v1.1.1
2025-07-21 19:50:16,391 [INFO] [MainThread] [cli_server/cli_server.py:104]: Log pipe server started
2025-07-21 19:50:16,744 [DEBUG] [MainThread] [comtypes/__init__.py:149]: CoInitializeEx(None, 2)
2025-07-21 19:50:16,842 [DEBUG] [MainThread] [tzlocal/win32.py:55]: Looking up time zone info from registry
2025-07-21 19:50:17,206 [INFO] [MainThread] [root/watcher.py:55]: Created file watcher for path C:\Users\tamil\.config\yasb
2025-07-21 19:50:17,207 [INFO] [Dummy-10] [root/event_listener.py:53]: Created named pipe yasb-d5d3af64-6695-11f0-bebd-58cdc95b2622
2025-07-21 19:50:17,255 [DEBUG] [MainThread] [qasync._windows._EventPoller/_windows.py:213]: Starting (proactor: <_IocpProactor overlapped#=0 result#=0>)...
2025-07-21 19:50:17,257 [DEBUG] [Dummy-13] [qasync._windows._EventWorker/_windows.py:192]: Thread started
2025-07-21 19:50:17,349 [INFO] [Dummy-10] [root/event_listener.py:125]: Komorebi connected to named pipe: yasb-d5d3af64-6695-11f0-bebd-58cdc95b2622
2025-07-21 19:50:27,132 [ERROR] [MainThread] [root/base.py:89]: Failed to execute callback of type 'toggle_group' with args: []
Traceback (most recent call last):
  File "D:\a\yasb\yasb\src\core\widgets\base.py", line 87, in _run_callback
  File "D:\a\yasb\yasb\src\core\widgets\yasb\disk.py", line 90, in _toggle_group
  File "D:\a\yasb\yasb\src\core\widgets\yasb\disk.py", line 132, in show_group_label
  File "D:\a\yasb\yasb\src\core\widgets\yasb\disk.py", line 213, in _get_space
  File "D:\a\yasb\yasb\venv\Lib\site-packages\psutil\__init__.py", line 2049, in disk_usage
  File "D:\a\yasb\yasb\venv\Lib\site-packages\psutil\_pswindows.py", line 259, in disk_usage
PermissionError: [WinError 21] The device is not ready: 'E:\\'
2025-07-21 19:50:27,555 [ERROR] [MainThread] [root/base.py:89]: Failed to execute callback of type 'toggle_group' with args: []
Traceback (most recent call last):
  File "D:\a\yasb\yasb\src\core\widgets\base.py", line 87, in _run_callback
  File "D:\a\yasb\yasb\src\core\widgets\yasb\disk.py", line 90, in _toggle_group
  File "D:\a\yasb\yasb\src\core\widgets\yasb\disk.py", line 132, in show_group_label
  File "D:\a\yasb\yasb\src\core\widgets\yasb\disk.py", line 213, in _get_space
  File "D:\a\yasb\yasb\venv\Lib\site-packages\psutil\__init__.py", line 2049, in disk_usage
  File "D:\a\yasb\yasb\venv\Lib\site-packages\psutil\_pswindows.py", line 259, in disk_usage
PermissionError: [WinError 21] The device is not ready: 'E:\\'
2025-07-21 19:50:27,710 [ERROR] [MainThread] [root/base.py:89]: Failed to execute callback of type 'toggle_group' with args: []
Traceback (most recent call last):
  File "D:\a\yasb\yasb\src\core\widgets\base.py", line 87, in _run_callback
  File "D:\a\yasb\yasb\src\core\widgets\yasb\disk.py", line 90, in _toggle_group
  File "D:\a\yasb\yasb\src\core\widgets\yasb\disk.py", line 132, in show_group_label
  File "D:\a\yasb\yasb\src\core\widgets\yasb\disk.py", line 213, in _get_space
  File "D:\a\yasb\yasb\venv\Lib\site-packages\psutil\__init__.py", line 2049, in disk_usage
  File "D:\a\yasb\yasb\venv\Lib\site-packages\psutil\_pswindows.py", line 259, in disk_usage
PermissionError: [WinError 21] The device is not ready: 'E:\\'
2025-07-21 19:50:27,893 [ERROR] [MainThread] [root/base.py:89]: Failed to execute callback of type 'toggle_group' with args: []
Traceback (most recent call last):
  File "D:\a\yasb\yasb\src\core\widgets\base.py", line 87, in _run_callback
  File "D:\a\yasb\yasb\src\core\widgets\yasb\disk.py", line 90, in _toggle_group
  File "D:\a\yasb\yasb\src\core\widgets\yasb\disk.py", line 132, in show_group_label
  File "D:\a\yasb\yasb\src\core\widgets\yasb\disk.py", line 213, in _get_space
  File "D:\a\yasb\yasb\venv\Lib\site-packages\psutil\__init__.py", line 2049, in disk_usage
  File "D:\a\yasb\yasb\venv\Lib\site-packages\psutil\_pswindows.py", line 259, in disk_usage
PermissionError: [WinError 21] The device is not ready: 'E:\\'
2025-07-21 19:50:28,150 [ERROR] [MainThread] [root/base.py:89]: Failed to execute callback of type 'toggle_group' with args: []
Traceback (most recent call last):
  File "D:\a\yasb\yasb\src\core\widgets\base.py", line 87, in _run_callback
  File "D:\a\yasb\yasb\src\core\widgets\yasb\disk.py", line 90, in _toggle_group
  File "D:\a\yasb\yasb\src\core\widgets\yasb\disk.py", line 132, in show_group_label
  File "D:\a\yasb\yasb\src\core\widgets\yasb\disk.py", line 213, in _get_space
  File "D:\a\yasb\yasb\venv\Lib\site-packages\psutil\__init__.py", line 2049, in disk_usage
  File "D:\a\yasb\yasb\venv\Lib\site-packages\psutil\_pswindows.py", line 259, in disk_usage
PermissionError: [WinError 21] The device is not ready: 'E:\\'
2025-07-21 19:50:28,298 [ERROR] [MainThread] [root/base.py:89]: Failed to execute callback of type 'toggle_group' with args: []
Traceback (most recent call last):
  File "D:\a\yasb\yasb\src\core\widgets\base.py", line 87, in _run_callback
  File "D:\a\yasb\yasb\src\core\widgets\yasb\disk.py", line 90, in _toggle_group
  File "D:\a\yasb\yasb\src\core\widgets\yasb\disk.py", line 132, in show_group_label
  File "D:\a\yasb\yasb\src\core\widgets\yasb\disk.py", line 213, in _get_space
  File "D:\a\yasb\yasb\venv\Lib\site-packages\psutil\__init__.py", line 2049, in disk_usage
  File "D:\a\yasb\yasb\venv\Lib\site-packages\psutil\_pswindows.py", line 259, in disk_usage
PermissionError: [WinError 21] The device is not ready: 'E:\\'
2025-07-21 19:50:28,460 [ERROR] [MainThread] [root/base.py:89]: Failed to execute callback of type 'toggle_group' with args: []
Traceback (most recent call last):
  File "D:\a\yasb\yasb\src\core\widgets\base.py", line 87, in _run_callback
  File "D:\a\yasb\yasb\src\core\widgets\yasb\disk.py", line 90, in _toggle_group
  File "D:\a\yasb\yasb\src\core\widgets\yasb\disk.py", line 132, in show_group_label
  File "D:\a\yasb\yasb\src\core\widgets\yasb\disk.py", line 213, in _get_space
  File "D:\a\yasb\yasb\venv\Lib\site-packages\psutil\__init__.py", line 2049, in disk_usage
  File "D:\a\yasb\yasb\venv\Lib\site-packages\psutil\_pswindows.py", line 259, in disk_usage
PermissionError: [WinError 21] The device is not ready: 'E:\\'
2025-07-21 19:50:28,628 [ERROR] [MainThread] [root/base.py:89]: Failed to execute callback of type 'toggle_group' with args: []
Traceback (most recent call last):
  File "D:\a\yasb\yasb\src\core\widgets\base.py", line 87, in _run_callback
  File "D:\a\yasb\yasb\src\core\widgets\yasb\disk.py", line 90, in _toggle_group
  File "D:\a\yasb\yasb\src\core\widgets\yasb\disk.py", line 132, in show_group_label
  File "D:\a\yasb\yasb\src\core\widgets\yasb\disk.py", line 213, in _get_space
  File "D:\a\yasb\yasb\venv\Lib\site-packages\psutil\__init__.py", line 2049, in disk_usage
  File "D:\a\yasb\yasb\venv\Lib\site-packages\psutil\_pswindows.py", line 259, in disk_usage
PermissionError: [WinError 21] The device is not ready: 'E:\\'
2025-07-21 19:50:28,794 [ERROR] [MainThread] [root/base.py:89]: Failed to execute callback of type 'toggle_group' with args: []
Traceback (most recent call last):
  File "D:\a\yasb\yasb\src\core\widgets\base.py", line 87, in _run_callback
  File "D:\a\yasb\yasb\src\core\widgets\yasb\disk.py", line 90, in _toggle_group
  File "D:\a\yasb\yasb\src\core\widgets\yasb\disk.py", line 132, in show_group_label
  File "D:\a\yasb\yasb\src\core\widgets\yasb\disk.py", line 213, in _get_space
  File "D:\a\yasb\yasb\venv\Lib\site-packages\psutil\__init__.py", line 2049, in disk_usage
  File "D:\a\yasb\yasb\venv\Lib\site-packages\psutil\_pswindows.py", line 259, in disk_usage
PermissionError: [WinError 21] The device is not ready: 'E:\\'
2025-07-21 19:50:29,074 [ERROR] [MainThread] [root/base.py:89]: Failed to execute callback of type 'toggle_group' with args: []
Traceback (most recent call last):
  File "D:\a\yasb\yasb\src\core\widgets\base.py", line 87, in _run_callback
  File "D:\a\yasb\yasb\src\core\widgets\yasb\disk.py", line 90, in _toggle_group
  File "D:\a\yasb\yasb\src\core\widgets\yasb\disk.py", line 132, in show_group_label
  File "D:\a\yasb\yasb\src\core\widgets\yasb\disk.py", line 213, in _get_space
  File "D:\a\yasb\yasb\venv\Lib\site-packages\psutil\__init__.py", line 2049, in disk_usage
  File "D:\a\yasb\yasb\venv\Lib\site-packages\psutil\_pswindows.py", line 259, in disk_usage
PermissionError: [WinError 21] The device is not ready: 'E:\\'
2025-07-21 19:50:29,448 [ERROR] [MainThread] [root/base.py:89]: Failed to execute callback of type 'toggle_group' with args: []
Traceback (most recent call last):
  File "D:\a\yasb\yasb\src\core\widgets\base.py", line 87, in _run_callback
  File "D:\a\yasb\yasb\src\core\widgets\yasb\disk.py", line 90, in _toggle_group
  File "D:\a\yasb\yasb\src\core\widgets\yasb\disk.py", line 132, in show_group_label
  File "D:\a\yasb\yasb\src\core\widgets\yasb\disk.py", line 213, in _get_space
  File "D:\a\yasb\yasb\venv\Lib\site-packages\psutil\__init__.py", line 2049, in disk_usage
  File "D:\a\yasb\yasb\venv\Lib\site-packages\psutil\_pswindows.py", line 259, in disk_usage
PermissionError: [WinError 21] The device is not ready: 'E:\\'
2025-07-21 19:50:48,222 [INFO] [MainThread] [root/controller.py:12]: Reloading Application because of config update...
2025-07-21 19:50:48,330 [INFO] [MainThread] [cli_server/cli_server.py:112]: Log pipe server stopped
2025-07-21 19:50:48,330 [DEBUG] [MainThread] [cli_server/cli_server.py:206]: CLI server stopped
2025-07-21 19:50:48,379 [DEBUG] [MainThread] [qasync._windows._EventPoller/_windows.py:218]: Stopping worker thread...
2025-07-21 19:50:48,393 [DEBUG] [Dummy-13] [qasync._windows._EventWorker/_windows.py:201]: Exiting thread
2025-07-21 19:50:48,394 [DEBUG] [MainThread] [qasync._windows._IocpProactor/_windows.py:75]: Closing
2025-07-21 19:50:48,799 [INFO] [MainThread] [root/log.py:59]: Yasb v1.7.4
2025-07-21 19:50:48,800 [INFO] [Thread-1 (_run_server)] [cli_server/cli_server.py:212]: CLI server started v1.1.1
2025-07-21 19:50:48,801 [INFO] [MainThread] [cli_server/cli_server.py:104]: Log pipe server started
2025-07-21 19:50:49,158 [DEBUG] [MainThread] [comtypes/__init__.py:149]: CoInitializeEx(None, 2)
2025-07-21 19:50:49,238 [DEBUG] [MainThread] [tzlocal/win32.py:55]: Looking up time zone info from registry
2025-07-21 19:50:49,581 [INFO] [MainThread] [root/watcher.py:55]: Created file watcher for path C:\Users\tamil\.config\yasb
2025-07-21 19:50:49,583 [INFO] [Dummy-10] [root/event_listener.py:53]: Created named pipe yasb-e91f9c49-6695-11f0-9caf-58cdc95b2622
2025-07-21 19:50:49,633 [DEBUG] [MainThread] [qasync._windows._EventPoller/_windows.py:213]: Starting (proactor: <_IocpProactor overlapped#=0 result#=0>)...
2025-07-21 19:50:49,634 [DEBUG] [Dummy-13] [qasync._windows._EventWorker/_windows.py:192]: Thread started
2025-07-21 19:50:49,708 [INFO] [Dummy-10] [root/event_listener.py:125]: Komorebi connected to named pipe: yasb-e91f9c49-6695-11f0-9caf-58cdc95b2622
2025-07-21 19:50:54,320 [INFO] [MainThread] [root/controller.py:12]: Reloading Application because of config update...
2025-07-21 19:50:54,426 [INFO] [MainThread] [cli_server/cli_server.py:112]: Log pipe server stopped
2025-07-21 19:50:54,426 [DEBUG] [MainThread] [cli_server/cli_server.py:206]: CLI server stopped
2025-07-21 19:50:54,448 [DEBUG] [MainThread] [qasync._windows._EventPoller/_windows.py:218]: Stopping worker thread...
2025-07-21 19:50:54,471 [DEBUG] [Dummy-13] [qasync._windows._EventWorker/_windows.py:201]: Exiting thread
2025-07-21 19:50:54,472 [DEBUG] [MainThread] [qasync._windows._IocpProactor/_windows.py:75]: Closing
2025-07-21 19:50:54,860 [INFO] [MainThread] [root/log.py:59]: Yasb v1.7.4
2025-07-21 19:50:54,861 [INFO] [Thread-1 (_run_server)] [cli_server/cli_server.py:212]: CLI server started v1.1.1
2025-07-21 19:50:54,861 [INFO] [MainThread] [cli_server/cli_server.py:104]: Log pipe server started
2025-07-21 19:50:55,211 [DEBUG] [MainThread] [comtypes/__init__.py:149]: CoInitializeEx(None, 2)
2025-07-21 19:50:55,294 [DEBUG] [MainThread] [tzlocal/win32.py:55]: Looking up time zone info from registry
2025-07-21 19:50:55,677 [INFO] [MainThread] [root/watcher.py:55]: Created file watcher for path C:\Users\tamil\.config\yasb
2025-07-21 19:50:55,678 [INFO] [Dummy-10] [root/event_listener.py:53]: Created named pipe yasb-ecc1e74c-6695-11f0-a2a1-58cdc95b2622
2025-07-21 19:50:55,730 [DEBUG] [MainThread] [qasync._windows._EventPoller/_windows.py:213]: Starting (proactor: <_IocpProactor overlapped#=0 result#=0>)...
2025-07-21 19:50:55,731 [DEBUG] [Dummy-13] [qasync._windows._EventWorker/_windows.py:192]: Thread started
2025-07-21 19:50:55,799 [INFO] [Dummy-10] [root/event_listener.py:125]: Komorebi connected to named pipe: yasb-ecc1e74c-6695-11f0-a2a1-58cdc95b2622
2025-07-21 19:50:57,548 [INFO] [MainThread] [root/controller.py:12]: Reloading Application because of config update...
2025-07-21 19:50:57,661 [INFO] [MainThread] [cli_server/cli_server.py:112]: Log pipe server stopped
2025-07-21 19:50:57,661 [DEBUG] [MainThread] [cli_server/cli_server.py:206]: CLI server stopped
2025-07-21 19:50:57,691 [DEBUG] [MainThread] [qasync._windows._EventPoller/_windows.py:218]: Stopping worker thread...
2025-07-21 19:50:57,707 [DEBUG] [Dummy-13] [qasync._windows._EventWorker/_windows.py:201]: Exiting thread
2025-07-21 19:50:57,708 [DEBUG] [MainThread] [qasync._windows._IocpProactor/_windows.py:75]: Closing
2025-07-21 19:50:58,047 [INFO] [MainThread] [root/log.py:59]: Yasb v1.7.4
2025-07-21 19:50:58,048 [INFO] [Thread-1 (_run_server)] [cli_server/cli_server.py:212]: CLI server started v1.1.1
2025-07-21 19:50:58,050 [INFO] [MainThread] [cli_server/cli_server.py:104]: Log pipe server started
2025-07-21 19:50:58,403 [DEBUG] [MainThread] [comtypes/__init__.py:149]: CoInitializeEx(None, 2)
2025-07-21 19:50:58,476 [DEBUG] [MainThread] [tzlocal/win32.py:55]: Looking up time zone info from registry
2025-07-21 19:50:58,886 [INFO] [MainThread] [root/watcher.py:55]: Created file watcher for path C:\Users\tamil\.config\yasb
2025-07-21 19:50:58,887 [INFO] [Dummy-10] [root/event_listener.py:53]: Created named pipe yasb-eeab94ca-6695-11f0-8c94-58cdc95b2622
2025-07-21 19:50:58,938 [DEBUG] [MainThread] [qasync._windows._EventPoller/_windows.py:213]: Starting (proactor: <_IocpProactor overlapped#=0 result#=0>)...
2025-07-21 19:50:58,941 [DEBUG] [Dummy-13] [qasync._windows._EventWorker/_windows.py:192]: Thread started
2025-07-21 19:50:59,015 [INFO] [Dummy-10] [root/event_listener.py:125]: Komorebi connected to named pipe: yasb-eeab94ca-6695-11f0-8c94-58cdc95b2622
2025-07-21 20:13:45,457 [INFO] [MainThread] [root/controller.py:12]: Reloading Application because of config update...
2025-07-21 20:13:45,570 [INFO] [MainThread] [cli_server/cli_server.py:112]: Log pipe server stopped
2025-07-21 20:13:45,570 [DEBUG] [MainThread] [cli_server/cli_server.py:206]: CLI server stopped
2025-07-21 20:13:45,602 [DEBUG] [MainThread] [qasync._windows._EventPoller/_windows.py:218]: Stopping worker thread...
2025-07-21 20:13:45,625 [DEBUG] [Dummy-13] [qasync._windows._EventWorker/_windows.py:201]: Exiting thread
2025-07-21 20:13:45,627 [DEBUG] [MainThread] [qasync._windows._IocpProactor/_windows.py:75]: Closing
2025-07-21 20:13:45,992 [INFO] [MainThread] [root/log.py:59]: Yasb v1.7.4
2025-07-21 20:13:45,993 [INFO] [Thread-1 (_run_server)] [cli_server/cli_server.py:212]: CLI server started v1.1.1
2025-07-21 20:13:45,994 [INFO] [MainThread] [cli_server/cli_server.py:104]: Log pipe server started
2025-07-21 20:13:46,334 [DEBUG] [MainThread] [comtypes/__init__.py:149]: CoInitializeEx(None, 2)
2025-07-21 20:13:46,417 [DEBUG] [MainThread] [tzlocal/win32.py:55]: Looking up time zone info from registry
2025-07-21 20:13:46,825 [INFO] [MainThread] [root/watcher.py:55]: Created file watcher for path C:\Users\tamil\.config\yasb
2025-07-21 20:13:46,826 [INFO] [Dummy-10] [root/event_listener.py:53]: Created named pipe yasb-1e0653ae-6699-11f0-8f69-58cdc95b2622
2025-07-21 20:13:46,874 [DEBUG] [MainThread] [qasync._windows._EventPoller/_windows.py:213]: Starting (proactor: <_IocpProactor overlapped#=0 result#=0>)...
2025-07-21 20:13:46,877 [DEBUG] [Dummy-13] [qasync._windows._EventWorker/_windows.py:192]: Thread started
2025-07-21 20:13:46,970 [INFO] [Dummy-10] [root/event_listener.py:125]: Komorebi connected to named pipe: yasb-1e0653ae-6699-11f0-8f69-58cdc95b2622
2025-07-21 20:13:51,244 [INFO] [MainThread] [root/controller.py:12]: Reloading Application because of config update...
2025-07-21 20:13:51,358 [INFO] [MainThread] [cli_server/cli_server.py:112]: Log pipe server stopped
2025-07-21 20:13:51,359 [DEBUG] [MainThread] [cli_server/cli_server.py:206]: CLI server stopped
2025-07-21 20:13:51,388 [DEBUG] [MainThread] [qasync._windows._EventPoller/_windows.py:218]: Stopping worker thread...
2025-07-21 20:13:51,400 [DEBUG] [Dummy-13] [qasync._windows._EventWorker/_windows.py:201]: Exiting thread
2025-07-21 20:13:51,402 [DEBUG] [MainThread] [qasync._windows._IocpProactor/_windows.py:75]: Closing
2025-07-21 20:13:51,750 [INFO] [MainThread] [root/log.py:59]: Yasb v1.7.4
2025-07-21 20:13:51,751 [INFO] [Thread-1 (_run_server)] [cli_server/cli_server.py:212]: CLI server started v1.1.1
2025-07-21 20:13:51,751 [INFO] [MainThread] [cli_server/cli_server.py:104]: Log pipe server started
2025-07-21 20:13:52,091 [DEBUG] [MainThread] [comtypes/__init__.py:149]: CoInitializeEx(None, 2)
2025-07-21 20:13:52,172 [DEBUG] [MainThread] [tzlocal/win32.py:55]: Looking up time zone info from registry
2025-07-21 20:13:52,555 [INFO] [MainThread] [root/watcher.py:55]: Created file watcher for path C:\Users\tamil\.config\yasb
2025-07-21 20:13:52,556 [INFO] [Dummy-10] [root/event_listener.py:53]: Created named pipe yasb-2170c9de-6699-11f0-831e-58cdc95b2622
2025-07-21 20:13:52,604 [DEBUG] [MainThread] [qasync._windows._EventPoller/_windows.py:213]: Starting (proactor: <_IocpProactor overlapped#=0 result#=0>)...
2025-07-21 20:13:52,606 [DEBUG] [Dummy-13] [qasync._windows._EventWorker/_windows.py:192]: Thread started
2025-07-21 20:13:52,683 [INFO] [Dummy-10] [root/event_listener.py:125]: Komorebi connected to named pipe: yasb-2170c9de-6699-11f0-831e-58cdc95b2622
2025-07-22 10:03:59,929 [INFO] [MainThread] [root/log.py:59]: Yasb v1.7.4
2025-07-22 10:03:59,931 [INFO] [Thread-1 (_run_server)] [cli_server/cli_server.py:212]: CLI server started v1.1.1
2025-07-22 10:03:59,932 [INFO] [MainThread] [cli_server/cli_server.py:104]: Log pipe server started
2025-07-22 10:04:00,249 [DEBUG] [MainThread] [comtypes/__init__.py:149]: CoInitializeEx(None, 2)
2025-07-22 10:04:00,321 [DEBUG] [MainThread] [tzlocal/win32.py:55]: Looking up time zone info from registry
2025-07-22 10:04:00,784 [INFO] [MainThread] [root/watcher.py:55]: Created file watcher for path C:\Users\tamil\.config\yasb
2025-07-22 10:04:00,785 [INFO] [Dummy-10] [root/event_listener.py:53]: Created named pipe yasb-197538ef-670d-11f0-92cc-58cdc95b2622
2025-07-22 10:04:00,840 [DEBUG] [MainThread] [qasync._windows._EventPoller/_windows.py:213]: Starting (proactor: <_IocpProactor overlapped#=0 result#=0>)...
2025-07-22 10:04:00,841 [DEBUG] [Dummy-13] [qasync._windows._EventWorker/_windows.py:192]: Thread started
2025-07-22 10:04:21,166 [INFO] [Dummy-10] [root/event_listener.py:125]: Komorebi connected to named pipe: yasb-197538ef-670d-11f0-92cc-58cdc95b2622
2025-07-22 10:04:25,129 [ERROR] [Dummy-10] [root/event_listener.py:89]: Komorebi has disconnected from the named pipe yasb-197538ef-670d-11f0-92cc-58cdc95b2622
Traceback (most recent call last):
  File "D:\a\yasb\yasb\src\core\utils\komorebi\event_listener.py", line 79, in run
  File "D:\a\yasb\yasb\src\core\utils\komorebi\event_listener.py", line 101, in _emit_event
  File "D:\a\yasb\yasb\src\core\event_service.py", line 28, in emit_event
TypeError: WorkspaceWidget.k_signal_update[dict, dict].emit(): argument 1 has unexpected type 'str'
2025-07-22 10:04:25,130 [INFO] [Dummy-10] [root/event_listener.py:94]: Attempting to reconnect to Komorebi...
2025-07-22 10:04:28,132 [INFO] [Dummy-10] [root/event_listener.py:53]: Created named pipe yasb-197538ef-670d-11f0-92cc-58cdc95b2622
2025-07-22 10:04:28,203 [INFO] [Dummy-10] [root/event_listener.py:125]: Komorebi connected to named pipe: yasb-197538ef-670d-11f0-92cc-58cdc95b2622
2025-07-22 10:27:19,989 [ERROR] [MainThread] [root/config.py:110]: The config file 'C:\Users\tamil\.config\yasb\config.yaml' contains validation errors. Please fix:
komorebi_active_layout:
- unknown field

2025-07-22 10:27:33,596 [INFO] [MainThread] [root/controller.py:12]: Reloading Application because of config update...
2025-07-22 10:27:33,708 [INFO] [MainThread] [cli_server/cli_server.py:112]: Log pipe server stopped
2025-07-22 10:27:33,708 [DEBUG] [MainThread] [cli_server/cli_server.py:206]: CLI server stopped
2025-07-22 10:27:33,731 [DEBUG] [MainThread] [qasync._windows._EventPoller/_windows.py:218]: Stopping worker thread...
2025-07-22 10:27:33,743 [DEBUG] [Dummy-13] [qasync._windows._EventWorker/_windows.py:201]: Exiting thread
2025-07-22 10:27:33,745 [DEBUG] [MainThread] [qasync._windows._IocpProactor/_windows.py:75]: Closing
2025-07-22 10:27:34,142 [INFO] [MainThread] [root/log.py:59]: Yasb v1.7.4
2025-07-22 10:27:34,142 [INFO] [Thread-1 (_run_server)] [cli_server/cli_server.py:212]: CLI server started v1.1.1
2025-07-22 10:27:34,143 [INFO] [MainThread] [cli_server/cli_server.py:104]: Log pipe server started
2025-07-22 10:27:34,472 [DEBUG] [MainThread] [comtypes/__init__.py:149]: CoInitializeEx(None, 2)
2025-07-22 10:27:34,555 [DEBUG] [MainThread] [tzlocal/win32.py:55]: Looking up time zone info from registry
2025-07-22 10:27:35,022 [INFO] [MainThread] [root/watcher.py:55]: Created file watcher for path C:\Users\tamil\.config\yasb
2025-07-22 10:27:35,023 [INFO] [Dummy-10] [root/event_listener.py:53]: Created named pipe yasb-6468eeda-6710-11f0-b530-58cdc95b2622
2025-07-22 10:27:35,088 [DEBUG] [MainThread] [qasync._windows._EventPoller/_windows.py:213]: Starting (proactor: <_IocpProactor overlapped#=0 result#=0>)...
2025-07-22 10:27:35,089 [DEBUG] [Dummy-13] [qasync._windows._EventWorker/_windows.py:192]: Thread started
2025-07-22 10:27:35,123 [INFO] [Dummy-10] [root/event_listener.py:125]: Komorebi connected to named pipe: yasb-6468eeda-6710-11f0-b530-58cdc95b2622
2025-07-22 10:27:49,554 [ERROR] [MainThread] [root/config.py:119]: The file 'C:\Users\tamil\.config\yasb\config.yaml' contains Parser Error(s). Please fix:
while parsing a flow sequence
  in "C:\Users\tamil\.config\yasb\config.yaml", line 45, column 9
expected ',' or ']', but got '<scalar>'
  in "C:\Users\tamil\.config\yasb\config.yaml", line 47, column 11
2025-07-22 10:27:50,588 [ERROR] [MainThread] [root/config.py:119]: The file 'C:\Users\tamil\.config\yasb\config.yaml' contains Parser Error(s). Please fix:
while parsing a flow sequence
  in "C:\Users\tamil\.config\yasb\config.yaml", line 45, column 9
expected ',' or ']', but got '<scalar>'
  in "C:\Users\tamil\.config\yasb\config.yaml", line 47, column 11
2025-07-22 10:27:52,646 [INFO] [MainThread] [root/controller.py:12]: Reloading Application because of config update...
2025-07-22 10:27:52,761 [INFO] [MainThread] [cli_server/cli_server.py:112]: Log pipe server stopped
2025-07-22 10:27:52,761 [DEBUG] [MainThread] [cli_server/cli_server.py:206]: CLI server stopped
2025-07-22 10:27:52,776 [DEBUG] [MainThread] [qasync._windows._EventPoller/_windows.py:218]: Stopping worker thread...
2025-07-22 10:27:52,796 [DEBUG] [Dummy-13] [qasync._windows._EventWorker/_windows.py:201]: Exiting thread
2025-07-22 10:27:52,797 [DEBUG] [MainThread] [qasync._windows._IocpProactor/_windows.py:75]: Closing
2025-07-22 10:27:53,127 [INFO] [MainThread] [root/log.py:59]: Yasb v1.7.4
2025-07-22 10:27:53,128 [INFO] [Thread-1 (_run_server)] [cli_server/cli_server.py:212]: CLI server started v1.1.1
2025-07-22 10:27:53,129 [INFO] [MainThread] [cli_server/cli_server.py:104]: Log pipe server started
2025-07-22 10:27:53,492 [DEBUG] [MainThread] [comtypes/__init__.py:149]: CoInitializeEx(None, 2)
2025-07-22 10:27:53,568 [DEBUG] [MainThread] [tzlocal/win32.py:55]: Looking up time zone info from registry
2025-07-22 10:27:53,860 [ERROR] [MainThread] [root/widget_builder.py:88]: Failed to validate widget(s) due to invalid options  - komorebi_active_layout
      layout_icons:
      - maximized:
        - unknown field
        scrolling:
        - unknown field
      
2025-07-22 10:27:53,861 [INFO] [Dummy-8] [root/event_listener.py:53]: Created named pipe yasb-6fa33761-6710-11f0-ba8c-58cdc95b2622
2025-07-22 10:27:54,006 [INFO] [Dummy-8] [root/event_listener.py:125]: Komorebi connected to named pipe: yasb-6fa33761-6710-11f0-ba8c-58cdc95b2622
2025-07-22 10:28:00,375 [INFO] [MainThread] [root/watcher.py:55]: Created file watcher for path C:\Users\tamil\.config\yasb
2025-07-22 10:28:00,417 [DEBUG] [MainThread] [qasync._windows._EventPoller/_windows.py:213]: Starting (proactor: <_IocpProactor overlapped#=0 result#=0>)...
2025-07-22 10:28:00,418 [DEBUG] [Dummy-14] [qasync._windows._EventWorker/_windows.py:192]: Thread started
2025-07-22 10:28:15,931 [INFO] [MainThread] [root/controller.py:12]: Reloading Application because of config update...
2025-07-22 10:28:16,047 [INFO] [MainThread] [cli_server/cli_server.py:112]: Log pipe server stopped
2025-07-22 10:28:16,047 [DEBUG] [MainThread] [cli_server/cli_server.py:206]: CLI server stopped
2025-07-22 10:28:16,062 [DEBUG] [MainThread] [qasync._windows._EventPoller/_windows.py:218]: Stopping worker thread...
2025-07-22 10:28:16,079 [DEBUG] [Dummy-14] [qasync._windows._EventWorker/_windows.py:201]: Exiting thread
2025-07-22 10:28:16,080 [DEBUG] [MainThread] [qasync._windows._IocpProactor/_windows.py:75]: Closing
2025-07-22 10:28:16,463 [INFO] [MainThread] [root/log.py:59]: Yasb v1.7.4
2025-07-22 10:28:16,464 [INFO] [Thread-1 (_run_server)] [cli_server/cli_server.py:212]: CLI server started v1.1.1
2025-07-22 10:28:16,464 [INFO] [MainThread] [cli_server/cli_server.py:104]: Log pipe server started
2025-07-22 10:28:16,793 [DEBUG] [MainThread] [comtypes/__init__.py:149]: CoInitializeEx(None, 2)
2025-07-22 10:28:16,868 [DEBUG] [MainThread] [tzlocal/win32.py:55]: Looking up time zone info from registry
2025-07-22 10:28:17,161 [ERROR] [MainThread] [root/widget_builder.py:88]: Failed to validate widget(s) due to invalid options  - komorebi_active_layout
      layout_icons:
      - scrolling:
        - unknown field
      
2025-07-22 10:28:17,162 [INFO] [Dummy-8] [root/event_listener.py:53]: Created named pipe yasb-7d86dfd1-6710-11f0-98dc-58cdc95b2622
2025-07-22 10:28:17,322 [INFO] [Dummy-8] [root/event_listener.py:125]: Komorebi connected to named pipe: yasb-7d86dfd1-6710-11f0-98dc-58cdc95b2622
2025-07-22 10:28:20,072 [INFO] [MainThread] [root/watcher.py:55]: Created file watcher for path C:\Users\tamil\.config\yasb
2025-07-22 10:28:20,129 [DEBUG] [MainThread] [qasync._windows._EventPoller/_windows.py:213]: Starting (proactor: <_IocpProactor overlapped#=0 result#=0>)...
2025-07-22 10:28:20,130 [DEBUG] [Dummy-14] [qasync._windows._EventWorker/_windows.py:192]: Thread started
2025-07-22 10:28:27,100 [INFO] [MainThread] [root/controller.py:12]: Reloading Application because of config update...
2025-07-22 10:28:27,202 [INFO] [MainThread] [cli_server/cli_server.py:112]: Log pipe server stopped
2025-07-22 10:28:27,202 [DEBUG] [MainThread] [cli_server/cli_server.py:206]: CLI server stopped
2025-07-22 10:28:27,216 [DEBUG] [MainThread] [qasync._windows._EventPoller/_windows.py:218]: Stopping worker thread...
2025-07-22 10:28:27,217 [DEBUG] [Dummy-14] [qasync._windows._EventWorker/_windows.py:201]: Exiting thread
2025-07-22 10:28:27,220 [DEBUG] [MainThread] [qasync._windows._IocpProactor/_windows.py:75]: Closing
2025-07-22 10:28:27,562 [INFO] [MainThread] [root/log.py:59]: Yasb v1.7.4
2025-07-22 10:28:27,562 [INFO] [Thread-1 (_run_server)] [cli_server/cli_server.py:212]: CLI server started v1.1.1
2025-07-22 10:28:27,563 [INFO] [MainThread] [cli_server/cli_server.py:104]: Log pipe server started
2025-07-22 10:28:27,934 [DEBUG] [MainThread] [comtypes/__init__.py:149]: CoInitializeEx(None, 2)
2025-07-22 10:28:28,030 [DEBUG] [MainThread] [tzlocal/win32.py:55]: Looking up time zone info from registry
2025-07-22 10:28:28,306 [INFO] [MainThread] [root/watcher.py:55]: Created file watcher for path C:\Users\tamil\.config\yasb
2025-07-22 10:28:28,307 [INFO] [Dummy-10] [root/event_listener.py:53]: Created named pipe yasb-842b7279-6710-11f0-baa6-58cdc95b2622
2025-07-22 10:28:28,354 [DEBUG] [MainThread] [qasync._windows._EventPoller/_windows.py:213]: Starting (proactor: <_IocpProactor overlapped#=0 result#=0>)...
2025-07-22 10:28:28,355 [DEBUG] [Dummy-13] [qasync._windows._EventWorker/_windows.py:192]: Thread started
2025-07-22 10:28:28,398 [INFO] [Dummy-10] [root/event_listener.py:125]: Komorebi connected to named pipe: yasb-842b7279-6710-11f0-baa6-58cdc95b2622
2025-07-22 10:28:51,306 [INFO] [MainThread] [root/controller.py:12]: Reloading Application because of config update...
2025-07-22 10:28:51,415 [INFO] [MainThread] [cli_server/cli_server.py:112]: Log pipe server stopped
2025-07-22 10:28:51,415 [DEBUG] [MainThread] [cli_server/cli_server.py:206]: CLI server stopped
2025-07-22 10:28:51,430 [DEBUG] [MainThread] [qasync._windows._EventPoller/_windows.py:218]: Stopping worker thread...
2025-07-22 10:28:51,431 [DEBUG] [Dummy-13] [qasync._windows._EventWorker/_windows.py:201]: Exiting thread
2025-07-22 10:28:51,431 [DEBUG] [MainThread] [qasync._windows._IocpProactor/_windows.py:75]: Closing
2025-07-22 10:28:51,753 [INFO] [MainThread] [root/log.py:59]: Yasb v1.7.4
2025-07-22 10:28:51,754 [INFO] [Thread-1 (_run_server)] [cli_server/cli_server.py:212]: CLI server started v1.1.1
2025-07-22 10:28:51,754 [INFO] [MainThread] [cli_server/cli_server.py:104]: Log pipe server started
2025-07-22 10:28:52,116 [DEBUG] [MainThread] [comtypes/__init__.py:149]: CoInitializeEx(None, 2)
2025-07-22 10:28:52,187 [DEBUG] [MainThread] [tzlocal/win32.py:55]: Looking up time zone info from registry
2025-07-22 10:28:52,473 [INFO] [MainThread] [root/watcher.py:55]: Created file watcher for path C:\Users\tamil\.config\yasb
2025-07-22 10:28:52,474 [INFO] [Dummy-10] [root/event_listener.py:53]: Created named pipe yasb-9292e0d1-6710-11f0-a067-58cdc95b2622
2025-07-22 10:28:52,521 [DEBUG] [MainThread] [qasync._windows._EventPoller/_windows.py:213]: Starting (proactor: <_IocpProactor overlapped#=0 result#=0>)...
2025-07-22 10:28:52,523 [DEBUG] [Dummy-13] [qasync._windows._EventWorker/_windows.py:192]: Thread started
2025-07-22 10:28:52,568 [INFO] [Dummy-10] [root/event_listener.py:125]: Komorebi connected to named pipe: yasb-9292e0d1-6710-11f0-a067-58cdc95b2622
2025-07-22 10:30:51,336 [INFO] [MainThread] [root/controller.py:12]: Reloading Application from tray...
2025-07-22 10:30:51,440 [INFO] [MainThread] [cli_server/cli_server.py:112]: Log pipe server stopped
2025-07-22 10:30:51,440 [DEBUG] [MainThread] [cli_server/cli_server.py:206]: CLI server stopped
2025-07-22 10:30:51,456 [DEBUG] [MainThread] [qasync._windows._EventPoller/_windows.py:218]: Stopping worker thread...
2025-07-22 10:30:51,471 [DEBUG] [Dummy-13] [qasync._windows._EventWorker/_windows.py:201]: Exiting thread
2025-07-22 10:30:51,472 [DEBUG] [MainThread] [qasync._windows._IocpProactor/_windows.py:75]: Closing
2025-07-22 10:30:51,484 [ERROR] [Dummy-10] [root/event_service.py:30]: Failed to emit signal <bound PYQT_SIGNAL k_signal_update of WorkspaceWidget object at 0x000001D1888D2D50>. Removing link to KomorebiEvent.KomorebiUpdate.
2025-07-22 10:30:51,769 [INFO] [MainThread] [root/log.py:59]: Yasb v1.7.4
2025-07-22 10:30:51,770 [INFO] [Thread-1 (_run_server)] [cli_server/cli_server.py:212]: CLI server started v1.1.1
2025-07-22 10:30:51,771 [INFO] [MainThread] [cli_server/cli_server.py:104]: Log pipe server started
2025-07-22 10:30:52,078 [DEBUG] [MainThread] [comtypes/__init__.py:149]: CoInitializeEx(None, 2)
2025-07-22 10:30:52,146 [DEBUG] [MainThread] [tzlocal/win32.py:55]: Looking up time zone info from registry
2025-07-22 10:30:52,408 [INFO] [MainThread] [root/watcher.py:55]: Created file watcher for path C:\Users\tamil\.config\yasb
2025-07-22 10:30:52,409 [INFO] [Dummy-10] [root/event_listener.py:53]: Created named pipe yasb-da0f8a12-6710-11f0-a1a7-58cdc95b2622
2025-07-22 10:30:52,456 [DEBUG] [MainThread] [qasync._windows._EventPoller/_windows.py:213]: Starting (proactor: <_IocpProactor overlapped#=0 result#=0>)...
2025-07-22 10:30:52,457 [DEBUG] [Dummy-13] [qasync._windows._EventWorker/_windows.py:192]: Thread started
2025-07-22 10:30:52,499 [INFO] [Dummy-10] [root/event_listener.py:125]: Komorebi connected to named pipe: yasb-da0f8a12-6710-11f0-a1a7-58cdc95b2622
2025-07-22 10:31:01,441 [INFO] [MainThread] [root/controller.py:12]: Reloading Application from tray...
2025-07-22 10:31:01,547 [INFO] [MainThread] [cli_server/cli_server.py:112]: Log pipe server stopped
2025-07-22 10:31:01,547 [DEBUG] [MainThread] [cli_server/cli_server.py:206]: CLI server stopped
2025-07-22 10:31:01,564 [DEBUG] [MainThread] [qasync._windows._EventPoller/_windows.py:218]: Stopping worker thread...
2025-07-22 10:31:01,579 [DEBUG] [Dummy-13] [qasync._windows._EventWorker/_windows.py:201]: Exiting thread
2025-07-22 10:31:01,580 [DEBUG] [MainThread] [qasync._windows._IocpProactor/_windows.py:75]: Closing
2025-07-22 10:31:01,868 [INFO] [MainThread] [root/log.py:59]: Yasb v1.7.4
2025-07-22 10:31:01,869 [INFO] [Thread-1 (_run_server)] [cli_server/cli_server.py:212]: CLI server started v1.1.1
2025-07-22 10:31:01,870 [INFO] [MainThread] [cli_server/cli_server.py:104]: Log pipe server started
2025-07-22 10:31:02,172 [DEBUG] [MainThread] [comtypes/__init__.py:149]: CoInitializeEx(None, 2)
2025-07-22 10:31:02,246 [DEBUG] [MainThread] [tzlocal/win32.py:55]: Looking up time zone info from registry
2025-07-22 10:31:02,511 [INFO] [MainThread] [root/watcher.py:55]: Created file watcher for path C:\Users\tamil\.config\yasb
2025-07-22 10:31:02,512 [INFO] [Dummy-10] [root/event_listener.py:53]: Created named pipe yasb-e0153e14-6710-11f0-b4a7-58cdc95b2622
2025-07-22 10:31:02,556 [DEBUG] [MainThread] [qasync._windows._EventPoller/_windows.py:213]: Starting (proactor: <_IocpProactor overlapped#=0 result#=0>)...
2025-07-22 10:31:02,557 [DEBUG] [Dummy-13] [qasync._windows._EventWorker/_windows.py:192]: Thread started
2025-07-22 10:31:02,599 [INFO] [Dummy-10] [root/event_listener.py:125]: Komorebi connected to named pipe: yasb-e0153e14-6710-11f0-b4a7-58cdc95b2622
2025-07-22 10:31:31,175 [ERROR] [MainThread] [root/base.py:89]: Failed to execute callback of type 'toggle_layout_menu' with args: []
Traceback (most recent call last):
  File "D:\a\yasb\yasb\src\core\widgets\base.py", line 87, in _run_callback
  File "D:\a\yasb\yasb\src\core\widgets\komorebi\active_layout.py", line 124, in _toggle_layout_menu
  File "D:\a\yasb\yasb\src\core\widgets\komorebi\active_layout.py", line 164, in _show_layout_menu
KeyError: 'scrolling'
2025-07-22 10:31:45,445 [ERROR] [MainThread] [root/base.py:89]: Failed to execute callback of type 'toggle_layout_menu' with args: []
Traceback (most recent call last):
  File "D:\a\yasb\yasb\src\core\widgets\base.py", line 87, in _run_callback
  File "D:\a\yasb\yasb\src\core\widgets\komorebi\active_layout.py", line 124, in _toggle_layout_menu
  File "D:\a\yasb\yasb\src\core\widgets\komorebi\active_layout.py", line 164, in _show_layout_menu
KeyError: 'scrolling'
2025-07-22 10:32:50,285 [INFO] [MainThread] [root/controller.py:12]: Reloading Application from tray...
2025-07-22 10:32:50,393 [INFO] [MainThread] [cli_server/cli_server.py:112]: Log pipe server stopped
2025-07-22 10:32:50,393 [DEBUG] [MainThread] [cli_server/cli_server.py:206]: CLI server stopped
2025-07-22 10:32:50,406 [DEBUG] [MainThread] [qasync._windows._EventPoller/_windows.py:218]: Stopping worker thread...
2025-07-22 10:32:50,411 [DEBUG] [Dummy-13] [qasync._windows._EventWorker/_windows.py:201]: Exiting thread
2025-07-22 10:32:50,412 [DEBUG] [MainThread] [qasync._windows._IocpProactor/_windows.py:75]: Closing
2025-07-22 10:32:50,724 [INFO] [MainThread] [root/log.py:59]: Yasb v1.7.4
2025-07-22 10:32:50,726 [INFO] [Thread-1 (_run_server)] [cli_server/cli_server.py:212]: CLI server started v1.1.1
2025-07-22 10:32:50,726 [INFO] [MainThread] [cli_server/cli_server.py:104]: Log pipe server started
2025-07-22 10:32:51,030 [DEBUG] [MainThread] [comtypes/__init__.py:149]: CoInitializeEx(None, 2)
2025-07-22 10:32:51,100 [DEBUG] [MainThread] [tzlocal/win32.py:55]: Looking up time zone info from registry
2025-07-22 10:32:51,368 [INFO] [MainThread] [root/watcher.py:55]: Created file watcher for path C:\Users\tamil\.config\yasb
2025-07-22 10:32:51,369 [INFO] [Dummy-10] [root/event_listener.py:53]: Created named pipe yasb-20f7826f-6711-11f0-85cb-58cdc95b2622
2025-07-22 10:32:51,415 [DEBUG] [MainThread] [qasync._windows._EventPoller/_windows.py:213]: Starting (proactor: <_IocpProactor overlapped#=0 result#=0>)...
2025-07-22 10:32:51,417 [DEBUG] [Dummy-13] [qasync._windows._EventWorker/_windows.py:192]: Thread started
2025-07-22 10:32:51,456 [INFO] [Dummy-10] [root/event_listener.py:125]: Komorebi connected to named pipe: yasb-20f7826f-6711-11f0-85cb-58cdc95b2622
2025-07-22 10:33:33,369 [INFO] [MainThread] [root/controller.py:12]: Reloading Application because of config update...
2025-07-22 10:33:33,476 [INFO] [MainThread] [cli_server/cli_server.py:112]: Log pipe server stopped
2025-07-22 10:33:33,476 [DEBUG] [MainThread] [cli_server/cli_server.py:206]: CLI server stopped
2025-07-22 10:33:33,489 [DEBUG] [MainThread] [qasync._windows._EventPoller/_windows.py:218]: Stopping worker thread...
2025-07-22 10:33:33,502 [DEBUG] [Dummy-13] [qasync._windows._EventWorker/_windows.py:201]: Exiting thread
2025-07-22 10:33:33,503 [DEBUG] [MainThread] [qasync._windows._IocpProactor/_windows.py:75]: Closing
2025-07-22 10:33:33,794 [INFO] [MainThread] [root/log.py:59]: Yasb v1.7.4
2025-07-22 10:33:33,795 [INFO] [Thread-1 (_run_server)] [cli_server/cli_server.py:212]: CLI server started v1.1.1
2025-07-22 10:33:33,796 [INFO] [MainThread] [cli_server/cli_server.py:104]: Log pipe server started
2025-07-22 10:33:34,092 [DEBUG] [MainThread] [comtypes/__init__.py:149]: CoInitializeEx(None, 2)
2025-07-22 10:33:34,156 [DEBUG] [MainThread] [tzlocal/win32.py:55]: Looking up time zone info from registry
2025-07-22 10:33:34,448 [INFO] [MainThread] [root/watcher.py:55]: Created file watcher for path C:\Users\tamil\.config\yasb
2025-07-22 10:33:34,448 [INFO] [Dummy-10] [root/event_listener.py:53]: Created named pipe yasb-3aa4d31a-6711-11f0-b966-58cdc95b2622
2025-07-22 10:33:34,494 [DEBUG] [MainThread] [qasync._windows._EventPoller/_windows.py:213]: Starting (proactor: <_IocpProactor overlapped#=0 result#=0>)...
2025-07-22 10:33:34,495 [DEBUG] [Dummy-13] [qasync._windows._EventWorker/_windows.py:192]: Thread started
2025-07-22 10:33:34,535 [INFO] [Dummy-10] [root/event_listener.py:125]: Komorebi connected to named pipe: yasb-3aa4d31a-6711-11f0-b966-58cdc95b2622
2025-07-22 10:33:37,752 [INFO] [MainThread] [root/controller.py:12]: Reloading Application because of config update...
2025-07-22 10:33:37,852 [INFO] [MainThread] [cli_server/cli_server.py:112]: Log pipe server stopped
2025-07-22 10:33:37,852 [DEBUG] [MainThread] [cli_server/cli_server.py:206]: CLI server stopped
2025-07-22 10:33:37,867 [DEBUG] [MainThread] [qasync._windows._EventPoller/_windows.py:218]: Stopping worker thread...
2025-07-22 10:33:37,886 [DEBUG] [Dummy-13] [qasync._windows._EventWorker/_windows.py:201]: Exiting thread
2025-07-22 10:33:37,887 [DEBUG] [MainThread] [qasync._windows._IocpProactor/_windows.py:75]: Closing
2025-07-22 10:33:38,174 [INFO] [MainThread] [root/log.py:59]: Yasb v1.7.4
2025-07-22 10:33:38,175 [INFO] [Thread-1 (_run_server)] [cli_server/cli_server.py:212]: CLI server started v1.1.1
2025-07-22 10:33:38,176 [INFO] [MainThread] [cli_server/cli_server.py:104]: Log pipe server started
2025-07-22 10:33:38,491 [DEBUG] [MainThread] [comtypes/__init__.py:149]: CoInitializeEx(None, 2)
2025-07-22 10:33:38,557 [DEBUG] [MainThread] [tzlocal/win32.py:55]: Looking up time zone info from registry
2025-07-22 10:33:38,830 [INFO] [MainThread] [root/watcher.py:55]: Created file watcher for path C:\Users\tamil\.config\yasb
2025-07-22 10:33:38,830 [INFO] [Dummy-10] [root/event_listener.py:53]: Created named pipe yasb-3d41742c-6711-11f0-9e37-58cdc95b2622
2025-07-22 10:33:38,875 [DEBUG] [MainThread] [qasync._windows._EventPoller/_windows.py:213]: Starting (proactor: <_IocpProactor overlapped#=0 result#=0>)...
2025-07-22 10:33:38,877 [DEBUG] [Dummy-13] [qasync._windows._EventWorker/_windows.py:192]: Thread started
2025-07-22 10:33:38,916 [INFO] [Dummy-10] [root/event_listener.py:125]: Komorebi connected to named pipe: yasb-3d41742c-6711-11f0-9e37-58cdc95b2622
2025-07-22 10:33:39,485 [INFO] [MainThread] [root/controller.py:12]: Reloading Application because of config update...
2025-07-22 10:33:39,586 [INFO] [MainThread] [cli_server/cli_server.py:112]: Log pipe server stopped
2025-07-22 10:33:39,586 [DEBUG] [MainThread] [cli_server/cli_server.py:206]: CLI server stopped
2025-07-22 10:33:39,600 [DEBUG] [MainThread] [qasync._windows._EventPoller/_windows.py:218]: Stopping worker thread...
2025-07-22 10:33:39,603 [DEBUG] [Dummy-13] [qasync._windows._EventWorker/_windows.py:201]: Exiting thread
2025-07-22 10:33:39,604 [DEBUG] [MainThread] [qasync._windows._IocpProactor/_windows.py:75]: Closing
2025-07-22 10:33:39,917 [INFO] [MainThread] [root/log.py:59]: Yasb v1.7.4
2025-07-22 10:33:39,918 [INFO] [Thread-1 (_run_server)] [cli_server/cli_server.py:212]: CLI server started v1.1.1
2025-07-22 10:33:39,918 [INFO] [MainThread] [cli_server/cli_server.py:104]: Log pipe server started
2025-07-22 10:33:40,212 [DEBUG] [MainThread] [comtypes/__init__.py:149]: CoInitializeEx(None, 2)
2025-07-22 10:33:40,282 [DEBUG] [MainThread] [tzlocal/win32.py:55]: Looking up time zone info from registry
2025-07-22 10:33:40,555 [INFO] [MainThread] [root/watcher.py:55]: Created file watcher for path C:\Users\tamil\.config\yasb
2025-07-22 10:33:40,556 [INFO] [Dummy-10] [root/event_listener.py:53]: Created named pipe yasb-3e48e905-6711-11f0-9b79-58cdc95b2622
2025-07-22 10:33:40,601 [DEBUG] [MainThread] [qasync._windows._EventPoller/_windows.py:213]: Starting (proactor: <_IocpProactor overlapped#=0 result#=0>)...
2025-07-22 10:33:40,603 [DEBUG] [Dummy-13] [qasync._windows._EventWorker/_windows.py:192]: Thread started
2025-07-22 10:33:40,657 [INFO] [Dummy-10] [root/event_listener.py:125]: Komorebi connected to named pipe: yasb-3e48e905-6711-11f0-9b79-58cdc95b2622
2025-07-22 10:33:40,666 [INFO] [MainThread] [root/controller.py:12]: Reloading Application because of config update...
2025-07-22 10:33:40,767 [INFO] [MainThread] [cli_server/cli_server.py:112]: Log pipe server stopped
2025-07-22 10:33:40,767 [DEBUG] [MainThread] [cli_server/cli_server.py:206]: CLI server stopped
2025-07-22 10:33:40,801 [DEBUG] [MainThread] [qasync._windows._EventPoller/_windows.py:218]: Stopping worker thread...
2025-07-22 10:33:40,812 [DEBUG] [Dummy-13] [qasync._windows._EventWorker/_windows.py:201]: Exiting thread
2025-07-22 10:33:40,813 [DEBUG] [MainThread] [qasync._windows._IocpProactor/_windows.py:75]: Closing
2025-07-22 10:33:41,110 [INFO] [MainThread] [root/log.py:59]: Yasb v1.7.4
2025-07-22 10:33:41,111 [INFO] [Thread-1 (_run_server)] [cli_server/cli_server.py:212]: CLI server started v1.1.1
2025-07-22 10:33:41,111 [INFO] [MainThread] [cli_server/cli_server.py:104]: Log pipe server started
2025-07-22 10:33:41,406 [DEBUG] [MainThread] [comtypes/__init__.py:149]: CoInitializeEx(None, 2)
2025-07-22 10:33:41,479 [DEBUG] [MainThread] [tzlocal/win32.py:55]: Looking up time zone info from registry
2025-07-22 10:33:41,736 [INFO] [MainThread] [root/watcher.py:55]: Created file watcher for path C:\Users\tamil\.config\yasb
2025-07-22 10:33:41,737 [INFO] [Dummy-10] [root/event_listener.py:53]: Created named pipe yasb-3efd1119-6711-11f0-8a9a-58cdc95b2622
2025-07-22 10:33:41,782 [DEBUG] [MainThread] [qasync._windows._EventPoller/_windows.py:213]: Starting (proactor: <_IocpProactor overlapped#=0 result#=0>)...
2025-07-22 10:33:41,783 [DEBUG] [Dummy-13] [qasync._windows._EventWorker/_windows.py:192]: Thread started
2025-07-22 10:33:41,820 [INFO] [Dummy-10] [root/event_listener.py:125]: Komorebi connected to named pipe: yasb-3efd1119-6711-11f0-8a9a-58cdc95b2622
2025-07-22 10:34:06,609 [INFO] [MainThread] [root/controller.py:12]: Reloading Application from tray...
2025-07-22 10:34:06,722 [INFO] [MainThread] [cli_server/cli_server.py:112]: Log pipe server stopped
2025-07-22 10:34:06,722 [DEBUG] [MainThread] [cli_server/cli_server.py:206]: CLI server stopped
2025-07-22 10:34:06,739 [DEBUG] [MainThread] [qasync._windows._EventPoller/_windows.py:218]: Stopping worker thread...
2025-07-22 10:34:06,741 [DEBUG] [Dummy-13] [qasync._windows._EventWorker/_windows.py:201]: Exiting thread
2025-07-22 10:34:06,742 [DEBUG] [MainThread] [qasync._windows._IocpProactor/_windows.py:75]: Closing
2025-07-22 10:34:07,066 [INFO] [MainThread] [root/log.py:59]: Yasb v1.7.4
2025-07-22 10:34:07,067 [INFO] [Thread-1 (_run_server)] [cli_server/cli_server.py:212]: CLI server started v1.1.1
2025-07-22 10:34:07,067 [INFO] [MainThread] [cli_server/cli_server.py:104]: Log pipe server started
2025-07-22 10:34:07,403 [DEBUG] [MainThread] [comtypes/__init__.py:149]: CoInitializeEx(None, 2)
2025-07-22 10:34:07,494 [DEBUG] [MainThread] [tzlocal/win32.py:55]: Looking up time zone info from registry
2025-07-22 10:34:07,768 [INFO] [MainThread] [root/watcher.py:55]: Created file watcher for path C:\Users\tamil\.config\yasb
2025-07-22 10:34:07,769 [INFO] [Dummy-10] [root/event_listener.py:53]: Created named pipe yasb-4e80fddb-6711-11f0-92e0-58cdc95b2622
2025-07-22 10:34:07,812 [DEBUG] [MainThread] [qasync._windows._EventPoller/_windows.py:213]: Starting (proactor: <_IocpProactor overlapped#=0 result#=0>)...
2025-07-22 10:34:07,814 [DEBUG] [Dummy-13] [qasync._windows._EventWorker/_windows.py:192]: Thread started
2025-07-22 10:34:07,845 [INFO] [Dummy-10] [root/event_listener.py:125]: Komorebi connected to named pipe: yasb-4e80fddb-6711-11f0-92e0-58cdc95b2622
2025-07-22 10:34:38,054 [INFO] [MainThread] [root/controller.py:12]: Reloading Application from tray...
2025-07-22 10:34:38,155 [INFO] [MainThread] [cli_server/cli_server.py:112]: Log pipe server stopped
2025-07-22 10:34:38,155 [DEBUG] [MainThread] [cli_server/cli_server.py:206]: CLI server stopped
2025-07-22 10:34:38,172 [DEBUG] [MainThread] [qasync._windows._EventPoller/_windows.py:218]: Stopping worker thread...
2025-07-22 10:34:38,186 [DEBUG] [Dummy-13] [qasync._windows._EventWorker/_windows.py:201]: Exiting thread
2025-07-22 10:34:38,187 [DEBUG] [MainThread] [qasync._windows._IocpProactor/_windows.py:75]: Closing
2025-07-22 10:34:38,469 [INFO] [MainThread] [root/log.py:59]: Yasb v1.7.4
2025-07-22 10:34:38,470 [INFO] [Thread-1 (_run_server)] [cli_server/cli_server.py:212]: CLI server started v1.1.1
2025-07-22 10:34:38,470 [INFO] [MainThread] [cli_server/cli_server.py:104]: Log pipe server started
2025-07-22 10:34:38,737 [DEBUG] [MainThread] [comtypes/__init__.py:149]: CoInitializeEx(None, 2)
2025-07-22 10:34:38,800 [DEBUG] [MainThread] [tzlocal/win32.py:55]: Looking up time zone info from registry
2025-07-22 10:34:39,059 [INFO] [MainThread] [root/watcher.py:55]: Created file watcher for path C:\Users\tamil\.config\yasb
2025-07-22 10:34:39,060 [INFO] [Dummy-10] [root/event_listener.py:53]: Created named pipe yasb-6127de83-6711-11f0-9e9a-58cdc95b2622
2025-07-22 10:34:39,101 [DEBUG] [MainThread] [qasync._windows._EventPoller/_windows.py:213]: Starting (proactor: <_IocpProactor overlapped#=0 result#=0>)...
2025-07-22 10:34:39,103 [DEBUG] [Dummy-13] [qasync._windows._EventWorker/_windows.py:192]: Thread started
2025-07-22 10:34:39,139 [INFO] [Dummy-10] [root/event_listener.py:125]: Komorebi connected to named pipe: yasb-6127de83-6711-11f0-9e9a-58cdc95b2622
2025-07-22 10:35:04,397 [INFO] [MainThread] [root/controller.py:12]: Reloading Application from tray...
2025-07-22 10:35:04,501 [INFO] [MainThread] [cli_server/cli_server.py:112]: Log pipe server stopped
2025-07-22 10:35:04,501 [DEBUG] [MainThread] [cli_server/cli_server.py:206]: CLI server stopped
2025-07-22 10:35:04,518 [DEBUG] [MainThread] [qasync._windows._EventPoller/_windows.py:218]: Stopping worker thread...
2025-07-22 10:35:04,534 [DEBUG] [Dummy-13] [qasync._windows._EventWorker/_windows.py:201]: Exiting thread
2025-07-22 10:35:04,535 [DEBUG] [MainThread] [qasync._windows._IocpProactor/_windows.py:75]: Closing
2025-07-22 10:35:04,832 [INFO] [MainThread] [root/log.py:59]: Yasb v1.7.4
2025-07-22 10:35:04,833 [INFO] [Thread-1 (_run_server)] [cli_server/cli_server.py:212]: CLI server started v1.1.1
2025-07-22 10:35:04,833 [INFO] [MainThread] [cli_server/cli_server.py:104]: Log pipe server started
2025-07-22 10:35:05,146 [DEBUG] [MainThread] [comtypes/__init__.py:149]: CoInitializeEx(None, 2)
2025-07-22 10:35:05,238 [DEBUG] [MainThread] [tzlocal/win32.py:55]: Looking up time zone info from registry
2025-07-22 10:35:05,500 [INFO] [MainThread] [root/watcher.py:55]: Created file watcher for path C:\Users\tamil\.config\yasb
2025-07-22 10:35:05,502 [INFO] [Dummy-10] [root/event_listener.py:53]: Created named pipe yasb-70ea7a7f-6711-11f0-9232-58cdc95b2622
2025-07-22 10:35:05,545 [DEBUG] [MainThread] [qasync._windows._EventPoller/_windows.py:213]: Starting (proactor: <_IocpProactor overlapped#=0 result#=0>)...
2025-07-22 10:35:05,546 [DEBUG] [Dummy-13] [qasync._windows._EventWorker/_windows.py:192]: Thread started
2025-07-22 10:35:05,588 [INFO] [Dummy-10] [root/event_listener.py:125]: Komorebi connected to named pipe: yasb-70ea7a7f-6711-11f0-9232-58cdc95b2622
2025-07-22 10:35:25,084 [INFO] [MainThread] [root/controller.py:12]: Reloading Application because of config update...
2025-07-22 10:35:25,198 [INFO] [MainThread] [cli_server/cli_server.py:112]: Log pipe server stopped
2025-07-22 10:35:25,198 [DEBUG] [MainThread] [cli_server/cli_server.py:206]: CLI server stopped
2025-07-22 10:35:25,212 [DEBUG] [MainThread] [qasync._windows._EventPoller/_windows.py:218]: Stopping worker thread...
2025-07-22 10:35:25,214 [DEBUG] [Dummy-13] [qasync._windows._EventWorker/_windows.py:201]: Exiting thread
2025-07-22 10:35:25,214 [DEBUG] [MainThread] [qasync._windows._IocpProactor/_windows.py:75]: Closing
2025-07-22 10:35:25,516 [INFO] [MainThread] [root/log.py:59]: Yasb v1.7.4
2025-07-22 10:35:25,518 [INFO] [Thread-1 (_run_server)] [cli_server/cli_server.py:212]: CLI server started v1.1.1
2025-07-22 10:35:25,518 [INFO] [MainThread] [cli_server/cli_server.py:104]: Log pipe server started
2025-07-22 10:35:25,827 [DEBUG] [MainThread] [comtypes/__init__.py:149]: CoInitializeEx(None, 2)
2025-07-22 10:35:25,912 [DEBUG] [MainThread] [tzlocal/win32.py:55]: Looking up time zone info from registry
2025-07-22 10:35:26,186 [ERROR] [MainThread] [root/widget_builder.py:88]: Failed to validate widget(s) due to invalid options  - komorebi_active_layout
      icons:
      - unknown field
      
2025-07-22 10:35:26,189 [INFO] [Dummy-8] [root/event_listener.py:53]: Created named pipe yasb-7d3ef98f-6711-11f0-95da-58cdc95b2622
2025-07-22 10:35:26,331 [INFO] [Dummy-8] [root/event_listener.py:125]: Komorebi connected to named pipe: yasb-7d3ef98f-6711-11f0-95da-58cdc95b2622
2025-07-22 10:35:29,583 [INFO] [MainThread] [root/watcher.py:55]: Created file watcher for path C:\Users\tamil\.config\yasb
2025-07-22 10:35:29,635 [DEBUG] [MainThread] [qasync._windows._EventPoller/_windows.py:213]: Starting (proactor: <_IocpProactor overlapped#=0 result#=0>)...
2025-07-22 10:35:29,637 [DEBUG] [Dummy-14] [qasync._windows._EventWorker/_windows.py:192]: Thread started
2025-07-22 10:35:33,697 [INFO] [MainThread] [root/controller.py:12]: Reloading Application because of config update...
2025-07-22 10:35:33,812 [INFO] [MainThread] [cli_server/cli_server.py:112]: Log pipe server stopped
2025-07-22 10:35:33,812 [DEBUG] [MainThread] [cli_server/cli_server.py:206]: CLI server stopped
2025-07-22 10:35:33,826 [DEBUG] [MainThread] [qasync._windows._EventPoller/_windows.py:218]: Stopping worker thread...
2025-07-22 10:35:33,828 [DEBUG] [Dummy-14] [qasync._windows._EventWorker/_windows.py:201]: Exiting thread
2025-07-22 10:35:33,829 [DEBUG] [MainThread] [qasync._windows._IocpProactor/_windows.py:75]: Closing
2025-07-22 10:35:34,134 [INFO] [MainThread] [root/log.py:59]: Yasb v1.7.4
2025-07-22 10:35:34,135 [INFO] [Thread-1 (_run_server)] [cli_server/cli_server.py:212]: CLI server started v1.1.1
2025-07-22 10:35:34,135 [INFO] [MainThread] [cli_server/cli_server.py:104]: Log pipe server started
2025-07-22 10:35:34,457 [DEBUG] [MainThread] [comtypes/__init__.py:149]: CoInitializeEx(None, 2)
2025-07-22 10:35:34,528 [DEBUG] [MainThread] [tzlocal/win32.py:55]: Looking up time zone info from registry
2025-07-22 10:35:34,798 [ERROR] [MainThread] [root/widget_builder.py:88]: Failed to validate widget(s) due to invalid options  - komorebi_active_layout
      layouicons:
      - unknown field
      
2025-07-22 10:35:34,799 [INFO] [Dummy-8] [root/event_listener.py:53]: Created named pipe yasb-82610fda-6711-11f0-bd11-58cdc95b2622
2025-07-22 10:35:34,952 [INFO] [Dummy-8] [root/event_listener.py:125]: Komorebi connected to named pipe: yasb-82610fda-6711-11f0-bd11-58cdc95b2622
2025-07-22 10:35:37,385 [INFO] [MainThread] [root/watcher.py:55]: Created file watcher for path C:\Users\tamil\.config\yasb
2025-07-22 10:35:37,438 [DEBUG] [MainThread] [qasync._windows._EventPoller/_windows.py:213]: Starting (proactor: <_IocpProactor overlapped#=0 result#=0>)...
2025-07-22 10:35:37,440 [DEBUG] [Dummy-14] [qasync._windows._EventWorker/_windows.py:192]: Thread started
2025-07-22 10:35:40,771 [INFO] [MainThread] [root/controller.py:12]: Reloading Application because of config update...
2025-07-22 10:35:40,885 [INFO] [MainThread] [cli_server/cli_server.py:112]: Log pipe server stopped
2025-07-22 10:35:40,885 [DEBUG] [MainThread] [cli_server/cli_server.py:206]: CLI server stopped
2025-07-22 10:35:40,899 [DEBUG] [MainThread] [qasync._windows._EventPoller/_windows.py:218]: Stopping worker thread...
2025-07-22 10:35:40,906 [DEBUG] [Dummy-14] [qasync._windows._EventWorker/_windows.py:201]: Exiting thread
2025-07-22 10:35:40,908 [DEBUG] [MainThread] [qasync._windows._IocpProactor/_windows.py:75]: Closing
2025-07-22 10:35:41,185 [INFO] [MainThread] [root/log.py:59]: Yasb v1.7.4
2025-07-22 10:35:41,186 [INFO] [Thread-1 (_run_server)] [cli_server/cli_server.py:212]: CLI server started v1.1.1
2025-07-22 10:35:41,187 [INFO] [MainThread] [cli_server/cli_server.py:104]: Log pipe server started
2025-07-22 10:35:41,466 [DEBUG] [MainThread] [comtypes/__init__.py:149]: CoInitializeEx(None, 2)
2025-07-22 10:35:41,532 [DEBUG] [MainThread] [tzlocal/win32.py:55]: Looking up time zone info from registry
2025-07-22 10:35:41,772 [INFO] [MainThread] [root/watcher.py:55]: Created file watcher for path C:\Users\tamil\.config\yasb
2025-07-22 10:35:41,772 [INFO] [Dummy-10] [root/event_listener.py:53]: Created named pipe yasb-868904fa-6711-11f0-ae30-58cdc95b2622
2025-07-22 10:35:41,815 [DEBUG] [MainThread] [qasync._windows._EventPoller/_windows.py:213]: Starting (proactor: <_IocpProactor overlapped#=0 result#=0>)...
2025-07-22 10:35:41,816 [DEBUG] [Dummy-13] [qasync._windows._EventWorker/_windows.py:192]: Thread started
2025-07-22 10:35:41,860 [INFO] [Dummy-10] [root/event_listener.py:125]: Komorebi connected to named pipe: yasb-868904fa-6711-11f0-ae30-58cdc95b2622
2025-07-22 10:36:18,443 [INFO] [MainThread] [root/controller.py:12]: Reloading Application from tray...
2025-07-22 10:36:18,545 [INFO] [MainThread] [cli_server/cli_server.py:112]: Log pipe server stopped
2025-07-22 10:36:18,545 [DEBUG] [MainThread] [cli_server/cli_server.py:206]: CLI server stopped
2025-07-22 10:36:18,559 [DEBUG] [MainThread] [qasync._windows._EventPoller/_windows.py:218]: Stopping worker thread...
2025-07-22 10:36:18,565 [DEBUG] [Dummy-13] [qasync._windows._EventWorker/_windows.py:201]: Exiting thread
2025-07-22 10:36:18,566 [DEBUG] [MainThread] [qasync._windows._IocpProactor/_windows.py:75]: Closing
2025-07-22 10:36:18,842 [INFO] [MainThread] [root/log.py:59]: Yasb v1.7.4
2025-07-22 10:36:18,844 [INFO] [Thread-1 (_run_server)] [cli_server/cli_server.py:212]: CLI server started v1.1.1
2025-07-22 10:36:18,844 [INFO] [MainThread] [cli_server/cli_server.py:104]: Log pipe server started
2025-07-22 10:36:19,136 [DEBUG] [MainThread] [comtypes/__init__.py:149]: CoInitializeEx(None, 2)
2025-07-22 10:36:19,200 [DEBUG] [MainThread] [tzlocal/win32.py:55]: Looking up time zone info from registry
2025-07-22 10:36:19,454 [INFO] [MainThread] [root/watcher.py:55]: Created file watcher for path C:\Users\tamil\.config\yasb
2025-07-22 10:36:19,455 [INFO] [Dummy-10] [root/event_listener.py:53]: Created named pipe yasb-9cfeda87-6711-11f0-b128-58cdc95b2622
2025-07-22 10:36:19,500 [DEBUG] [MainThread] [qasync._windows._EventPoller/_windows.py:213]: Starting (proactor: <_IocpProactor overlapped#=0 result#=0>)...
2025-07-22 10:36:19,502 [DEBUG] [Dummy-13] [qasync._windows._EventWorker/_windows.py:192]: Thread started
2025-07-22 10:36:19,545 [INFO] [Dummy-10] [root/event_listener.py:125]: Komorebi connected to named pipe: yasb-9cfeda87-6711-11f0-b128-58cdc95b2622
2025-07-22 10:37:40,783 [INFO] [MainThread] [root/controller.py:12]: Reloading Application from tray...
2025-07-22 10:37:40,886 [INFO] [MainThread] [cli_server/cli_server.py:112]: Log pipe server stopped
2025-07-22 10:37:40,886 [DEBUG] [MainThread] [cli_server/cli_server.py:206]: CLI server stopped
2025-07-22 10:37:40,901 [DEBUG] [MainThread] [qasync._windows._EventPoller/_windows.py:218]: Stopping worker thread...
2025-07-22 10:37:40,901 [DEBUG] [Dummy-13] [qasync._windows._EventWorker/_windows.py:201]: Exiting thread
2025-07-22 10:37:40,902 [DEBUG] [MainThread] [qasync._windows._IocpProactor/_windows.py:75]: Closing
2025-07-22 10:37:41,198 [INFO] [MainThread] [root/log.py:59]: Yasb v1.7.4
2025-07-22 10:37:41,198 [INFO] [Thread-1 (_run_server)] [cli_server/cli_server.py:212]: CLI server started v1.1.1
2025-07-22 10:37:41,199 [INFO] [MainThread] [cli_server/cli_server.py:104]: Log pipe server started
2025-07-22 10:37:41,478 [DEBUG] [MainThread] [comtypes/__init__.py:149]: CoInitializeEx(None, 2)
2025-07-22 10:37:41,540 [DEBUG] [MainThread] [tzlocal/win32.py:55]: Looking up time zone info from registry
2025-07-22 10:37:41,798 [INFO] [MainThread] [root/watcher.py:55]: Created file watcher for path C:\Users\tamil\.config\yasb
2025-07-22 10:37:41,799 [INFO] [Dummy-10] [root/event_listener.py:53]: Created named pipe yasb-ce139b3e-6711-11f0-aa78-58cdc95b2622
2025-07-22 10:37:41,846 [DEBUG] [MainThread] [qasync._windows._EventPoller/_windows.py:213]: Starting (proactor: <_IocpProactor overlapped#=0 result#=0>)...
2025-07-22 10:37:41,847 [DEBUG] [Dummy-13] [qasync._windows._EventWorker/_windows.py:192]: Thread started
2025-07-22 10:37:41,893 [INFO] [Dummy-10] [root/event_listener.py:125]: Komorebi connected to named pipe: yasb-ce139b3e-6711-11f0-aa78-58cdc95b2622
2025-07-22 10:38:03,275 [INFO] [MainThread] [root/controller.py:12]: Reloading Application from tray...
2025-07-22 10:38:03,381 [INFO] [MainThread] [cli_server/cli_server.py:112]: Log pipe server stopped
2025-07-22 10:38:03,381 [DEBUG] [MainThread] [cli_server/cli_server.py:206]: CLI server stopped
2025-07-22 10:38:03,399 [DEBUG] [MainThread] [qasync._windows._EventPoller/_windows.py:218]: Stopping worker thread...
2025-07-22 10:38:03,413 [DEBUG] [Dummy-13] [qasync._windows._EventWorker/_windows.py:201]: Exiting thread
2025-07-22 10:38:03,415 [DEBUG] [MainThread] [qasync._windows._IocpProactor/_windows.py:75]: Closing
2025-07-22 10:38:03,683 [INFO] [MainThread] [root/log.py:59]: Yasb v1.7.4
2025-07-22 10:38:03,684 [INFO] [Thread-1 (_run_server)] [cli_server/cli_server.py:212]: CLI server started v1.1.1
2025-07-22 10:38:03,684 [INFO] [MainThread] [cli_server/cli_server.py:104]: Log pipe server started
2025-07-22 10:38:03,950 [DEBUG] [MainThread] [comtypes/__init__.py:149]: CoInitializeEx(None, 2)
2025-07-22 10:38:04,021 [DEBUG] [MainThread] [tzlocal/win32.py:55]: Looking up time zone info from registry
2025-07-22 10:38:04,277 [INFO] [MainThread] [root/watcher.py:55]: Created file watcher for path C:\Users\tamil\.config\yasb
2025-07-22 10:38:04,278 [INFO] [Dummy-10] [root/event_listener.py:53]: Created named pipe yasb-db79bdb5-6711-11f0-8341-58cdc95b2622
2025-07-22 10:38:04,318 [DEBUG] [MainThread] [qasync._windows._EventPoller/_windows.py:213]: Starting (proactor: <_IocpProactor overlapped#=0 result#=0>)...
2025-07-22 10:38:04,320 [DEBUG] [Dummy-13] [qasync._windows._EventWorker/_windows.py:192]: Thread started
2025-07-22 10:38:04,356 [INFO] [Dummy-10] [root/event_listener.py:125]: Komorebi connected to named pipe: yasb-db79bdb5-6711-11f0-8341-58cdc95b2622
2025-07-22 10:38:05,823 [ERROR] [MainThread] [root/base.py:89]: Failed to execute callback of type 'toggle_layout_menu' with args: []
Traceback (most recent call last):
  File "D:\a\yasb\yasb\src\core\widgets\base.py", line 87, in _run_callback
  File "D:\a\yasb\yasb\src\core\widgets\komorebi\active_layout.py", line 124, in _toggle_layout_menu
  File "D:\a\yasb\yasb\src\core\widgets\komorebi\active_layout.py", line 164, in _show_layout_menu
KeyError: 'scrolling'
2025-07-22 10:38:07,887 [ERROR] [MainThread] [root/base.py:89]: Failed to execute callback of type 'toggle_layout_menu' with args: []
Traceback (most recent call last):
  File "D:\a\yasb\yasb\src\core\widgets\base.py", line 87, in _run_callback
  File "D:\a\yasb\yasb\src\core\widgets\komorebi\active_layout.py", line 124, in _toggle_layout_menu
  File "D:\a\yasb\yasb\src\core\widgets\komorebi\active_layout.py", line 164, in _show_layout_menu
KeyError: 'scrolling'
2025-07-22 10:38:08,373 [ERROR] [MainThread] [root/base.py:89]: Failed to execute callback of type 'toggle_layout_menu' with args: []
Traceback (most recent call last):
  File "D:\a\yasb\yasb\src\core\widgets\base.py", line 87, in _run_callback
  File "D:\a\yasb\yasb\src\core\widgets\komorebi\active_layout.py", line 124, in _toggle_layout_menu
  File "D:\a\yasb\yasb\src\core\widgets\komorebi\active_layout.py", line 164, in _show_layout_menu
KeyError: 'scrolling'
2025-07-22 10:38:26,113 [INFO] [MainThread] [root/controller.py:12]: Reloading Application because of config update...
2025-07-22 10:38:26,216 [INFO] [MainThread] [cli_server/cli_server.py:112]: Log pipe server stopped
2025-07-22 10:38:26,216 [DEBUG] [MainThread] [cli_server/cli_server.py:206]: CLI server stopped
2025-07-22 10:38:26,232 [DEBUG] [MainThread] [qasync._windows._EventPoller/_windows.py:218]: Stopping worker thread...
2025-07-22 10:38:26,250 [DEBUG] [Dummy-13] [qasync._windows._EventWorker/_windows.py:201]: Exiting thread
2025-07-22 10:38:26,251 [DEBUG] [MainThread] [qasync._windows._IocpProactor/_windows.py:75]: Closing
2025-07-22 10:38:26,265 [ERROR] [Dummy-10] [root/event_service.py:30]: Failed to emit signal <bound PYQT_SIGNAL k_signal_update of WorkspaceWidget object at 0x0000023715FB2D50>. Removing link to KomorebiEvent.KomorebiUpdate.
2025-07-22 10:38:26,523 [INFO] [MainThread] [root/log.py:59]: Yasb v1.7.4
2025-07-22 10:38:26,523 [INFO] [Thread-1 (_run_server)] [cli_server/cli_server.py:212]: CLI server started v1.1.1
2025-07-22 10:38:26,524 [INFO] [MainThread] [cli_server/cli_server.py:104]: Log pipe server started
2025-07-22 10:38:26,805 [DEBUG] [MainThread] [comtypes/__init__.py:149]: CoInitializeEx(None, 2)
2025-07-22 10:38:26,869 [DEBUG] [MainThread] [tzlocal/win32.py:55]: Looking up time zone info from registry
2025-07-22 10:38:27,122 [INFO] [MainThread] [root/watcher.py:55]: Created file watcher for path C:\Users\tamil\.config\yasb
2025-07-22 10:38:27,123 [INFO] [Dummy-10] [root/event_listener.py:53]: Created named pipe yasb-e9178073-6711-11f0-b175-58cdc95b2622
2025-07-22 10:38:27,172 [DEBUG] [MainThread] [qasync._windows._EventPoller/_windows.py:213]: Starting (proactor: <_IocpProactor overlapped#=0 result#=0>)...
2025-07-22 10:38:27,174 [DEBUG] [Dummy-13] [qasync._windows._EventWorker/_windows.py:192]: Thread started
2025-07-22 10:38:27,223 [INFO] [Dummy-10] [root/event_listener.py:125]: Komorebi connected to named pipe: yasb-e9178073-6711-11f0-b175-58cdc95b2622
2025-07-22 10:38:32,884 [INFO] [MainThread] [root/controller.py:12]: Reloading Application because of config update...
2025-07-22 10:38:32,987 [INFO] [MainThread] [cli_server/cli_server.py:112]: Log pipe server stopped
2025-07-22 10:38:32,987 [DEBUG] [MainThread] [cli_server/cli_server.py:206]: CLI server stopped
2025-07-22 10:38:33,002 [DEBUG] [MainThread] [qasync._windows._EventPoller/_windows.py:218]: Stopping worker thread...
2025-07-22 10:38:33,004 [DEBUG] [Dummy-13] [qasync._windows._EventWorker/_windows.py:201]: Exiting thread
2025-07-22 10:38:33,004 [DEBUG] [MainThread] [qasync._windows._IocpProactor/_windows.py:75]: Closing
2025-07-22 10:38:33,281 [INFO] [MainThread] [root/log.py:59]: Yasb v1.7.4
2025-07-22 10:38:33,282 [INFO] [Thread-1 (_run_server)] [cli_server/cli_server.py:212]: CLI server started v1.1.1
2025-07-22 10:38:33,282 [INFO] [MainThread] [cli_server/cli_server.py:104]: Log pipe server started
2025-07-22 10:38:33,564 [DEBUG] [MainThread] [comtypes/__init__.py:149]: CoInitializeEx(None, 2)
2025-07-22 10:38:33,632 [DEBUG] [MainThread] [tzlocal/win32.py:55]: Looking up time zone info from registry
2025-07-22 10:38:33,880 [ERROR] [MainThread] [root/widget_builder.py:88]: Failed to validate widget(s) due to invalid options  - komorebi_active_layout
      callbacks:
      - on_left:
        - unallowed value pre
      
2025-07-22 10:38:33,912 [INFO] [Dummy-8] [root/event_listener.py:53]: Created named pipe yasb-ed1eb14f-6711-11f0-80e3-58cdc95b2622
2025-07-22 10:38:34,018 [INFO] [Dummy-8] [root/event_listener.py:125]: Komorebi connected to named pipe: yasb-ed1eb14f-6711-11f0-80e3-58cdc95b2622
2025-07-22 10:38:35,881 [INFO] [MainThread] [root/watcher.py:55]: Created file watcher for path C:\Users\tamil\.config\yasb
2025-07-22 10:38:35,931 [DEBUG] [MainThread] [qasync._windows._EventPoller/_windows.py:213]: Starting (proactor: <_IocpProactor overlapped#=0 result#=0>)...
2025-07-22 10:38:35,933 [DEBUG] [Dummy-14] [qasync._windows._EventWorker/_windows.py:192]: Thread started
2025-07-22 10:38:40,120 [INFO] [MainThread] [root/controller.py:12]: Reloading Application because of config update...
2025-07-22 10:38:40,221 [INFO] [MainThread] [cli_server/cli_server.py:112]: Log pipe server stopped
2025-07-22 10:38:40,221 [DEBUG] [MainThread] [cli_server/cli_server.py:206]: CLI server stopped
2025-07-22 10:38:40,236 [DEBUG] [MainThread] [qasync._windows._EventPoller/_windows.py:218]: Stopping worker thread...
2025-07-22 10:38:40,252 [DEBUG] [Dummy-14] [qasync._windows._EventWorker/_windows.py:201]: Exiting thread
2025-07-22 10:38:40,253 [DEBUG] [MainThread] [qasync._windows._IocpProactor/_windows.py:75]: Closing
2025-07-22 10:38:40,517 [INFO] [MainThread] [root/log.py:59]: Yasb v1.7.4
2025-07-22 10:38:40,518 [INFO] [Thread-1 (_run_server)] [cli_server/cli_server.py:212]: CLI server started v1.1.1
2025-07-22 10:38:40,519 [INFO] [MainThread] [cli_server/cli_server.py:104]: Log pipe server started
2025-07-22 10:38:40,791 [DEBUG] [MainThread] [comtypes/__init__.py:149]: CoInitializeEx(None, 2)
2025-07-22 10:38:40,853 [DEBUG] [MainThread] [tzlocal/win32.py:55]: Looking up time zone info from registry
2025-07-22 10:38:41,114 [INFO] [MainThread] [root/watcher.py:55]: Created file watcher for path C:\Users\tamil\.config\yasb
2025-07-22 10:38:41,114 [INFO] [Dummy-10] [root/event_listener.py:53]: Created named pipe yasb-f16e6ac6-6711-11f0-9519-58cdc95b2622
2025-07-22 10:38:41,163 [DEBUG] [MainThread] [qasync._windows._EventPoller/_windows.py:213]: Starting (proactor: <_IocpProactor overlapped#=0 result#=0>)...
2025-07-22 10:38:41,164 [DEBUG] [Dummy-13] [qasync._windows._EventWorker/_windows.py:192]: Thread started
2025-07-22 10:38:41,201 [INFO] [Dummy-10] [root/event_listener.py:125]: Komorebi connected to named pipe: yasb-f16e6ac6-6711-11f0-9519-58cdc95b2622
2025-07-22 10:40:58,519 [INFO] [MainThread] [root/controller.py:12]: Reloading Application because of config update...
2025-07-22 10:40:58,633 [INFO] [MainThread] [cli_server/cli_server.py:112]: Log pipe server stopped
2025-07-22 10:40:58,633 [DEBUG] [MainThread] [cli_server/cli_server.py:206]: CLI server stopped
2025-07-22 10:40:58,648 [DEBUG] [MainThread] [qasync._windows._EventPoller/_windows.py:218]: Stopping worker thread...
2025-07-22 10:40:58,664 [DEBUG] [Dummy-13] [qasync._windows._EventWorker/_windows.py:201]: Exiting thread
2025-07-22 10:40:58,665 [DEBUG] [MainThread] [qasync._windows._IocpProactor/_windows.py:75]: Closing
2025-07-22 10:40:58,954 [INFO] [MainThread] [root/log.py:59]: Yasb v1.7.4
2025-07-22 10:40:58,955 [INFO] [Thread-1 (_run_server)] [cli_server/cli_server.py:212]: CLI server started v1.1.1
2025-07-22 10:40:58,955 [INFO] [MainThread] [cli_server/cli_server.py:104]: Log pipe server started
2025-07-22 10:40:59,266 [DEBUG] [MainThread] [comtypes/__init__.py:149]: CoInitializeEx(None, 2)
2025-07-22 10:40:59,337 [DEBUG] [MainThread] [tzlocal/win32.py:55]: Looking up time zone info from registry
2025-07-22 10:40:59,647 [INFO] [MainThread] [root/watcher.py:55]: Created file watcher for path C:\Users\tamil\.config\yasb
2025-07-22 10:40:59,648 [INFO] [Dummy-10] [root/event_listener.py:53]: Created named pipe yasb-4401172d-6712-11f0-aee9-58cdc95b2622
2025-07-22 10:40:59,689 [DEBUG] [MainThread] [qasync._windows._EventPoller/_windows.py:213]: Starting (proactor: <_IocpProactor overlapped#=0 result#=0>)...
2025-07-22 10:40:59,690 [DEBUG] [Dummy-13] [qasync._windows._EventWorker/_windows.py:192]: Thread started
2025-07-22 10:40:59,739 [INFO] [Dummy-10] [root/event_listener.py:125]: Komorebi connected to named pipe: yasb-4401172d-6712-11f0-aee9-58cdc95b2622
2025-07-22 10:41:00,730 [ERROR] [MainThread] [root/config.py:119]: The file 'C:\Users\tamil\.config\yasb\config.yaml' contains Parser Error(s). Please fix:
while parsing a block mapping
  in "C:\Users\tamil\.config\yasb\config.yaml", line 314, column 7
expected <block end>, but found '<scalar>'
  in "C:\Users\tamil\.config\yasb\config.yaml", line 315, column 28
2025-07-22 10:41:12,740 [INFO] [MainThread] [root/controller.py:12]: Reloading Application from tray...
2025-07-22 10:41:12,845 [INFO] [MainThread] [cli_server/cli_server.py:112]: Log pipe server stopped
2025-07-22 10:41:12,845 [DEBUG] [MainThread] [cli_server/cli_server.py:206]: CLI server stopped
2025-07-22 10:41:12,860 [DEBUG] [MainThread] [qasync._windows._EventPoller/_windows.py:218]: Stopping worker thread...
2025-07-22 10:41:12,882 [DEBUG] [Dummy-13] [qasync._windows._EventWorker/_windows.py:201]: Exiting thread
2025-07-22 10:41:12,884 [DEBUG] [MainThread] [qasync._windows._IocpProactor/_windows.py:75]: Closing
2025-07-22 10:41:13,184 [INFO] [MainThread] [root/log.py:59]: Yasb v1.7.4
2025-07-22 10:41:13,185 [INFO] [Thread-1 (_run_server)] [cli_server/cli_server.py:212]: CLI server started v1.1.1
2025-07-22 10:41:13,186 [INFO] [MainThread] [cli_server/cli_server.py:104]: Log pipe server started
2025-07-22 10:41:13,220 [ERROR] [MainThread] [root/config.py:119]: The file 'C:\Users\tamil\.config\yasb\config.yaml' contains Parser Error(s). Please fix:
while parsing a block mapping
  in "C:\Users\tamil\.config\yasb\config.yaml", line 314, column 7
expected <block end>, but found '<scalar>'
  in "C:\Users\tamil\.config\yasb\config.yaml", line 315, column 28
2025-07-22 10:41:13,224 [ERROR] [MainThread] [root/config.py:162]: User config file could not be loaded. Exiting Application.
2025-07-22 10:41:32,942 [INFO] [MainThread] [root/log.py:59]: Yasb v1.7.4
2025-07-22 10:41:32,942 [INFO] [Thread-1 (_run_server)] [cli_server/cli_server.py:212]: CLI server started v1.1.1
2025-07-22 10:41:32,943 [INFO] [MainThread] [cli_server/cli_server.py:104]: Log pipe server started
2025-07-22 10:41:32,977 [ERROR] [MainThread] [root/config.py:119]: The file 'C:\Users\tamil\.config\yasb\config.yaml' contains Parser Error(s). Please fix:
while parsing a block mapping
  in "C:\Users\tamil\.config\yasb\config.yaml", line 314, column 7
expected <block end>, but found '<scalar>'
  in "C:\Users\tamil\.config\yasb\config.yaml", line 315, column 28
2025-07-22 10:41:32,980 [ERROR] [MainThread] [root/config.py:162]: User config file could not be loaded. Exiting Application.
2025-07-22 10:41:43,736 [INFO] [MainThread] [root/log.py:59]: Yasb v1.7.4
2025-07-22 10:41:43,737 [INFO] [Thread-1 (_run_server)] [cli_server/cli_server.py:212]: CLI server started v1.1.1
2025-07-22 10:41:43,738 [INFO] [MainThread] [cli_server/cli_server.py:104]: Log pipe server started
2025-07-22 10:41:44,007 [DEBUG] [MainThread] [comtypes/__init__.py:149]: CoInitializeEx(None, 2)
2025-07-22 10:41:44,073 [DEBUG] [MainThread] [tzlocal/win32.py:55]: Looking up time zone info from registry
2025-07-22 10:41:44,359 [INFO] [MainThread] [root/watcher.py:55]: Created file watcher for path C:\Users\tamil\.config\yasb
2025-07-22 10:41:44,360 [INFO] [Dummy-10] [root/event_listener.py:53]: Created named pipe yasb-5ea79a7a-6712-11f0-b90f-58cdc95b2622
2025-07-22 10:41:44,408 [DEBUG] [MainThread] [qasync._windows._EventPoller/_windows.py:213]: Starting (proactor: <_IocpProactor overlapped#=0 result#=0>)...
2025-07-22 10:41:44,409 [DEBUG] [Dummy-13] [qasync._windows._EventWorker/_windows.py:192]: Thread started
2025-07-22 10:41:44,450 [INFO] [Dummy-10] [root/event_listener.py:125]: Komorebi connected to named pipe: yasb-5ea79a7a-6712-11f0-b90f-58cdc95b2622
2025-07-22 10:46:50,521 [INFO] [MainThread] [root/controller.py:12]: Reloading Application because of config update...
2025-07-22 10:46:50,626 [INFO] [MainThread] [cli_server/cli_server.py:112]: Log pipe server stopped
2025-07-22 10:46:50,626 [DEBUG] [MainThread] [cli_server/cli_server.py:206]: CLI server stopped
2025-07-22 10:46:50,642 [DEBUG] [MainThread] [qasync._windows._EventPoller/_windows.py:218]: Stopping worker thread...
2025-07-22 10:46:50,654 [DEBUG] [Dummy-13] [qasync._windows._EventWorker/_windows.py:201]: Exiting thread
2025-07-22 10:46:50,654 [DEBUG] [MainThread] [qasync._windows._IocpProactor/_windows.py:75]: Closing
2025-07-22 10:46:50,950 [INFO] [MainThread] [root/log.py:59]: Yasb v1.7.4
2025-07-22 10:46:50,952 [INFO] [Thread-1 (_run_server)] [cli_server/cli_server.py:212]: CLI server started v1.1.1
2025-07-22 10:46:50,952 [INFO] [MainThread] [cli_server/cli_server.py:104]: Log pipe server started
2025-07-22 10:46:51,236 [DEBUG] [MainThread] [comtypes/__init__.py:149]: CoInitializeEx(None, 2)
2025-07-22 10:46:51,302 [DEBUG] [MainThread] [tzlocal/win32.py:55]: Looking up time zone info from registry
2025-07-22 10:46:51,566 [INFO] [MainThread] [root/watcher.py:55]: Created file watcher for path C:\Users\tamil\.config\yasb
2025-07-22 10:46:51,568 [INFO] [Dummy-10] [root/event_listener.py:53]: Created named pipe yasb-15c3a491-6713-11f0-92a9-58cdc95b2622
2025-07-22 10:46:51,613 [DEBUG] [MainThread] [qasync._windows._EventPoller/_windows.py:213]: Starting (proactor: <_IocpProactor overlapped#=0 result#=0>)...
2025-07-22 10:46:51,614 [DEBUG] [Dummy-13] [qasync._windows._EventWorker/_windows.py:192]: Thread started
2025-07-22 10:46:51,655 [INFO] [Dummy-10] [root/event_listener.py:125]: Komorebi connected to named pipe: yasb-15c3a491-6713-11f0-92a9-58cdc95b2622
2025-07-22 10:46:58,117 [INFO] [MainThread] [root/controller.py:12]: Reloading Application because of config update...
2025-07-22 10:46:58,219 [INFO] [MainThread] [cli_server/cli_server.py:112]: Log pipe server stopped
2025-07-22 10:46:58,219 [DEBUG] [MainThread] [cli_server/cli_server.py:206]: CLI server stopped
2025-07-22 10:46:58,235 [DEBUG] [MainThread] [qasync._windows._EventPoller/_windows.py:218]: Stopping worker thread...
2025-07-22 10:46:58,250 [DEBUG] [Dummy-13] [qasync._windows._EventWorker/_windows.py:201]: Exiting thread
2025-07-22 10:46:58,251 [DEBUG] [MainThread] [qasync._windows._IocpProactor/_windows.py:75]: Closing
2025-07-22 10:46:58,544 [INFO] [MainThread] [root/log.py:59]: Yasb v1.7.4
2025-07-22 10:46:58,545 [INFO] [Thread-1 (_run_server)] [cli_server/cli_server.py:212]: CLI server started v1.1.1
2025-07-22 10:46:58,545 [INFO] [MainThread] [cli_server/cli_server.py:104]: Log pipe server started
2025-07-22 10:46:58,832 [DEBUG] [MainThread] [comtypes/__init__.py:149]: CoInitializeEx(None, 2)
2025-07-22 10:46:58,897 [DEBUG] [MainThread] [tzlocal/win32.py:55]: Looking up time zone info from registry
2025-07-22 10:46:59,182 [INFO] [MainThread] [root/watcher.py:55]: Created file watcher for path C:\Users\tamil\.config\yasb
2025-07-22 10:46:59,185 [INFO] [Dummy-10] [root/event_listener.py:53]: Created named pipe yasb-1a4daea5-6713-11f0-962b-58cdc95b2622
2025-07-22 10:46:59,219 [DEBUG] [MainThread] [qasync._windows._EventPoller/_windows.py:213]: Starting (proactor: <_IocpProactor overlapped#=0 result#=0>)...
2025-07-22 10:46:59,219 [DEBUG] [Dummy-13] [qasync._windows._EventWorker/_windows.py:192]: Thread started
2025-07-22 10:46:59,261 [INFO] [Dummy-10] [root/event_listener.py:125]: Komorebi connected to named pipe: yasb-1a4daea5-6713-11f0-962b-58cdc95b2622
2025-07-22 10:47:19,957 [INFO] [MainThread] [root/controller.py:12]: Reloading Application because of config update...
2025-07-22 10:47:20,070 [INFO] [MainThread] [cli_server/cli_server.py:112]: Log pipe server stopped
2025-07-22 10:47:20,070 [DEBUG] [MainThread] [cli_server/cli_server.py:206]: CLI server stopped
2025-07-22 10:47:20,085 [DEBUG] [MainThread] [qasync._windows._EventPoller/_windows.py:218]: Stopping worker thread...
2025-07-22 10:47:20,105 [DEBUG] [Dummy-13] [qasync._windows._EventWorker/_windows.py:201]: Exiting thread
2025-07-22 10:47:20,106 [DEBUG] [MainThread] [qasync._windows._IocpProactor/_windows.py:75]: Closing
2025-07-22 10:47:20,385 [INFO] [MainThread] [root/log.py:59]: Yasb v1.7.4
2025-07-22 10:47:20,385 [INFO] [Thread-1 (_run_server)] [cli_server/cli_server.py:212]: CLI server started v1.1.1
2025-07-22 10:47:20,386 [INFO] [MainThread] [cli_server/cli_server.py:104]: Log pipe server started
2025-07-22 10:47:20,704 [DEBUG] [MainThread] [comtypes/__init__.py:149]: CoInitializeEx(None, 2)
2025-07-22 10:47:20,794 [DEBUG] [MainThread] [tzlocal/win32.py:55]: Looking up time zone info from registry
2025-07-22 10:47:21,108 [INFO] [MainThread] [root/watcher.py:55]: Created file watcher for path C:\Users\tamil\.config\yasb
2025-07-22 10:47:21,113 [INFO] [Dummy-10] [root/event_listener.py:53]: Created named pipe yasb-275f55b3-6713-11f0-917d-58cdc95b2622
2025-07-22 10:47:21,167 [DEBUG] [MainThread] [qasync._windows._EventPoller/_windows.py:213]: Starting (proactor: <_IocpProactor overlapped#=0 result#=0>)...
2025-07-22 10:47:21,169 [DEBUG] [Dummy-13] [qasync._windows._EventWorker/_windows.py:192]: Thread started
2025-07-22 10:47:21,212 [INFO] [Dummy-10] [root/event_listener.py:125]: Komorebi connected to named pipe: yasb-275f55b3-6713-11f0-917d-58cdc95b2622
2025-07-22 10:47:49,986 [INFO] [MainThread] [root/controller.py:12]: Reloading Application from tray...
2025-07-22 10:47:50,091 [INFO] [MainThread] [cli_server/cli_server.py:112]: Log pipe server stopped
2025-07-22 10:47:50,092 [DEBUG] [MainThread] [cli_server/cli_server.py:206]: CLI server stopped
2025-07-22 10:47:50,106 [DEBUG] [MainThread] [qasync._windows._EventPoller/_windows.py:218]: Stopping worker thread...
2025-07-22 10:47:50,115 [DEBUG] [Dummy-13] [qasync._windows._EventWorker/_windows.py:201]: Exiting thread
2025-07-22 10:47:50,116 [DEBUG] [MainThread] [qasync._windows._IocpProactor/_windows.py:75]: Closing
2025-07-22 10:47:50,399 [INFO] [MainThread] [root/log.py:59]: Yasb v1.7.4
2025-07-22 10:47:50,400 [INFO] [Thread-1 (_run_server)] [cli_server/cli_server.py:212]: CLI server started v1.1.1
2025-07-22 10:47:50,400 [INFO] [MainThread] [cli_server/cli_server.py:104]: Log pipe server started
2025-07-22 10:47:50,674 [DEBUG] [MainThread] [comtypes/__init__.py:149]: CoInitializeEx(None, 2)
2025-07-22 10:47:50,737 [DEBUG] [MainThread] [tzlocal/win32.py:55]: Looking up time zone info from registry
2025-07-22 10:47:51,002 [INFO] [MainThread] [root/watcher.py:55]: Created file watcher for path C:\Users\tamil\.config\yasb
2025-07-22 10:47:51,002 [INFO] [Dummy-10] [root/event_listener.py:53]: Created named pipe yasb-3930cbad-6713-11f0-a23f-58cdc95b2622
2025-07-22 10:47:51,056 [DEBUG] [MainThread] [qasync._windows._EventPoller/_windows.py:213]: Starting (proactor: <_IocpProactor overlapped#=0 result#=0>)...
2025-07-22 10:47:51,056 [DEBUG] [Dummy-13] [qasync._windows._EventWorker/_windows.py:192]: Thread started
2025-07-22 10:47:51,104 [INFO] [Dummy-10] [root/event_listener.py:125]: Komorebi connected to named pipe: yasb-3930cbad-6713-11f0-a23f-58cdc95b2622
2025-07-22 10:48:21,891 [INFO] [MainThread] [root/controller.py:12]: Reloading Application from tray...
2025-07-22 10:48:21,992 [INFO] [MainThread] [cli_server/cli_server.py:112]: Log pipe server stopped
2025-07-22 10:48:21,992 [DEBUG] [MainThread] [cli_server/cli_server.py:206]: CLI server stopped
2025-07-22 10:48:22,008 [DEBUG] [MainThread] [qasync._windows._EventPoller/_windows.py:218]: Stopping worker thread...
2025-07-22 10:48:22,023 [DEBUG] [Dummy-13] [qasync._windows._EventWorker/_windows.py:201]: Exiting thread
2025-07-22 10:48:22,024 [DEBUG] [MainThread] [qasync._windows._IocpProactor/_windows.py:75]: Closing
2025-07-22 10:48:22,039 [ERROR] [Dummy-10] [root/event_service.py:30]: Failed to emit signal <bound PYQT_SIGNAL k_signal_update of WorkspaceWidget object at 0x0000023CB2182D50>. Removing link to KomorebiEvent.KomorebiUpdate.
2025-07-22 10:48:22,293 [INFO] [MainThread] [root/log.py:59]: Yasb v1.7.4
2025-07-22 10:48:22,294 [INFO] [Thread-1 (_run_server)] [cli_server/cli_server.py:212]: CLI server started v1.1.1
2025-07-22 10:48:22,294 [INFO] [MainThread] [cli_server/cli_server.py:104]: Log pipe server started
2025-07-22 10:48:22,582 [DEBUG] [MainThread] [comtypes/__init__.py:149]: CoInitializeEx(None, 2)
2025-07-22 10:48:22,646 [DEBUG] [MainThread] [tzlocal/win32.py:55]: Looking up time zone info from registry
2025-07-22 10:48:22,904 [INFO] [MainThread] [root/watcher.py:55]: Created file watcher for path C:\Users\tamil\.config\yasb
2025-07-22 10:48:22,905 [INFO] [Dummy-10] [root/event_listener.py:53]: Created named pipe yasb-4c34b186-6713-11f0-8de7-58cdc95b2622
2025-07-22 10:48:22,946 [DEBUG] [MainThread] [qasync._windows._EventPoller/_windows.py:213]: Starting (proactor: <_IocpProactor overlapped#=0 result#=0>)...
2025-07-22 10:48:22,947 [DEBUG] [Dummy-13] [qasync._windows._EventWorker/_windows.py:192]: Thread started
2025-07-22 10:48:22,985 [INFO] [Dummy-10] [root/event_listener.py:125]: Komorebi connected to named pipe: yasb-4c34b186-6713-11f0-8de7-58cdc95b2622
2025-07-22 10:49:56,646 [INFO] [MainThread] [root/controller.py:12]: Reloading Application from tray...
2025-07-22 10:49:56,752 [INFO] [MainThread] [cli_server/cli_server.py:112]: Log pipe server stopped
2025-07-22 10:49:56,752 [DEBUG] [MainThread] [cli_server/cli_server.py:206]: CLI server stopped
2025-07-22 10:49:56,769 [DEBUG] [MainThread] [qasync._windows._EventPoller/_windows.py:218]: Stopping worker thread...
2025-07-22 10:49:56,782 [DEBUG] [Dummy-13] [qasync._windows._EventWorker/_windows.py:201]: Exiting thread
2025-07-22 10:49:56,783 [DEBUG] [MainThread] [qasync._windows._IocpProactor/_windows.py:75]: Closing
2025-07-22 10:49:57,065 [INFO] [MainThread] [root/log.py:59]: Yasb v1.7.4
2025-07-22 10:49:57,067 [INFO] [Thread-1 (_run_server)] [cli_server/cli_server.py:212]: CLI server started v1.1.1
2025-07-22 10:49:57,068 [INFO] [MainThread] [cli_server/cli_server.py:104]: Log pipe server started
2025-07-22 10:49:57,346 [DEBUG] [MainThread] [comtypes/__init__.py:149]: CoInitializeEx(None, 2)
2025-07-22 10:49:57,410 [DEBUG] [MainThread] [tzlocal/win32.py:55]: Looking up time zone info from registry
2025-07-22 10:49:57,682 [INFO] [MainThread] [root/watcher.py:55]: Created file watcher for path C:\Users\tamil\.config\yasb
2025-07-22 10:49:57,682 [INFO] [Dummy-10] [root/event_listener.py:53]: Created named pipe yasb-84b299e5-6713-11f0-bb51-58cdc95b2622
2025-07-22 10:49:57,724 [DEBUG] [MainThread] [qasync._windows._EventPoller/_windows.py:213]: Starting (proactor: <_IocpProactor overlapped#=0 result#=0>)...
2025-07-22 10:49:57,726 [DEBUG] [Dummy-13] [qasync._windows._EventWorker/_windows.py:192]: Thread started
2025-07-22 10:49:57,765 [INFO] [Dummy-10] [root/event_listener.py:125]: Komorebi connected to named pipe: yasb-84b299e5-6713-11f0-bb51-58cdc95b2622
2025-07-22 10:50:09,665 [ERROR] [MainThread] [root/base.py:89]: Failed to execute callback of type 'toggle_layout_menu' with args: []
Traceback (most recent call last):
  File "D:\a\yasb\yasb\src\core\widgets\base.py", line 87, in _run_callback
  File "D:\a\yasb\yasb\src\core\widgets\komorebi\active_layout.py", line 124, in _toggle_layout_menu
  File "D:\a\yasb\yasb\src\core\widgets\komorebi\active_layout.py", line 164, in _show_layout_menu
KeyError: 'scrolling'
2025-07-22 10:51:42,723 [INFO] [MainThread] [root/controller.py:12]: Reloading Application from tray...
2025-07-22 10:51:42,836 [INFO] [MainThread] [cli_server/cli_server.py:112]: Log pipe server stopped
2025-07-22 10:51:42,836 [DEBUG] [MainThread] [cli_server/cli_server.py:206]: CLI server stopped
2025-07-22 10:51:42,854 [DEBUG] [MainThread] [qasync._windows._EventPoller/_windows.py:218]: Stopping worker thread...
2025-07-22 10:51:42,865 [DEBUG] [Dummy-13] [qasync._windows._EventWorker/_windows.py:201]: Exiting thread
2025-07-22 10:51:42,866 [DEBUG] [MainThread] [qasync._windows._IocpProactor/_windows.py:75]: Closing
2025-07-22 10:51:43,160 [INFO] [MainThread] [root/log.py:59]: Yasb v1.7.4
2025-07-22 10:51:43,161 [INFO] [Thread-1 (_run_server)] [cli_server/cli_server.py:212]: CLI server started v1.1.1
2025-07-22 10:51:43,162 [INFO] [MainThread] [cli_server/cli_server.py:104]: Log pipe server started
2025-07-22 10:51:43,444 [DEBUG] [MainThread] [comtypes/__init__.py:149]: CoInitializeEx(None, 2)
2025-07-22 10:51:43,506 [DEBUG] [MainThread] [tzlocal/win32.py:55]: Looking up time zone info from registry
2025-07-22 10:51:43,748 [INFO] [MainThread] [root/watcher.py:55]: Created file watcher for path C:\Users\tamil\.config\yasb
2025-07-22 10:51:43,748 [INFO] [Dummy-10] [root/event_listener.py:53]: Created named pipe yasb-c3eae125-6713-11f0-a4d1-58cdc95b2622
2025-07-22 10:51:43,790 [DEBUG] [MainThread] [qasync._windows._EventPoller/_windows.py:213]: Starting (proactor: <_IocpProactor overlapped#=0 result#=0>)...
2025-07-22 10:51:43,791 [DEBUG] [Dummy-13] [qasync._windows._EventWorker/_windows.py:192]: Thread started
2025-07-22 10:51:43,827 [INFO] [Dummy-10] [root/event_listener.py:125]: Komorebi connected to named pipe: yasb-c3eae125-6713-11f0-a4d1-58cdc95b2622
2025-07-22 10:53:41,936 [INFO] [MainThread] [root/controller.py:12]: Reloading Application because of config update...
2025-07-22 10:53:42,036 [INFO] [MainThread] [cli_server/cli_server.py:112]: Log pipe server stopped
2025-07-22 10:53:42,036 [DEBUG] [MainThread] [cli_server/cli_server.py:206]: CLI server stopped
2025-07-22 10:53:42,050 [DEBUG] [MainThread] [qasync._windows._EventPoller/_windows.py:218]: Stopping worker thread...
2025-07-22 10:53:42,052 [DEBUG] [Dummy-13] [qasync._windows._EventWorker/_windows.py:201]: Exiting thread
2025-07-22 10:53:42,053 [DEBUG] [MainThread] [qasync._windows._IocpProactor/_windows.py:75]: Closing
2025-07-22 10:53:42,346 [INFO] [MainThread] [root/log.py:59]: Yasb v1.7.4
2025-07-22 10:53:42,347 [INFO] [Thread-1 (_run_server)] [cli_server/cli_server.py:212]: CLI server started v1.1.1
2025-07-22 10:53:42,347 [INFO] [MainThread] [cli_server/cli_server.py:104]: Log pipe server started
2025-07-22 10:53:42,613 [DEBUG] [MainThread] [comtypes/__init__.py:149]: CoInitializeEx(None, 2)
2025-07-22 10:53:42,674 [DEBUG] [MainThread] [tzlocal/win32.py:55]: Looking up time zone info from registry
2025-07-22 10:53:42,929 [INFO] [MainThread] [root/watcher.py:55]: Created file watcher for path C:\Users\tamil\.config\yasb
2025-07-22 10:53:42,929 [INFO] [Dummy-10] [root/event_listener.py:53]: Created named pipe yasb-0af47fc0-6714-11f0-9939-58cdc95b2622
2025-07-22 10:53:42,974 [DEBUG] [MainThread] [qasync._windows._EventPoller/_windows.py:213]: Starting (proactor: <_IocpProactor overlapped#=0 result#=0>)...
2025-07-22 10:53:42,976 [DEBUG] [Dummy-13] [qasync._windows._EventWorker/_windows.py:192]: Thread started
2025-07-22 10:53:43,012 [INFO] [Dummy-10] [root/event_listener.py:125]: Komorebi connected to named pipe: yasb-0af47fc0-6714-11f0-9939-58cdc95b2622
2025-07-22 10:53:46,752 [INFO] [MainThread] [root/controller.py:12]: Reloading Application because of config update...
2025-07-22 10:53:46,853 [INFO] [MainThread] [cli_server/cli_server.py:112]: Log pipe server stopped
2025-07-22 10:53:46,853 [DEBUG] [MainThread] [cli_server/cli_server.py:206]: CLI server stopped
2025-07-22 10:53:46,868 [DEBUG] [MainThread] [qasync._windows._EventPoller/_windows.py:218]: Stopping worker thread...
2025-07-22 10:53:46,870 [DEBUG] [Dummy-13] [qasync._windows._EventWorker/_windows.py:201]: Exiting thread
2025-07-22 10:53:46,870 [DEBUG] [MainThread] [qasync._windows._IocpProactor/_windows.py:75]: Closing
2025-07-22 10:53:47,155 [INFO] [MainThread] [root/log.py:59]: Yasb v1.7.4
2025-07-22 10:53:47,157 [INFO] [Thread-1 (_run_server)] [cli_server/cli_server.py:212]: CLI server started v1.1.1
2025-07-22 10:53:47,157 [INFO] [MainThread] [cli_server/cli_server.py:104]: Log pipe server started
2025-07-22 10:53:47,430 [DEBUG] [MainThread] [comtypes/__init__.py:149]: CoInitializeEx(None, 2)
2025-07-22 10:53:47,493 [DEBUG] [MainThread] [tzlocal/win32.py:55]: Looking up time zone info from registry
2025-07-22 10:53:47,748 [INFO] [MainThread] [root/watcher.py:55]: Created file watcher for path C:\Users\tamil\.config\yasb
2025-07-22 10:53:47,748 [INFO] [Dummy-10] [root/event_listener.py:53]: Created named pipe yasb-0dd3b8c6-6714-11f0-97d3-58cdc95b2622
2025-07-22 10:53:47,791 [DEBUG] [MainThread] [qasync._windows._EventPoller/_windows.py:213]: Starting (proactor: <_IocpProactor overlapped#=0 result#=0>)...
2025-07-22 10:53:47,792 [DEBUG] [Dummy-13] [qasync._windows._EventWorker/_windows.py:192]: Thread started
2025-07-22 10:53:47,833 [INFO] [Dummy-10] [root/event_listener.py:125]: Komorebi connected to named pipe: yasb-0dd3b8c6-6714-11f0-97d3-58cdc95b2622
2025-07-22 10:54:15,125 [INFO] [MainThread] [root/controller.py:12]: Reloading Application because of config update...
2025-07-22 10:54:15,238 [INFO] [MainThread] [cli_server/cli_server.py:112]: Log pipe server stopped
2025-07-22 10:54:15,238 [DEBUG] [MainThread] [cli_server/cli_server.py:206]: CLI server stopped
2025-07-22 10:54:15,253 [DEBUG] [MainThread] [qasync._windows._EventPoller/_windows.py:218]: Stopping worker thread...
2025-07-22 10:54:15,254 [DEBUG] [Dummy-13] [qasync._windows._EventWorker/_windows.py:201]: Exiting thread
2025-07-22 10:54:15,254 [DEBUG] [MainThread] [qasync._windows._IocpProactor/_windows.py:75]: Closing
2025-07-22 10:54:15,537 [INFO] [MainThread] [root/log.py:59]: Yasb v1.7.4
2025-07-22 10:54:15,538 [INFO] [Thread-1 (_run_server)] [cli_server/cli_server.py:212]: CLI server started v1.1.1
2025-07-22 10:54:15,539 [INFO] [MainThread] [cli_server/cli_server.py:104]: Log pipe server started
2025-07-22 10:54:15,815 [DEBUG] [MainThread] [comtypes/__init__.py:149]: CoInitializeEx(None, 2)
2025-07-22 10:54:15,879 [DEBUG] [MainThread] [tzlocal/win32.py:55]: Looking up time zone info from registry
2025-07-22 10:54:16,122 [INFO] [MainThread] [root/watcher.py:55]: Created file watcher for path C:\Users\tamil\.config\yasb
2025-07-22 10:54:16,122 [INFO] [Dummy-10] [root/event_listener.py:53]: Created named pipe yasb-1ebd4f0c-6714-11f0-a7b5-58cdc95b2622
2025-07-22 10:54:16,164 [DEBUG] [MainThread] [qasync._windows._EventPoller/_windows.py:213]: Starting (proactor: <_IocpProactor overlapped#=0 result#=0>)...
2025-07-22 10:54:16,167 [DEBUG] [Dummy-13] [qasync._windows._EventWorker/_windows.py:192]: Thread started
2025-07-22 10:54:16,205 [INFO] [Dummy-10] [root/event_listener.py:125]: Komorebi connected to named pipe: yasb-1ebd4f0c-6714-11f0-a7b5-58cdc95b2622
2025-07-22 10:54:21,156 [INFO] [MainThread] [root/controller.py:12]: Reloading Application because of config update...
2025-07-22 10:54:21,258 [INFO] [MainThread] [cli_server/cli_server.py:112]: Log pipe server stopped
2025-07-22 10:54:21,258 [DEBUG] [MainThread] [cli_server/cli_server.py:206]: CLI server stopped
2025-07-22 10:54:21,274 [DEBUG] [MainThread] [qasync._windows._EventPoller/_windows.py:218]: Stopping worker thread...
2025-07-22 10:54:21,291 [DEBUG] [Dummy-13] [qasync._windows._EventWorker/_windows.py:201]: Exiting thread
2025-07-22 10:54:21,292 [DEBUG] [MainThread] [qasync._windows._IocpProactor/_windows.py:75]: Closing
2025-07-22 10:54:21,547 [INFO] [MainThread] [root/log.py:59]: Yasb v1.7.4
2025-07-22 10:54:21,558 [INFO] [Thread-1 (_run_server)] [cli_server/cli_server.py:212]: CLI server started v1.1.1
2025-07-22 10:54:21,559 [INFO] [MainThread] [cli_server/cli_server.py:104]: Log pipe server started
2025-07-22 10:54:21,837 [DEBUG] [MainThread] [comtypes/__init__.py:149]: CoInitializeEx(None, 2)
2025-07-22 10:54:21,901 [DEBUG] [MainThread] [tzlocal/win32.py:55]: Looking up time zone info from registry
2025-07-22 10:54:22,148 [INFO] [MainThread] [root/watcher.py:55]: Created file watcher for path C:\Users\tamil\.config\yasb
2025-07-22 10:54:22,148 [INFO] [Dummy-10] [root/event_listener.py:53]: Created named pipe yasb-2254f04a-6714-11f0-ac77-58cdc95b2622
2025-07-22 10:54:22,190 [DEBUG] [MainThread] [qasync._windows._EventPoller/_windows.py:213]: Starting (proactor: <_IocpProactor overlapped#=0 result#=0>)...
2025-07-22 10:54:22,193 [DEBUG] [Dummy-13] [qasync._windows._EventWorker/_windows.py:192]: Thread started
2025-07-22 10:54:22,239 [INFO] [Dummy-10] [root/event_listener.py:125]: Komorebi connected to named pipe: yasb-2254f04a-6714-11f0-ac77-58cdc95b2622
2025-07-22 10:56:28,041 [INFO] [MainThread] [root/controller.py:12]: Reloading Application because of config update...
2025-07-22 10:56:28,145 [INFO] [MainThread] [cli_server/cli_server.py:112]: Log pipe server stopped
2025-07-22 10:56:28,145 [DEBUG] [MainThread] [cli_server/cli_server.py:206]: CLI server stopped
2025-07-22 10:56:28,160 [DEBUG] [MainThread] [qasync._windows._EventPoller/_windows.py:218]: Stopping worker thread...
2025-07-22 10:56:28,162 [DEBUG] [Dummy-13] [qasync._windows._EventWorker/_windows.py:201]: Exiting thread
2025-07-22 10:56:28,162 [DEBUG] [MainThread] [qasync._windows._IocpProactor/_windows.py:75]: Closing
2025-07-22 10:56:28,458 [INFO] [MainThread] [root/log.py:59]: Yasb v1.7.4
2025-07-22 10:56:28,458 [INFO] [Thread-1 (_run_server)] [cli_server/cli_server.py:212]: CLI server started v1.1.1
2025-07-22 10:56:28,459 [INFO] [MainThread] [cli_server/cli_server.py:104]: Log pipe server started
2025-07-22 10:56:28,734 [DEBUG] [MainThread] [comtypes/__init__.py:149]: CoInitializeEx(None, 2)
2025-07-22 10:56:28,796 [DEBUG] [MainThread] [tzlocal/win32.py:55]: Looking up time zone info from registry
2025-07-22 10:56:29,044 [INFO] [MainThread] [root/watcher.py:55]: Created file watcher for path C:\Users\tamil\.config\yasb
2025-07-22 10:56:29,044 [INFO] [Dummy-10] [root/event_listener.py:53]: Created named pipe yasb-6df794e2-6714-11f0-ba03-58cdc95b2622
2025-07-22 10:56:29,089 [DEBUG] [MainThread] [qasync._windows._EventPoller/_windows.py:213]: Starting (proactor: <_IocpProactor overlapped#=0 result#=0>)...
2025-07-22 10:56:29,090 [DEBUG] [Dummy-13] [qasync._windows._EventWorker/_windows.py:192]: Thread started
2025-07-22 10:56:29,132 [INFO] [Dummy-10] [root/event_listener.py:125]: Komorebi connected to named pipe: yasb-6df794e2-6714-11f0-ba03-58cdc95b2622
2025-07-22 10:56:41,722 [ERROR] [MainThread] [root/config.py:119]: The file 'C:\Users\tamil\.config\yasb\config.yaml' contains Parser Error(s). Please fix:
while parsing a block collection
  in "C:\Users\tamil\.config\yasb\config.yaml", line 318, column 9
expected <block end>, but found '?'
  in "C:\Users\tamil\.config\yasb\config.yaml", line 319, column 9
2025-07-22 10:56:45,186 [ERROR] [MainThread] [root/config.py:119]: The file 'C:\Users\tamil\.config\yasb\config.yaml' contains Parser Error(s). Please fix:
while parsing a block collection
  in "C:\Users\tamil\.config\yasb\config.yaml", line 318, column 9
expected <block end>, but found '?'
  in "C:\Users\tamil\.config\yasb\config.yaml", line 320, column 9
2025-07-22 10:56:47,640 [ERROR] [MainThread] [root/config.py:119]: The file 'C:\Users\tamil\.config\yasb\config.yaml' contains Parser Error(s). Please fix:
while parsing a block collection
  in "C:\Users\tamil\.config\yasb\config.yaml", line 318, column 9
expected <block end>, but found '?'
  in "C:\Users\tamil\.config\yasb\config.yaml", line 321, column 9
2025-07-22 10:56:49,954 [ERROR] [MainThread] [root/config.py:119]: The file 'C:\Users\tamil\.config\yasb\config.yaml' contains Parser Error(s). Please fix:
while parsing a block collection
  in "C:\Users\tamil\.config\yasb\config.yaml", line 318, column 9
expected <block end>, but found '?'
  in "C:\Users\tamil\.config\yasb\config.yaml", line 322, column 9
2025-07-22 10:56:52,369 [ERROR] [MainThread] [root/config.py:119]: The file 'C:\Users\tamil\.config\yasb\config.yaml' contains Parser Error(s). Please fix:
while parsing a block collection
  in "C:\Users\tamil\.config\yasb\config.yaml", line 318, column 9
expected <block end>, but found '?'
  in "C:\Users\tamil\.config\yasb\config.yaml", line 323, column 9
2025-07-22 10:56:54,539 [ERROR] [MainThread] [root/config.py:119]: The file 'C:\Users\tamil\.config\yasb\config.yaml' contains Parser Error(s). Please fix:
while parsing a block collection
  in "C:\Users\tamil\.config\yasb\config.yaml", line 318, column 9
expected <block end>, but found '?'
  in "C:\Users\tamil\.config\yasb\config.yaml", line 324, column 9
2025-07-22 10:56:56,087 [ERROR] [MainThread] [root/config.py:119]: The file 'C:\Users\tamil\.config\yasb\config.yaml' contains Parser Error(s). Please fix:
while parsing a block collection
  in "C:\Users\tamil\.config\yasb\config.yaml", line 318, column 9
expected <block end>, but found '?'
  in "C:\Users\tamil\.config\yasb\config.yaml", line 325, column 9
2025-07-22 10:56:57,818 [ERROR] [MainThread] [root/config.py:119]: The file 'C:\Users\tamil\.config\yasb\config.yaml' contains Parser Error(s). Please fix:
while parsing a block collection
  in "C:\Users\tamil\.config\yasb\config.yaml", line 318, column 9
expected <block end>, but found '?'
  in "C:\Users\tamil\.config\yasb\config.yaml", line 326, column 9
2025-07-22 10:56:59,713 [ERROR] [MainThread] [root/config.py:119]: The file 'C:\Users\tamil\.config\yasb\config.yaml' contains Parser Error(s). Please fix:
while parsing a block collection
  in "C:\Users\tamil\.config\yasb\config.yaml", line 318, column 9
expected <block end>, but found '?'
  in "C:\Users\tamil\.config\yasb\config.yaml", line 327, column 9
2025-07-22 10:57:01,459 [ERROR] [MainThread] [root/config.py:119]: The file 'C:\Users\tamil\.config\yasb\config.yaml' contains Parser Error(s). Please fix:
while parsing a block collection
  in "C:\Users\tamil\.config\yasb\config.yaml", line 318, column 9
expected <block end>, but found '?'
  in "C:\Users\tamil\.config\yasb\config.yaml", line 328, column 9
2025-07-22 10:57:02,594 [ERROR] [MainThread] [root/config.py:119]: The file 'C:\Users\tamil\.config\yasb\config.yaml' contains Parser Error(s). Please fix:
while parsing a block collection
  in "C:\Users\tamil\.config\yasb\config.yaml", line 318, column 9
expected <block end>, but found '?'
  in "C:\Users\tamil\.config\yasb\config.yaml", line 328, column 9
2025-07-22 10:57:03,745 [ERROR] [MainThread] [root/config.py:119]: The file 'C:\Users\tamil\.config\yasb\config.yaml' contains Parser Error(s). Please fix:
while parsing a block collection
  in "C:\Users\tamil\.config\yasb\config.yaml", line 318, column 9
expected <block end>, but found '?'
  in "C:\Users\tamil\.config\yasb\config.yaml", line 328, column 9
2025-07-22 10:57:05,161 [ERROR] [MainThread] [root/config.py:119]: The file 'C:\Users\tamil\.config\yasb\config.yaml' contains Parser Error(s). Please fix:
while parsing a block collection
  in "C:\Users\tamil\.config\yasb\config.yaml", line 318, column 9
expected <block end>, but found '?'
  in "C:\Users\tamil\.config\yasb\config.yaml", line 329, column 9
2025-07-22 10:57:08,567 [INFO] [MainThread] [root/controller.py:12]: Reloading Application because of config update...
2025-07-22 10:57:08,677 [INFO] [MainThread] [cli_server/cli_server.py:112]: Log pipe server stopped
2025-07-22 10:57:08,677 [DEBUG] [MainThread] [cli_server/cli_server.py:206]: CLI server stopped
2025-07-22 10:57:08,699 [DEBUG] [MainThread] [qasync._windows._EventPoller/_windows.py:218]: Stopping worker thread...
2025-07-22 10:57:08,719 [DEBUG] [Dummy-13] [qasync._windows._EventWorker/_windows.py:201]: Exiting thread
2025-07-22 10:57:08,720 [DEBUG] [MainThread] [qasync._windows._IocpProactor/_windows.py:75]: Closing
2025-07-22 10:57:08,984 [INFO] [MainThread] [root/log.py:59]: Yasb v1.7.4
2025-07-22 10:57:08,984 [INFO] [Thread-1 (_run_server)] [cli_server/cli_server.py:212]: CLI server started v1.1.1
2025-07-22 10:57:08,986 [INFO] [MainThread] [cli_server/cli_server.py:104]: Log pipe server started
2025-07-22 10:57:09,261 [DEBUG] [MainThread] [comtypes/__init__.py:149]: CoInitializeEx(None, 2)
2025-07-22 10:57:09,326 [DEBUG] [MainThread] [tzlocal/win32.py:55]: Looking up time zone info from registry
2025-07-22 10:57:09,567 [ERROR] [MainThread] [root/widget_builder.py:88]: Failed to validate widget(s) due to invalid options  - komorebi_active_layout
      layout_icons:
      - must be of dict type
      
2025-07-22 10:57:09,568 [INFO] [Dummy-8] [root/event_listener.py:53]: Created named pipe yasb-861f14c8-6714-11f0-9ee8-58cdc95b2622
2025-07-22 10:57:09,678 [INFO] [Dummy-8] [root/event_listener.py:125]: Komorebi connected to named pipe: yasb-861f14c8-6714-11f0-9ee8-58cdc95b2622
2025-07-22 10:57:13,943 [INFO] [MainThread] [root/watcher.py:55]: Created file watcher for path C:\Users\tamil\.config\yasb
2025-07-22 10:57:13,999 [DEBUG] [MainThread] [qasync._windows._EventPoller/_windows.py:213]: Starting (proactor: <_IocpProactor overlapped#=0 result#=0>)...
2025-07-22 10:57:14,000 [DEBUG] [Dummy-14] [qasync._windows._EventWorker/_windows.py:192]: Thread started
2025-07-22 10:57:39,877 [INFO] [MainThread] [root/controller.py:12]: Reloading Application because of config update...
2025-07-22 10:57:39,990 [INFO] [MainThread] [cli_server/cli_server.py:112]: Log pipe server stopped
2025-07-22 10:57:39,990 [DEBUG] [MainThread] [cli_server/cli_server.py:206]: CLI server stopped
2025-07-22 10:57:40,006 [DEBUG] [MainThread] [qasync._windows._EventPoller/_windows.py:218]: Stopping worker thread...
2025-07-22 10:57:40,008 [DEBUG] [Dummy-14] [qasync._windows._EventWorker/_windows.py:201]: Exiting thread
2025-07-22 10:57:40,008 [DEBUG] [MainThread] [qasync._windows._IocpProactor/_windows.py:75]: Closing
2025-07-22 10:57:40,288 [INFO] [MainThread] [root/log.py:59]: Yasb v1.7.4
2025-07-22 10:57:40,289 [INFO] [Thread-1 (_run_server)] [cli_server/cli_server.py:212]: CLI server started v1.1.1
2025-07-22 10:57:40,290 [INFO] [MainThread] [cli_server/cli_server.py:104]: Log pipe server started
2025-07-22 10:57:40,568 [DEBUG] [MainThread] [comtypes/__init__.py:149]: CoInitializeEx(None, 2)
2025-07-22 10:57:40,629 [DEBUG] [MainThread] [tzlocal/win32.py:55]: Looking up time zone info from registry
2025-07-22 10:57:40,877 [INFO] [MainThread] [root/watcher.py:55]: Created file watcher for path C:\Users\tamil\.config\yasb
2025-07-22 10:57:40,878 [INFO] [Dummy-10] [root/event_listener.py:53]: Created named pipe yasb-98c85e22-6714-11f0-83ec-58cdc95b2622
2025-07-22 10:57:40,920 [DEBUG] [MainThread] [qasync._windows._EventPoller/_windows.py:213]: Starting (proactor: <_IocpProactor overlapped#=0 result#=0>)...
2025-07-22 10:57:40,921 [DEBUG] [Dummy-13] [qasync._windows._EventWorker/_windows.py:192]: Thread started
2025-07-22 10:57:40,965 [INFO] [Dummy-10] [root/event_listener.py:125]: Komorebi connected to named pipe: yasb-98c85e22-6714-11f0-83ec-58cdc95b2622
2025-07-22 11:03:00,313 [INFO] [MainThread] [root/controller.py:12]: Reloading Application because of config update...
2025-07-22 11:03:00,427 [INFO] [MainThread] [cli_server/cli_server.py:112]: Log pipe server stopped
2025-07-22 11:03:00,427 [DEBUG] [MainThread] [cli_server/cli_server.py:206]: CLI server stopped
2025-07-22 11:03:00,443 [DEBUG] [MainThread] [qasync._windows._EventPoller/_windows.py:218]: Stopping worker thread...
2025-07-22 11:03:00,460 [DEBUG] [Dummy-13] [qasync._windows._EventWorker/_windows.py:201]: Exiting thread
2025-07-22 11:03:00,461 [DEBUG] [MainThread] [qasync._windows._IocpProactor/_windows.py:75]: Closing
2025-07-22 11:03:00,734 [INFO] [MainThread] [root/log.py:59]: Yasb v1.7.4
2025-07-22 11:03:00,735 [INFO] [Thread-1 (_run_server)] [cli_server/cli_server.py:212]: CLI server started v1.1.1
2025-07-22 11:03:00,736 [INFO] [MainThread] [cli_server/cli_server.py:104]: Log pipe server started
2025-07-22 11:03:01,015 [DEBUG] [MainThread] [comtypes/__init__.py:149]: CoInitializeEx(None, 2)
2025-07-22 11:03:01,078 [DEBUG] [MainThread] [tzlocal/win32.py:55]: Looking up time zone info from registry
2025-07-22 11:03:01,339 [INFO] [MainThread] [root/watcher.py:55]: Created file watcher for path C:\Users\tamil\.config\yasb
2025-07-22 11:03:01,340 [INFO] [Dummy-10] [root/event_listener.py:53]: Created named pipe yasb-57cb2835-6715-11f0-83c5-58cdc95b2622
2025-07-22 11:03:01,387 [DEBUG] [MainThread] [qasync._windows._EventPoller/_windows.py:213]: Starting (proactor: <_IocpProactor overlapped#=0 result#=0>)...
2025-07-22 11:03:01,388 [DEBUG] [Dummy-13] [qasync._windows._EventWorker/_windows.py:192]: Thread started
2025-07-22 11:03:01,426 [INFO] [Dummy-10] [root/event_listener.py:125]: Komorebi connected to named pipe: yasb-57cb2835-6715-11f0-83c5-58cdc95b2622
2025-07-22 11:03:05,922 [INFO] [MainThread] [root/controller.py:12]: Reloading Application because of config update...
2025-07-22 11:03:06,031 [INFO] [MainThread] [cli_server/cli_server.py:112]: Log pipe server stopped
2025-07-22 11:03:06,031 [DEBUG] [MainThread] [cli_server/cli_server.py:206]: CLI server stopped
2025-07-22 11:03:06,046 [DEBUG] [MainThread] [qasync._windows._EventPoller/_windows.py:218]: Stopping worker thread...
2025-07-22 11:03:06,061 [DEBUG] [Dummy-13] [qasync._windows._EventWorker/_windows.py:201]: Exiting thread
2025-07-22 11:03:06,062 [DEBUG] [MainThread] [qasync._windows._IocpProactor/_windows.py:75]: Closing
2025-07-22 11:03:06,333 [INFO] [MainThread] [root/log.py:59]: Yasb v1.7.4
2025-07-22 11:03:06,334 [INFO] [Thread-1 (_run_server)] [cli_server/cli_server.py:212]: CLI server started v1.1.1
2025-07-22 11:03:06,334 [INFO] [MainThread] [cli_server/cli_server.py:104]: Log pipe server started
2025-07-22 11:03:06,607 [DEBUG] [MainThread] [comtypes/__init__.py:149]: CoInitializeEx(None, 2)
2025-07-22 11:03:06,674 [DEBUG] [MainThread] [tzlocal/win32.py:55]: Looking up time zone info from registry
2025-07-22 11:03:06,923 [INFO] [MainThread] [root/watcher.py:55]: Created file watcher for path C:\Users\tamil\.config\yasb
2025-07-22 11:03:06,924 [INFO] [Dummy-10] [root/event_listener.py:53]: Created named pipe yasb-5b1f4889-6715-11f0-9694-58cdc95b2622
2025-07-22 11:03:06,969 [DEBUG] [MainThread] [qasync._windows._EventPoller/_windows.py:213]: Starting (proactor: <_IocpProactor overlapped#=0 result#=0>)...
2025-07-22 11:03:06,970 [DEBUG] [Dummy-13] [qasync._windows._EventWorker/_windows.py:192]: Thread started
2025-07-22 11:03:07,016 [INFO] [Dummy-10] [root/event_listener.py:125]: Komorebi connected to named pipe: yasb-5b1f4889-6715-11f0-9694-58cdc95b2622
2025-07-22 11:03:21,156 [INFO] [MainThread] [root/controller.py:12]: Reloading Application because of config update...
2025-07-22 11:03:21,264 [INFO] [MainThread] [cli_server/cli_server.py:112]: Log pipe server stopped
2025-07-22 11:03:21,264 [DEBUG] [MainThread] [cli_server/cli_server.py:206]: CLI server stopped
2025-07-22 11:03:21,283 [DEBUG] [MainThread] [qasync._windows._EventPoller/_windows.py:218]: Stopping worker thread...
2025-07-22 11:03:21,298 [DEBUG] [Dummy-13] [qasync._windows._EventWorker/_windows.py:201]: Exiting thread
2025-07-22 11:03:21,298 [DEBUG] [MainThread] [qasync._windows._IocpProactor/_windows.py:75]: Closing
2025-07-22 11:03:21,566 [INFO] [MainThread] [root/log.py:59]: Yasb v1.7.4
2025-07-22 11:03:21,568 [INFO] [Thread-1 (_run_server)] [cli_server/cli_server.py:212]: CLI server started v1.1.1
2025-07-22 11:03:21,568 [INFO] [MainThread] [cli_server/cli_server.py:104]: Log pipe server started
2025-07-22 11:03:21,841 [DEBUG] [MainThread] [comtypes/__init__.py:149]: CoInitializeEx(None, 2)
2025-07-22 11:03:21,903 [DEBUG] [MainThread] [tzlocal/win32.py:55]: Looking up time zone info from registry
2025-07-22 11:03:22,142 [INFO] [MainThread] [root/watcher.py:55]: Created file watcher for path C:\Users\tamil\.config\yasb
2025-07-22 11:03:22,142 [INFO] [Dummy-10] [root/event_listener.py:53]: Created named pipe yasb-64315c7d-6715-11f0-9b48-58cdc95b2622
2025-07-22 11:03:22,182 [DEBUG] [MainThread] [qasync._windows._EventPoller/_windows.py:213]: Starting (proactor: <_IocpProactor overlapped#=0 result#=0>)...
2025-07-22 11:03:22,183 [DEBUG] [Dummy-13] [qasync._windows._EventWorker/_windows.py:192]: Thread started
2025-07-22 11:03:22,226 [INFO] [Dummy-10] [root/event_listener.py:125]: Komorebi connected to named pipe: yasb-64315c7d-6715-11f0-9b48-58cdc95b2622
2025-07-22 11:03:26,980 [INFO] [MainThread] [root/controller.py:12]: Reloading Application because of config update...
2025-07-22 11:03:27,081 [INFO] [MainThread] [cli_server/cli_server.py:112]: Log pipe server stopped
2025-07-22 11:03:27,081 [DEBUG] [MainThread] [cli_server/cli_server.py:206]: CLI server stopped
2025-07-22 11:03:27,096 [DEBUG] [MainThread] [qasync._windows._EventPoller/_windows.py:218]: Stopping worker thread...
2025-07-22 11:03:27,098 [DEBUG] [Dummy-13] [qasync._windows._EventWorker/_windows.py:201]: Exiting thread
2025-07-22 11:03:27,100 [DEBUG] [MainThread] [qasync._windows._IocpProactor/_windows.py:75]: Closing
2025-07-22 11:03:27,390 [INFO] [MainThread] [root/log.py:59]: Yasb v1.7.4
2025-07-22 11:03:27,391 [INFO] [Thread-1 (_run_server)] [cli_server/cli_server.py:212]: CLI server started v1.1.1
2025-07-22 11:03:27,393 [INFO] [MainThread] [cli_server/cli_server.py:104]: Log pipe server started
2025-07-22 11:03:27,703 [DEBUG] [MainThread] [comtypes/__init__.py:149]: CoInitializeEx(None, 2)
2025-07-22 11:03:27,770 [DEBUG] [MainThread] [tzlocal/win32.py:55]: Looking up time zone info from registry
2025-07-22 11:03:28,025 [INFO] [MainThread] [root/watcher.py:55]: Created file watcher for path C:\Users\tamil\.config\yasb
2025-07-22 11:03:28,025 [INFO] [Dummy-10] [root/event_listener.py:53]: Created named pipe yasb-67b3015f-6715-11f0-b4df-58cdc95b2622
2025-07-22 11:03:28,067 [DEBUG] [MainThread] [qasync._windows._EventPoller/_windows.py:213]: Starting (proactor: <_IocpProactor overlapped#=0 result#=0>)...
2025-07-22 11:03:28,068 [DEBUG] [Dummy-13] [qasync._windows._EventWorker/_windows.py:192]: Thread started
2025-07-22 11:03:28,106 [INFO] [Dummy-10] [root/event_listener.py:125]: Komorebi connected to named pipe: yasb-67b3015f-6715-11f0-b4df-58cdc95b2622
2025-07-22 11:03:33,938 [INFO] [MainThread] [root/controller.py:12]: Reloading Application because of config update...
2025-07-22 11:03:34,048 [INFO] [MainThread] [cli_server/cli_server.py:112]: Log pipe server stopped
2025-07-22 11:03:34,048 [DEBUG] [MainThread] [cli_server/cli_server.py:206]: CLI server stopped
2025-07-22 11:03:34,063 [DEBUG] [MainThread] [qasync._windows._EventPoller/_windows.py:218]: Stopping worker thread...
2025-07-22 11:03:34,064 [DEBUG] [Dummy-13] [qasync._windows._EventWorker/_windows.py:201]: Exiting thread
2025-07-22 11:03:34,064 [DEBUG] [MainThread] [qasync._windows._IocpProactor/_windows.py:75]: Closing
2025-07-22 11:03:34,344 [INFO] [MainThread] [root/log.py:59]: Yasb v1.7.4
2025-07-22 11:03:34,345 [INFO] [Thread-1 (_run_server)] [cli_server/cli_server.py:212]: CLI server started v1.1.1
2025-07-22 11:03:34,346 [INFO] [MainThread] [cli_server/cli_server.py:104]: Log pipe server started
2025-07-22 11:03:34,619 [DEBUG] [MainThread] [comtypes/__init__.py:149]: CoInitializeEx(None, 2)
2025-07-22 11:03:34,682 [DEBUG] [MainThread] [tzlocal/win32.py:55]: Looking up time zone info from registry
2025-07-22 11:03:34,931 [INFO] [MainThread] [root/watcher.py:55]: Created file watcher for path C:\Users\tamil\.config\yasb
2025-07-22 11:03:34,932 [INFO] [Dummy-10] [root/event_listener.py:53]: Created named pipe yasb-6bd0bf5e-6715-11f0-b97a-58cdc95b2622
2025-07-22 11:03:34,976 [DEBUG] [MainThread] [qasync._windows._EventPoller/_windows.py:213]: Starting (proactor: <_IocpProactor overlapped#=0 result#=0>)...
2025-07-22 11:03:34,979 [DEBUG] [Dummy-13] [qasync._windows._EventWorker/_windows.py:192]: Thread started
2025-07-22 11:03:35,023 [INFO] [Dummy-10] [root/event_listener.py:125]: Komorebi connected to named pipe: yasb-6bd0bf5e-6715-11f0-b97a-58cdc95b2622
2025-07-22 11:03:38,015 [INFO] [MainThread] [root/controller.py:12]: Reloading Application because of config update...
2025-07-22 11:03:38,116 [INFO] [MainThread] [cli_server/cli_server.py:112]: Log pipe server stopped
2025-07-22 11:03:38,116 [DEBUG] [MainThread] [cli_server/cli_server.py:206]: CLI server stopped
2025-07-22 11:03:38,133 [DEBUG] [MainThread] [qasync._windows._EventPoller/_windows.py:218]: Stopping worker thread...
2025-07-22 11:03:38,147 [DEBUG] [Dummy-13] [qasync._windows._EventWorker/_windows.py:201]: Exiting thread
2025-07-22 11:03:38,148 [DEBUG] [MainThread] [qasync._windows._IocpProactor/_windows.py:75]: Closing
2025-07-22 11:03:38,440 [INFO] [MainThread] [root/log.py:59]: Yasb v1.7.4
2025-07-22 11:03:38,441 [INFO] [Thread-1 (_run_server)] [cli_server/cli_server.py:212]: CLI server started v1.1.1
2025-07-22 11:03:38,441 [INFO] [MainThread] [cli_server/cli_server.py:104]: Log pipe server started
2025-07-22 11:03:38,745 [DEBUG] [MainThread] [comtypes/__init__.py:149]: CoInitializeEx(None, 2)
2025-07-22 11:03:38,812 [DEBUG] [MainThread] [tzlocal/win32.py:55]: Looking up time zone info from registry
2025-07-22 11:03:39,103 [INFO] [MainThread] [root/watcher.py:55]: Created file watcher for path C:\Users\tamil\.config\yasb
2025-07-22 11:03:39,103 [INFO] [Dummy-10] [root/event_listener.py:53]: Created named pipe yasb-6e4d90b8-6715-11f0-ae24-58cdc95b2622
2025-07-22 11:03:39,158 [DEBUG] [MainThread] [qasync._windows._EventPoller/_windows.py:213]: Starting (proactor: <_IocpProactor overlapped#=0 result#=0>)...
2025-07-22 11:03:39,160 [DEBUG] [Dummy-13] [qasync._windows._EventWorker/_windows.py:192]: Thread started
2025-07-22 11:03:39,207 [INFO] [Dummy-10] [root/event_listener.py:125]: Komorebi connected to named pipe: yasb-6e4d90b8-6715-11f0-ae24-58cdc95b2622
2025-07-22 11:03:45,218 [INFO] [MainThread] [root/controller.py:12]: Reloading Application because of config update...
2025-07-22 11:03:45,319 [INFO] [MainThread] [cli_server/cli_server.py:112]: Log pipe server stopped
2025-07-22 11:03:45,319 [DEBUG] [MainThread] [cli_server/cli_server.py:206]: CLI server stopped
2025-07-22 11:03:45,335 [DEBUG] [MainThread] [qasync._windows._EventPoller/_windows.py:218]: Stopping worker thread...
2025-07-22 11:03:45,350 [DEBUG] [Dummy-13] [qasync._windows._EventWorker/_windows.py:201]: Exiting thread
2025-07-22 11:03:45,351 [DEBUG] [MainThread] [qasync._windows._IocpProactor/_windows.py:75]: Closing
2025-07-22 11:03:45,621 [INFO] [MainThread] [root/log.py:59]: Yasb v1.7.4
2025-07-22 11:03:45,623 [INFO] [Thread-1 (_run_server)] [cli_server/cli_server.py:212]: CLI server started v1.1.1
2025-07-22 11:03:45,623 [INFO] [MainThread] [cli_server/cli_server.py:104]: Log pipe server started
2025-07-22 11:03:45,898 [DEBUG] [MainThread] [comtypes/__init__.py:149]: CoInitializeEx(None, 2)
2025-07-22 11:03:45,960 [DEBUG] [MainThread] [tzlocal/win32.py:55]: Looking up time zone info from registry
2025-07-22 11:03:46,215 [INFO] [MainThread] [root/watcher.py:55]: Created file watcher for path C:\Users\tamil\.config\yasb
2025-07-22 11:03:46,216 [INFO] [Dummy-10] [root/event_listener.py:53]: Created named pipe yasb-728abc7a-6715-11f0-8017-58cdc95b2622
2025-07-22 11:03:46,256 [DEBUG] [MainThread] [qasync._windows._EventPoller/_windows.py:213]: Starting (proactor: <_IocpProactor overlapped#=0 result#=0>)...
2025-07-22 11:03:46,258 [DEBUG] [Dummy-13] [qasync._windows._EventWorker/_windows.py:192]: Thread started
2025-07-22 11:03:46,303 [INFO] [Dummy-10] [root/event_listener.py:125]: Komorebi connected to named pipe: yasb-728abc7a-6715-11f0-8017-58cdc95b2622
2025-07-22 11:07:57,294 [INFO] [MainThread] [root/controller.py:12]: Reloading Application because of config update...
2025-07-22 11:07:57,405 [INFO] [MainThread] [cli_server/cli_server.py:112]: Log pipe server stopped
2025-07-22 11:07:57,405 [DEBUG] [MainThread] [cli_server/cli_server.py:206]: CLI server stopped
2025-07-22 11:07:57,422 [DEBUG] [MainThread] [qasync._windows._EventPoller/_windows.py:218]: Stopping worker thread...
2025-07-22 11:07:57,436 [DEBUG] [Dummy-13] [qasync._windows._EventWorker/_windows.py:201]: Exiting thread
2025-07-22 11:07:57,437 [DEBUG] [MainThread] [qasync._windows._IocpProactor/_windows.py:75]: Closing
2025-07-22 11:07:57,706 [INFO] [MainThread] [root/log.py:59]: Yasb v1.7.4
2025-07-22 11:07:57,709 [INFO] [Thread-1 (_run_server)] [cli_server/cli_server.py:212]: CLI server started v1.1.1
2025-07-22 11:07:57,711 [INFO] [MainThread] [cli_server/cli_server.py:104]: Log pipe server started
2025-07-22 11:07:57,985 [DEBUG] [MainThread] [comtypes/__init__.py:149]: CoInitializeEx(None, 2)
2025-07-22 11:07:58,048 [DEBUG] [MainThread] [tzlocal/win32.py:55]: Looking up time zone info from registry
2025-07-22 11:07:58,294 [INFO] [MainThread] [root/watcher.py:55]: Created file watcher for path C:\Users\tamil\.config\yasb
2025-07-22 11:07:58,295 [INFO] [Dummy-10] [root/event_listener.py:53]: Created named pipe yasb-08cafd83-6716-11f0-98c3-58cdc95b2622
2025-07-22 11:07:58,335 [DEBUG] [MainThread] [qasync._windows._EventPoller/_windows.py:213]: Starting (proactor: <_IocpProactor overlapped#=0 result#=0>)...
2025-07-22 11:07:58,336 [DEBUG] [Dummy-13] [qasync._windows._EventWorker/_windows.py:192]: Thread started
2025-07-22 11:07:58,382 [INFO] [Dummy-10] [root/event_listener.py:125]: Komorebi connected to named pipe: yasb-08cafd83-6716-11f0-98c3-58cdc95b2622
2025-07-22 11:08:01,997 [INFO] [MainThread] [root/controller.py:12]: Reloading Application because of config update...
2025-07-22 11:08:02,104 [INFO] [MainThread] [cli_server/cli_server.py:112]: Log pipe server stopped
2025-07-22 11:08:02,105 [DEBUG] [MainThread] [cli_server/cli_server.py:206]: CLI server stopped
2025-07-22 11:08:02,122 [DEBUG] [MainThread] [qasync._windows._EventPoller/_windows.py:218]: Stopping worker thread...
2025-07-22 11:08:02,135 [DEBUG] [Dummy-13] [qasync._windows._EventWorker/_windows.py:201]: Exiting thread
2025-07-22 11:08:02,136 [DEBUG] [MainThread] [qasync._windows._IocpProactor/_windows.py:75]: Closing
2025-07-22 11:08:02,420 [INFO] [MainThread] [root/log.py:59]: Yasb v1.7.4
2025-07-22 11:08:02,421 [INFO] [Thread-1 (_run_server)] [cli_server/cli_server.py:212]: CLI server started v1.1.1
2025-07-22 11:08:02,421 [INFO] [MainThread] [cli_server/cli_server.py:104]: Log pipe server started
2025-07-22 11:08:02,740 [DEBUG] [MainThread] [comtypes/__init__.py:149]: CoInitializeEx(None, 2)
2025-07-22 11:08:02,812 [DEBUG] [MainThread] [tzlocal/win32.py:55]: Looking up time zone info from registry
2025-07-22 11:08:03,066 [INFO] [MainThread] [root/watcher.py:55]: Created file watcher for path C:\Users\tamil\.config\yasb
2025-07-22 11:08:03,066 [INFO] [Dummy-10] [root/event_listener.py:53]: Created named pipe yasb-0ba2e148-6716-11f0-8f2e-58cdc95b2622
2025-07-22 11:08:03,106 [DEBUG] [MainThread] [qasync._windows._EventPoller/_windows.py:213]: Starting (proactor: <_IocpProactor overlapped#=0 result#=0>)...
2025-07-22 11:08:03,107 [DEBUG] [Dummy-13] [qasync._windows._EventWorker/_windows.py:192]: Thread started
2025-07-22 11:08:03,145 [INFO] [Dummy-10] [root/event_listener.py:125]: Komorebi connected to named pipe: yasb-0ba2e148-6716-11f0-8f2e-58cdc95b2622
2025-07-22 11:08:09,301 [INFO] [MainThread] [root/controller.py:12]: Reloading Application because of config update...
2025-07-22 11:08:09,409 [INFO] [MainThread] [cli_server/cli_server.py:112]: Log pipe server stopped
2025-07-22 11:08:09,409 [DEBUG] [MainThread] [cli_server/cli_server.py:206]: CLI server stopped
2025-07-22 11:08:09,424 [DEBUG] [MainThread] [qasync._windows._EventPoller/_windows.py:218]: Stopping worker thread...
2025-07-22 11:08:09,440 [DEBUG] [Dummy-13] [qasync._windows._EventWorker/_windows.py:201]: Exiting thread
2025-07-22 11:08:09,441 [DEBUG] [MainThread] [qasync._windows._IocpProactor/_windows.py:75]: Closing
2025-07-22 11:08:09,699 [INFO] [MainThread] [root/log.py:59]: Yasb v1.7.4
2025-07-22 11:08:09,701 [INFO] [Thread-1 (_run_server)] [cli_server/cli_server.py:212]: CLI server started v1.1.1
2025-07-22 11:08:09,701 [INFO] [MainThread] [cli_server/cli_server.py:104]: Log pipe server started
2025-07-22 11:08:09,968 [DEBUG] [MainThread] [comtypes/__init__.py:149]: CoInitializeEx(None, 2)
2025-07-22 11:08:10,032 [DEBUG] [MainThread] [tzlocal/win32.py:55]: Looking up time zone info from registry
2025-07-22 11:08:10,279 [INFO] [MainThread] [root/watcher.py:55]: Created file watcher for path C:\Users\tamil\.config\yasb
2025-07-22 11:08:10,281 [INFO] [Dummy-10] [root/event_listener.py:53]: Created named pipe yasb-0fefac9c-6716-11f0-947a-58cdc95b2622
2025-07-22 11:08:10,321 [DEBUG] [MainThread] [qasync._windows._EventPoller/_windows.py:213]: Starting (proactor: <_IocpProactor overlapped#=0 result#=0>)...
2025-07-22 11:08:10,322 [DEBUG] [Dummy-13] [qasync._windows._EventWorker/_windows.py:192]: Thread started
2025-07-22 11:08:10,377 [INFO] [Dummy-10] [root/event_listener.py:125]: Komorebi connected to named pipe: yasb-0fefac9c-6716-11f0-947a-58cdc95b2622
2025-07-22 11:08:21,430 [INFO] [MainThread] [root/controller.py:12]: Reloading Application because of config update...
2025-07-22 11:08:21,539 [INFO] [MainThread] [cli_server/cli_server.py:112]: Log pipe server stopped
2025-07-22 11:08:21,539 [DEBUG] [MainThread] [cli_server/cli_server.py:206]: CLI server stopped
2025-07-22 11:08:21,555 [DEBUG] [MainThread] [qasync._windows._EventPoller/_windows.py:218]: Stopping worker thread...
2025-07-22 11:08:21,576 [DEBUG] [Dummy-13] [qasync._windows._EventWorker/_windows.py:201]: Exiting thread
2025-07-22 11:08:21,577 [DEBUG] [MainThread] [qasync._windows._IocpProactor/_windows.py:75]: Closing
2025-07-22 11:08:21,841 [INFO] [MainThread] [root/log.py:59]: Yasb v1.7.4
2025-07-22 11:08:21,842 [INFO] [Thread-1 (_run_server)] [cli_server/cli_server.py:212]: CLI server started v1.1.1
2025-07-22 11:08:21,842 [INFO] [MainThread] [cli_server/cli_server.py:104]: Log pipe server started
2025-07-22 11:08:22,120 [DEBUG] [MainThread] [comtypes/__init__.py:149]: CoInitializeEx(None, 2)
2025-07-22 11:08:22,181 [DEBUG] [MainThread] [tzlocal/win32.py:55]: Looking up time zone info from registry
2025-07-22 11:08:22,436 [INFO] [MainThread] [root/watcher.py:55]: Created file watcher for path C:\Users\tamil\.config\yasb
2025-07-22 11:08:22,437 [INFO] [Dummy-10] [root/event_listener.py:53]: Created named pipe yasb-172eb03c-6716-11f0-bec1-58cdc95b2622
2025-07-22 11:08:22,477 [DEBUG] [MainThread] [qasync._windows._EventPoller/_windows.py:213]: Starting (proactor: <_IocpProactor overlapped#=0 result#=0>)...
2025-07-22 11:08:22,479 [DEBUG] [Dummy-13] [qasync._windows._EventWorker/_windows.py:192]: Thread started
2025-07-22 11:08:22,524 [INFO] [Dummy-10] [root/event_listener.py:125]: Komorebi connected to named pipe: yasb-172eb03c-6716-11f0-bec1-58cdc95b2622
2025-07-22 11:08:45,131 [INFO] [MainThread] [root/controller.py:12]: Reloading Application because of config update...
2025-07-22 11:08:45,234 [INFO] [MainThread] [cli_server/cli_server.py:112]: Log pipe server stopped
2025-07-22 11:08:45,236 [DEBUG] [MainThread] [cli_server/cli_server.py:206]: CLI server stopped
2025-07-22 11:08:45,254 [DEBUG] [MainThread] [qasync._windows._EventPoller/_windows.py:218]: Stopping worker thread...
2025-07-22 11:08:45,267 [DEBUG] [Dummy-13] [qasync._windows._EventWorker/_windows.py:201]: Exiting thread
2025-07-22 11:08:45,269 [DEBUG] [MainThread] [qasync._windows._IocpProactor/_windows.py:75]: Closing
2025-07-22 11:08:45,561 [INFO] [MainThread] [root/log.py:59]: Yasb v1.7.4
2025-07-22 11:08:45,562 [INFO] [Thread-1 (_run_server)] [cli_server/cli_server.py:212]: CLI server started v1.1.1
2025-07-22 11:08:45,562 [INFO] [MainThread] [cli_server/cli_server.py:104]: Log pipe server started
2025-07-22 11:08:45,912 [DEBUG] [MainThread] [comtypes/__init__.py:149]: CoInitializeEx(None, 2)
2025-07-22 11:08:45,989 [DEBUG] [MainThread] [tzlocal/win32.py:55]: Looking up time zone info from registry
2025-07-22 11:08:46,269 [INFO] [MainThread] [root/watcher.py:55]: Created file watcher for path C:\Users\tamil\.config\yasb
2025-07-22 11:08:46,270 [INFO] [Dummy-10] [root/event_listener.py:53]: Created named pipe yasb-25634ca2-6716-11f0-844a-58cdc95b2622
2025-07-22 11:08:46,312 [DEBUG] [MainThread] [qasync._windows._EventPoller/_windows.py:213]: Starting (proactor: <_IocpProactor overlapped#=0 result#=0>)...
2025-07-22 11:08:46,313 [DEBUG] [Dummy-13] [qasync._windows._EventWorker/_windows.py:192]: Thread started
2025-07-22 11:08:46,357 [INFO] [Dummy-10] [root/event_listener.py:125]: Komorebi connected to named pipe: yasb-25634ca2-6716-11f0-844a-58cdc95b2622
2025-07-22 11:10:11,183 [INFO] [MainThread] [root/controller.py:12]: Reloading Application because of config update...
2025-07-22 11:10:11,298 [INFO] [MainThread] [cli_server/cli_server.py:112]: Log pipe server stopped
2025-07-22 11:10:11,298 [DEBUG] [MainThread] [cli_server/cli_server.py:206]: CLI server stopped
2025-07-22 11:10:11,314 [DEBUG] [MainThread] [qasync._windows._EventPoller/_windows.py:218]: Stopping worker thread...
2025-07-22 11:10:11,332 [DEBUG] [Dummy-13] [qasync._windows._EventWorker/_windows.py:201]: Exiting thread
2025-07-22 11:10:11,333 [DEBUG] [MainThread] [qasync._windows._IocpProactor/_windows.py:75]: Closing
2025-07-22 11:10:11,597 [INFO] [MainThread] [root/log.py:59]: Yasb v1.7.4
2025-07-22 11:10:11,598 [INFO] [Thread-1 (_run_server)] [cli_server/cli_server.py:212]: CLI server started v1.1.1
2025-07-22 11:10:11,599 [INFO] [MainThread] [cli_server/cli_server.py:104]: Log pipe server started
2025-07-22 11:10:11,860 [DEBUG] [MainThread] [comtypes/__init__.py:149]: CoInitializeEx(None, 2)
2025-07-22 11:10:11,924 [DEBUG] [MainThread] [tzlocal/win32.py:55]: Looking up time zone info from registry
2025-07-22 11:10:12,210 [INFO] [MainThread] [root/watcher.py:55]: Created file watcher for path C:\Users\tamil\.config\yasb
2025-07-22 11:10:12,211 [INFO] [Dummy-10] [root/event_listener.py:53]: Created named pipe yasb-589cda7f-6716-11f0-a76a-58cdc95b2622
2025-07-22 11:10:12,266 [DEBUG] [MainThread] [qasync._windows._EventPoller/_windows.py:213]: Starting (proactor: <_IocpProactor overlapped#=0 result#=0>)...
2025-07-22 11:10:12,268 [DEBUG] [Dummy-13] [qasync._windows._EventWorker/_windows.py:192]: Thread started
2025-07-22 11:10:12,327 [INFO] [Dummy-10] [root/event_listener.py:125]: Komorebi connected to named pipe: yasb-589cda7f-6716-11f0-a76a-58cdc95b2622
2025-07-22 11:45:03,549 [WARNING] [Dummy-10] [root/event_listener.py:84]: Pipe has been ended: (109, 'PeekNamedPipe', 'The pipe has been ended.')
2025-07-22 11:45:03,550 [INFO] [Dummy-10] [root/event_listener.py:94]: Attempting to reconnect to Komorebi...
2025-07-22 11:45:06,550 [INFO] [Dummy-10] [root/event_listener.py:53]: Created named pipe yasb-589cda7f-6716-11f0-a76a-58cdc95b2622
2025-07-22 11:45:52,306 [INFO] [Dummy-10] [root/event_listener.py:125]: Komorebi connected to named pipe: yasb-589cda7f-6716-11f0-a76a-58cdc95b2622
2025-07-22 11:48:25,761 [WARNING] [Dummy-10] [root/event_listener.py:84]: Pipe has been ended: (109, 'PeekNamedPipe', 'The pipe has been ended.')
2025-07-22 11:48:25,761 [INFO] [Dummy-10] [root/event_listener.py:94]: Attempting to reconnect to Komorebi...
2025-07-22 11:48:28,762 [INFO] [Dummy-10] [root/event_listener.py:53]: Created named pipe yasb-589cda7f-6716-11f0-a76a-58cdc95b2622
2025-07-22 11:48:54,221 [INFO] [Dummy-10] [root/event_listener.py:125]: Komorebi connected to named pipe: yasb-589cda7f-6716-11f0-a76a-58cdc95b2622
2025-07-22 11:49:05,336 [WARNING] [Dummy-10] [root/event_listener.py:84]: Pipe has been ended: (109, 'PeekNamedPipe', 'The pipe has been ended.')
2025-07-22 11:49:05,336 [INFO] [Dummy-10] [root/event_listener.py:94]: Attempting to reconnect to Komorebi...
2025-07-22 11:49:08,337 [INFO] [Dummy-10] [root/event_listener.py:53]: Created named pipe yasb-589cda7f-6716-11f0-a76a-58cdc95b2622
2025-07-22 11:49:18,591 [INFO] [Dummy-10] [root/event_listener.py:125]: Komorebi connected to named pipe: yasb-589cda7f-6716-11f0-a76a-58cdc95b2622
2025-07-22 11:50:22,262 [WARNING] [Dummy-10] [root/event_listener.py:84]: Pipe has been ended: (109, 'PeekNamedPipe', 'The pipe has been ended.')
2025-07-22 11:50:22,262 [INFO] [Dummy-10] [root/event_listener.py:94]: Attempting to reconnect to Komorebi...
2025-07-22 11:50:25,263 [INFO] [Dummy-10] [root/event_listener.py:53]: Created named pipe yasb-589cda7f-6716-11f0-a76a-58cdc95b2622
2025-07-22 11:51:05,941 [INFO] [Dummy-10] [root/event_listener.py:125]: Komorebi connected to named pipe: yasb-589cda7f-6716-11f0-a76a-58cdc95b2622
2025-07-22 11:51:07,072 [ERROR] [Dummy-10] [root/event_listener.py:89]: Komorebi has disconnected from the named pipe yasb-589cda7f-6716-11f0-a76a-58cdc95b2622
Traceback (most recent call last):
  File "D:\a\yasb\yasb\src\core\utils\komorebi\event_listener.py", line 79, in run
  File "D:\a\yasb\yasb\src\core\utils\komorebi\event_listener.py", line 101, in _emit_event
  File "D:\a\yasb\yasb\src\core\event_service.py", line 28, in emit_event
TypeError: WorkspaceWidget.k_signal_update[dict, dict].emit(): argument 1 has unexpected type 'str'
2025-07-22 11:51:07,073 [INFO] [Dummy-10] [root/event_listener.py:94]: Attempting to reconnect to Komorebi...
2025-07-22 11:51:10,075 [INFO] [Dummy-10] [root/event_listener.py:53]: Created named pipe yasb-589cda7f-6716-11f0-a76a-58cdc95b2622
2025-07-22 11:51:10,150 [INFO] [Dummy-10] [root/event_listener.py:125]: Komorebi connected to named pipe: yasb-589cda7f-6716-11f0-a76a-58cdc95b2622
2025-07-22 12:06:44,776 [ERROR] [MainThread] [root/config.py:119]: The file 'C:\Users\tamil\.config\yasb\config.yaml' contains Parser Error(s). Please fix:
while parsing a flow sequence
  in "C:\Users\tamil\.config\yasb\config.yaml", line 45, column 9
expected ',' or ']', but got '<scalar>'
  in "C:\Users\tamil\.config\yasb\config.yaml", line 47, column 11
2025-07-22 12:06:46,233 [ERROR] [MainThread] [root/config.py:119]: The file 'C:\Users\tamil\.config\yasb\config.yaml' contains Parser Error(s). Please fix:
while parsing a flow sequence
  in "C:\Users\tamil\.config\yasb\config.yaml", line 45, column 9
expected ',' or ']', but got '<scalar>'
  in "C:\Users\tamil\.config\yasb\config.yaml", line 47, column 11
2025-07-22 12:06:49,735 [ERROR] [MainThread] [root/config.py:119]: The file 'C:\Users\tamil\.config\yasb\config.yaml' contains Parser Error(s). Please fix:
while parsing a flow sequence
  in "C:\Users\tamil\.config\yasb\config.yaml", line 45, column 9
expected ',' or ']', but got '<scalar>'
  in "C:\Users\tamil\.config\yasb\config.yaml", line 47, column 11
2025-07-22 12:06:51,409 [ERROR] [MainThread] [root/config.py:119]: The file 'C:\Users\tamil\.config\yasb\config.yaml' contains Parser Error(s). Please fix:
while parsing a flow sequence
  in "C:\Users\tamil\.config\yasb\config.yaml", line 45, column 9
expected ',' or ']', but got '<scalar>'
  in "C:\Users\tamil\.config\yasb\config.yaml", line 47, column 11
2025-07-22 12:06:52,941 [INFO] [MainThread] [root/controller.py:12]: Reloading Application because of config update...
2025-07-22 12:06:53,050 [INFO] [MainThread] [cli_server/cli_server.py:112]: Log pipe server stopped
2025-07-22 12:06:53,050 [DEBUG] [MainThread] [cli_server/cli_server.py:206]: CLI server stopped
2025-07-22 12:06:53,072 [DEBUG] [MainThread] [qasync._windows._EventPoller/_windows.py:218]: Stopping worker thread...
2025-07-22 12:06:53,085 [DEBUG] [Dummy-13] [qasync._windows._EventWorker/_windows.py:201]: Exiting thread
2025-07-22 12:06:53,089 [DEBUG] [MainThread] [qasync._windows._IocpProactor/_windows.py:75]: Closing
2025-07-22 12:06:53,425 [INFO] [MainThread] [root/log.py:59]: Yasb v1.7.4
2025-07-22 12:06:53,426 [INFO] [Thread-1 (_run_server)] [cli_server/cli_server.py:212]: CLI server started v1.1.1
2025-07-22 12:06:53,426 [INFO] [MainThread] [cli_server/cli_server.py:104]: Log pipe server started
2025-07-22 12:06:53,714 [DEBUG] [MainThread] [comtypes/__init__.py:149]: CoInitializeEx(None, 2)
2025-07-22 12:06:53,788 [DEBUG] [MainThread] [tzlocal/win32.py:55]: Looking up time zone info from registry
2025-07-22 12:06:54,228 [INFO] [MainThread] [root/watcher.py:55]: Created file watcher for path C:\Users\tamil\.config\yasb
2025-07-22 12:06:54,228 [INFO] [Dummy-10] [root/event_listener.py:53]: Created named pipe yasb-445fb17e-671e-11f0-bef5-58cdc95b2622
2025-07-22 12:06:54,276 [DEBUG] [MainThread] [qasync._windows._EventPoller/_windows.py:213]: Starting (proactor: <_IocpProactor overlapped#=0 result#=0>)...
2025-07-22 12:06:54,277 [DEBUG] [Dummy-13] [qasync._windows._EventWorker/_windows.py:192]: Thread started
2025-07-22 12:06:54,325 [INFO] [Dummy-10] [root/event_listener.py:125]: Komorebi connected to named pipe: yasb-445fb17e-671e-11f0-bef5-58cdc95b2622
2025-07-22 12:07:03,375 [INFO] [MainThread] [root/controller.py:12]: Reloading Application because of config update...
2025-07-22 12:07:03,482 [INFO] [MainThread] [cli_server/cli_server.py:112]: Log pipe server stopped
2025-07-22 12:07:03,482 [DEBUG] [MainThread] [cli_server/cli_server.py:206]: CLI server stopped
2025-07-22 12:07:03,499 [DEBUG] [MainThread] [qasync._windows._EventPoller/_windows.py:218]: Stopping worker thread...
2025-07-22 12:07:03,513 [DEBUG] [Dummy-13] [qasync._windows._EventWorker/_windows.py:201]: Exiting thread
2025-07-22 12:07:03,514 [DEBUG] [MainThread] [qasync._windows._IocpProactor/_windows.py:75]: Closing
2025-07-22 12:07:03,795 [INFO] [MainThread] [root/log.py:59]: Yasb v1.7.4
2025-07-22 12:07:03,796 [INFO] [Thread-1 (_run_server)] [cli_server/cli_server.py:212]: CLI server started v1.1.1
2025-07-22 12:07:03,796 [INFO] [MainThread] [cli_server/cli_server.py:104]: Log pipe server started
2025-07-22 12:07:04,068 [DEBUG] [MainThread] [comtypes/__init__.py:149]: CoInitializeEx(None, 2)
2025-07-22 12:07:04,132 [DEBUG] [MainThread] [tzlocal/win32.py:55]: Looking up time zone info from registry
2025-07-22 12:07:04,387 [INFO] [MainThread] [root/watcher.py:55]: Created file watcher for path C:\Users\tamil\.config\yasb
2025-07-22 12:07:04,388 [INFO] [Dummy-10] [root/event_listener.py:53]: Created named pipe yasb-4a6ddd03-671e-11f0-a501-58cdc95b2622
2025-07-22 12:07:04,434 [DEBUG] [MainThread] [qasync._windows._EventPoller/_windows.py:213]: Starting (proactor: <_IocpProactor overlapped#=0 result#=0>)...
2025-07-22 12:07:04,435 [DEBUG] [Dummy-13] [qasync._windows._EventWorker/_windows.py:192]: Thread started
2025-07-22 12:07:04,479 [INFO] [Dummy-10] [root/event_listener.py:125]: Komorebi connected to named pipe: yasb-4a6ddd03-671e-11f0-a501-58cdc95b2622
2025-07-22 12:40:00,983 [INFO] [MainThread] [root/controller.py:12]: Reloading Application because of config update...
2025-07-22 12:40:01,094 [INFO] [MainThread] [cli_server/cli_server.py:112]: Log pipe server stopped
2025-07-22 12:40:01,094 [DEBUG] [MainThread] [cli_server/cli_server.py:206]: CLI server stopped
2025-07-22 12:40:01,111 [DEBUG] [MainThread] [qasync._windows._EventPoller/_windows.py:218]: Stopping worker thread...
2025-07-22 12:40:01,125 [DEBUG] [Dummy-13] [qasync._windows._EventWorker/_windows.py:201]: Exiting thread
2025-07-22 12:40:01,126 [DEBUG] [MainThread] [qasync._windows._IocpProactor/_windows.py:75]: Closing
2025-07-22 12:40:01,456 [INFO] [MainThread] [root/log.py:59]: Yasb v1.7.4
2025-07-22 12:40:01,458 [INFO] [Thread-1 (_run_server)] [cli_server/cli_server.py:212]: CLI server started v1.1.1
2025-07-22 12:40:01,458 [INFO] [MainThread] [cli_server/cli_server.py:104]: Log pipe server started
2025-07-22 12:40:01,779 [DEBUG] [MainThread] [comtypes/__init__.py:149]: CoInitializeEx(None, 2)
2025-07-22 12:40:01,860 [DEBUG] [MainThread] [tzlocal/win32.py:55]: Looking up time zone info from registry
2025-07-22 12:40:02,157 [INFO] [MainThread] [root/watcher.py:55]: Created file watcher for path C:\Users\tamil\.config\yasb
2025-07-22 12:40:02,157 [INFO] [Dummy-10] [root/event_listener.py:53]: Created named pipe yasb-e5457966-6722-11f0-8bfa-58cdc95b2622
2025-07-22 12:40:02,202 [DEBUG] [MainThread] [qasync._windows._EventPoller/_windows.py:213]: Starting (proactor: <_IocpProactor overlapped#=0 result#=0>)...
2025-07-22 12:40:02,203 [DEBUG] [Dummy-13] [qasync._windows._EventWorker/_windows.py:192]: Thread started
2025-07-22 12:40:02,247 [INFO] [Dummy-10] [root/event_listener.py:125]: Komorebi connected to named pipe: yasb-e5457966-6722-11f0-8bfa-58cdc95b2622
2025-07-22 13:08:32,897 [ERROR] [MainThread] [root/config.py:119]: The file 'C:\Users\tamil\.config\yasb\config.yaml' contains Parser Error(s). Please fix:
while parsing a flow sequence
  in "C:\Users\tamil\.config\yasb\config.yaml", line 45, column 9
expected ',' or ']', but got '<scalar>'
  in "C:\Users\tamil\.config\yasb\config.yaml", line 47, column 11
2025-07-22 13:08:34,225 [ERROR] [MainThread] [root/config.py:119]: The file 'C:\Users\tamil\.config\yasb\config.yaml' contains Parser Error(s). Please fix:
while parsing a flow sequence
  in "C:\Users\tamil\.config\yasb\config.yaml", line 45, column 9
expected ',' or ']', but got '<scalar>'
  in "C:\Users\tamil\.config\yasb\config.yaml", line 47, column 11
2025-07-22 13:08:35,558 [INFO] [MainThread] [root/controller.py:12]: Reloading Application because of config update...
2025-07-22 13:08:35,668 [INFO] [MainThread] [cli_server/cli_server.py:112]: Log pipe server stopped
2025-07-22 13:08:35,668 [DEBUG] [MainThread] [cli_server/cli_server.py:206]: CLI server stopped
2025-07-22 13:08:35,687 [DEBUG] [MainThread] [qasync._windows._EventPoller/_windows.py:218]: Stopping worker thread...
2025-07-22 13:08:35,700 [DEBUG] [Dummy-13] [qasync._windows._EventWorker/_windows.py:201]: Exiting thread
2025-07-22 13:08:35,701 [DEBUG] [MainThread] [qasync._windows._IocpProactor/_windows.py:75]: Closing
2025-07-22 13:08:35,993 [INFO] [MainThread] [root/log.py:59]: Yasb v1.7.4
2025-07-22 13:08:35,994 [INFO] [Thread-1 (_run_server)] [cli_server/cli_server.py:212]: CLI server started v1.1.1
2025-07-22 13:08:35,995 [INFO] [MainThread] [cli_server/cli_server.py:104]: Log pipe server started
2025-07-22 13:08:36,271 [DEBUG] [MainThread] [comtypes/__init__.py:149]: CoInitializeEx(None, 2)
2025-07-22 13:08:36,339 [DEBUG] [MainThread] [tzlocal/win32.py:55]: Looking up time zone info from registry
2025-07-22 13:08:36,647 [INFO] [MainThread] [root/watcher.py:55]: Created file watcher for path C:\Users\tamil\.config\yasb
2025-07-22 13:08:36,648 [INFO] [Dummy-10] [root/event_listener.py:53]: Created named pipe yasb-e32fc959-6726-11f0-be30-58cdc95b2622
2025-07-22 13:08:36,690 [DEBUG] [MainThread] [qasync._windows._EventPoller/_windows.py:213]: Starting (proactor: <_IocpProactor overlapped#=0 result#=0>)...
2025-07-22 13:08:36,691 [DEBUG] [Dummy-13] [qasync._windows._EventWorker/_windows.py:192]: Thread started
2025-07-22 13:08:36,743 [INFO] [Dummy-10] [root/event_listener.py:125]: Komorebi connected to named pipe: yasb-e32fc959-6726-11f0-be30-58cdc95b2622
2025-07-22 19:44:26,414 [INFO] [MainThread] [root/log.py:59]: Yasb v1.7.4
2025-07-22 19:44:26,415 [INFO] [Thread-1 (_run_server)] [cli_server/cli_server.py:212]: CLI server started v1.1.1
2025-07-22 19:44:26,416 [INFO] [MainThread] [cli_server/cli_server.py:104]: Log pipe server started
2025-07-22 19:44:26,772 [DEBUG] [MainThread] [comtypes/__init__.py:149]: CoInitializeEx(None, 2)
2025-07-22 19:44:26,855 [DEBUG] [MainThread] [tzlocal/win32.py:55]: Looking up time zone info from registry
2025-07-22 19:44:27,318 [INFO] [MainThread] [root/watcher.py:55]: Created file watcher for path C:\Users\tamil\.config\yasb
2025-07-22 19:44:27,318 [INFO] [Dummy-10] [root/event_listener.py:53]: Created named pipe yasb-2fb08f0e-675e-11f0-9386-58cdc95b2622
2025-07-22 19:44:27,370 [DEBUG] [MainThread] [qasync._windows._EventPoller/_windows.py:213]: Starting (proactor: <_IocpProactor overlapped#=0 result#=0>)...
2025-07-22 19:44:27,371 [DEBUG] [Dummy-13] [qasync._windows._EventWorker/_windows.py:192]: Thread started
2025-07-22 19:44:52,804 [INFO] [Dummy-10] [root/event_listener.py:125]: Komorebi connected to named pipe: yasb-2fb08f0e-675e-11f0-9386-58cdc95b2622
2025-07-22 19:48:04,148 [ERROR] [Dummy-10] [root/event_listener.py:89]: Komorebi has disconnected from the named pipe yasb-2fb08f0e-675e-11f0-9386-58cdc95b2622
Traceback (most recent call last):
  File "D:\a\yasb\yasb\src\core\utils\komorebi\event_listener.py", line 79, in run
  File "D:\a\yasb\yasb\src\core\utils\komorebi\event_listener.py", line 101, in _emit_event
  File "D:\a\yasb\yasb\src\core\event_service.py", line 28, in emit_event
TypeError: WorkspaceWidget.k_signal_update[dict, dict].emit(): argument 1 has unexpected type 'str'
2025-07-22 19:48:04,150 [INFO] [Dummy-10] [root/event_listener.py:94]: Attempting to reconnect to Komorebi...
2025-07-22 19:48:07,152 [INFO] [Dummy-10] [root/event_listener.py:53]: Created named pipe yasb-2fb08f0e-675e-11f0-9386-58cdc95b2622
2025-07-22 19:48:07,223 [INFO] [Dummy-10] [root/event_listener.py:125]: Komorebi connected to named pipe: yasb-2fb08f0e-675e-11f0-9386-58cdc95b2622
2025-07-23 09:07:33,555 [INFO] [MainThread] [root/log.py:59]: Yasb v1.7.4
2025-07-23 09:07:33,556 [INFO] [Thread-1 (_run_server)] [cli_server/cli_server.py:212]: CLI server started v1.1.1
2025-07-23 09:07:33,557 [INFO] [MainThread] [cli_server/cli_server.py:104]: Log pipe server started
2025-07-23 09:07:33,837 [DEBUG] [MainThread] [comtypes/__init__.py:149]: CoInitializeEx(None, 2)
2025-07-23 09:07:33,900 [DEBUG] [MainThread] [tzlocal/win32.py:55]: Looking up time zone info from registry
2025-07-23 09:07:34,319 [INFO] [MainThread] [root/watcher.py:55]: Created file watcher for path C:\Users\tamil\.config\yasb
2025-07-23 09:07:34,319 [INFO] [Dummy-10] [root/event_listener.py:53]: Created named pipe yasb-61619a29-67ce-11f0-bb7f-58cdc95b2622
2025-07-23 09:07:34,360 [DEBUG] [MainThread] [qasync._windows._EventPoller/_windows.py:213]: Starting (proactor: <_IocpProactor overlapped#=0 result#=0>)...
2025-07-23 09:07:34,360 [DEBUG] [Dummy-13] [qasync._windows._EventWorker/_windows.py:192]: Thread started
2025-07-23 09:08:04,919 [INFO] [Dummy-10] [root/event_listener.py:125]: Komorebi connected to named pipe: yasb-61619a29-67ce-11f0-bb7f-58cdc95b2622
2025-07-23 09:08:29,329 [ERROR] [Dummy-10] [root/event_listener.py:89]: Komorebi has disconnected from the named pipe yasb-61619a29-67ce-11f0-bb7f-58cdc95b2622
Traceback (most recent call last):
  File "D:\a\yasb\yasb\src\core\utils\komorebi\event_listener.py", line 79, in run
  File "D:\a\yasb\yasb\src\core\utils\komorebi\event_listener.py", line 101, in _emit_event
  File "D:\a\yasb\yasb\src\core\event_service.py", line 28, in emit_event
TypeError: WorkspaceWidget.k_signal_update[dict, dict].emit(): argument 1 has unexpected type 'str'
2025-07-23 09:08:29,330 [INFO] [Dummy-10] [root/event_listener.py:94]: Attempting to reconnect to Komorebi...
2025-07-23 09:08:32,332 [INFO] [Dummy-10] [root/event_listener.py:53]: Created named pipe yasb-61619a29-67ce-11f0-bb7f-58cdc95b2622
2025-07-23 09:08:32,404 [INFO] [Dummy-10] [root/event_listener.py:125]: Komorebi connected to named pipe: yasb-61619a29-67ce-11f0-bb7f-58cdc95b2622
2025-07-23 16:04:16,665 [ERROR] [Dummy-10] [root/event_listener.py:89]: Komorebi has disconnected from the named pipe yasb-61619a29-67ce-11f0-bb7f-58cdc95b2622
Traceback (most recent call last):
  File "D:\a\yasb\yasb\src\core\utils\komorebi\event_listener.py", line 79, in run
  File "D:\a\yasb\yasb\src\core\utils\komorebi\event_listener.py", line 101, in _emit_event
  File "D:\a\yasb\yasb\src\core\event_service.py", line 28, in emit_event
TypeError: WorkspaceWidget.k_signal_update[dict, dict].emit(): argument 1 has unexpected type 'str'
2025-07-23 16:04:16,668 [INFO] [Dummy-10] [root/event_listener.py:94]: Attempting to reconnect to Komorebi...
2025-07-23 16:04:19,673 [INFO] [Dummy-10] [root/event_listener.py:53]: Created named pipe yasb-61619a29-67ce-11f0-bb7f-58cdc95b2622
2025-07-23 16:05:47,948 [INFO] [MainThread] [root/controller.py:12]: Reloading Application from tray...
2025-07-23 16:05:48,053 [INFO] [MainThread] [cli_server/cli_server.py:112]: Log pipe server stopped
2025-07-23 16:05:48,053 [DEBUG] [MainThread] [cli_server/cli_server.py:206]: CLI server stopped
2025-07-23 16:05:48,081 [DEBUG] [MainThread] [qasync._windows._EventPoller/_windows.py:218]: Stopping worker thread...
2025-07-23 16:05:48,091 [DEBUG] [Dummy-13] [qasync._windows._EventWorker/_windows.py:201]: Exiting thread
2025-07-23 16:05:48,093 [DEBUG] [MainThread] [qasync._windows._IocpProactor/_windows.py:75]: Closing
2025-07-23 16:05:48,374 [INFO] [MainThread] [root/log.py:59]: Yasb v1.7.4
2025-07-23 16:05:48,374 [INFO] [Thread-1 (_run_server)] [cli_server/cli_server.py:212]: CLI server started v1.1.1
2025-07-23 16:05:48,375 [INFO] [MainThread] [cli_server/cli_server.py:104]: Log pipe server started
2025-07-23 16:05:48,652 [DEBUG] [MainThread] [comtypes/__init__.py:149]: CoInitializeEx(None, 2)
2025-07-23 16:05:48,715 [DEBUG] [MainThread] [tzlocal/win32.py:55]: Looking up time zone info from registry
2025-07-23 16:05:49,122 [INFO] [MainThread] [root/watcher.py:55]: Created file watcher for path C:\Users\tamil\.config\yasb
2025-07-23 16:05:49,123 [INFO] [Dummy-10] [root/event_listener.py:53]: Created named pipe yasb-cf0cb29e-6808-11f0-a7ca-58cdc95b2622
2025-07-23 16:05:49,164 [DEBUG] [MainThread] [qasync._windows._EventPoller/_windows.py:213]: Starting (proactor: <_IocpProactor overlapped#=0 result#=0>)...
2025-07-23 16:05:49,165 [DEBUG] [Dummy-13] [qasync._windows._EventWorker/_windows.py:192]: Thread started
2025-07-23 16:05:49,203 [INFO] [Dummy-10] [root/event_listener.py:125]: Komorebi connected to named pipe: yasb-cf0cb29e-6808-11f0-a7ca-58cdc95b2622
2025-07-24 14:56:52,973 [WARNING] [Dummy-10] [root/event_listener.py:84]: Pipe has been ended: (109, 'PeekNamedPipe', 'The pipe has been ended.')
2025-07-24 14:56:52,984 [INFO] [Dummy-10] [root/event_listener.py:94]: Attempting to reconnect to Komorebi...
2025-07-24 14:58:24,418 [INFO] [MainThread] [root/log.py:59]: Yasb v1.7.4
2025-07-24 14:58:24,420 [INFO] [Thread-1 (_run_server)] [cli_server/cli_server.py:212]: CLI server started v1.1.1
2025-07-24 14:58:24,421 [INFO] [MainThread] [cli_server/cli_server.py:104]: Log pipe server started
2025-07-24 14:58:24,791 [DEBUG] [MainThread] [comtypes/__init__.py:149]: CoInitializeEx(None, 2)
2025-07-24 14:58:24,880 [DEBUG] [MainThread] [tzlocal/win32.py:55]: Looking up time zone info from registry
2025-07-24 14:58:25,299 [INFO] [MainThread] [root/watcher.py:55]: Created file watcher for path C:\Users\tamil\.config\yasb
2025-07-24 14:58:25,299 [INFO] [Dummy-10] [root/event_listener.py:53]: Created named pipe yasb-8f27dd55-68c8-11f0-bb4e-58cdc95b2622
2025-07-24 14:58:25,355 [DEBUG] [MainThread] [qasync._windows._EventPoller/_windows.py:213]: Starting (proactor: <_IocpProactor overlapped#=0 result#=0>)...
2025-07-24 14:58:25,356 [DEBUG] [Dummy-13] [qasync._windows._EventWorker/_windows.py:192]: Thread started
2025-07-24 14:58:45,729 [INFO] [Dummy-10] [root/event_listener.py:125]: Komorebi connected to named pipe: yasb-8f27dd55-68c8-11f0-bb4e-58cdc95b2622
2025-07-24 15:27:31,709 [INFO] [MainThread] [root/log.py:59]: Yasb v1.7.4
2025-07-24 15:27:31,711 [INFO] [Thread-1 (_run_server)] [cli_server/cli_server.py:212]: CLI server started v1.1.1
2025-07-24 15:27:31,712 [INFO] [MainThread] [cli_server/cli_server.py:104]: Log pipe server started
2025-07-24 15:27:32,045 [DEBUG] [MainThread] [comtypes/__init__.py:149]: CoInitializeEx(None, 2)
2025-07-24 15:27:32,121 [DEBUG] [MainThread] [tzlocal/win32.py:55]: Looking up time zone info from registry
2025-07-24 15:27:32,513 [INFO] [MainThread] [root/watcher.py:55]: Created file watcher for path C:\Users\tamil\.config\yasb
2025-07-24 15:27:32,514 [INFO] [Dummy-10] [root/event_listener.py:53]: Created named pipe yasb-a093837e-68cc-11f0-b43b-58cdc95b2622
2025-07-24 15:27:32,562 [DEBUG] [MainThread] [qasync._windows._EventPoller/_windows.py:213]: Starting (proactor: <_IocpProactor overlapped#=0 result#=0>)...
2025-07-24 15:27:32,563 [DEBUG] [Dummy-13] [qasync._windows._EventWorker/_windows.py:192]: Thread started
2025-07-24 15:30:48,120 [INFO] [MainThread] [root/log.py:59]: Yasb v1.7.4
2025-07-24 15:30:48,124 [INFO] [Thread-1 (_run_server)] [cli_server/cli_server.py:212]: CLI server started v1.1.1
2025-07-24 15:30:48,124 [INFO] [MainThread] [cli_server/cli_server.py:104]: Log pipe server started
2025-07-24 15:30:48,505 [DEBUG] [MainThread] [comtypes/__init__.py:149]: CoInitializeEx(None, 2)
2025-07-24 15:30:48,602 [DEBUG] [MainThread] [tzlocal/win32.py:55]: Looking up time zone info from registry
2025-07-24 15:30:49,116 [INFO] [MainThread] [root/watcher.py:55]: Created file watcher for path C:\Users\tamil\.config\yasb
2025-07-24 15:30:49,118 [INFO] [Dummy-10] [root/event_listener.py:53]: Created named pipe yasb-15c2f48b-68cd-11f0-bfd8-58cdc95b2622
2025-07-24 15:30:49,174 [DEBUG] [MainThread] [qasync._windows._EventPoller/_windows.py:213]: Starting (proactor: <_IocpProactor overlapped#=0 result#=0>)...
2025-07-24 15:30:49,174 [DEBUG] [Dummy-13] [qasync._windows._EventWorker/_windows.py:192]: Thread started
2025-07-24 16:59:43,154 [INFO] [MainThread] [root/controller.py:12]: Reloading Application from tray...
2025-07-24 16:59:43,260 [INFO] [MainThread] [cli_server/cli_server.py:112]: Log pipe server stopped
2025-07-24 16:59:43,260 [DEBUG] [MainThread] [cli_server/cli_server.py:206]: CLI server stopped
2025-07-24 16:59:43,288 [DEBUG] [MainThread] [qasync._windows._EventPoller/_windows.py:218]: Stopping worker thread...
2025-07-24 16:59:43,307 [DEBUG] [Dummy-13] [qasync._windows._EventWorker/_windows.py:201]: Exiting thread
2025-07-24 16:59:43,309 [DEBUG] [MainThread] [qasync._windows._IocpProactor/_windows.py:75]: Closing
2025-07-24 16:59:43,689 [INFO] [MainThread] [root/log.py:59]: Yasb v1.7.4
2025-07-24 16:59:43,691 [INFO] [Thread-1 (_run_server)] [cli_server/cli_server.py:212]: CLI server started v1.1.1
2025-07-24 16:59:43,692 [INFO] [MainThread] [cli_server/cli_server.py:104]: Log pipe server started
2025-07-24 16:59:44,033 [DEBUG] [MainThread] [comtypes/__init__.py:149]: CoInitializeEx(None, 2)
2025-07-24 16:59:44,115 [DEBUG] [MainThread] [tzlocal/win32.py:55]: Looking up time zone info from registry
2025-07-24 16:59:44,464 [INFO] [MainThread] [root/watcher.py:55]: Created file watcher for path C:\Users\tamil\.config\yasb
2025-07-24 16:59:44,465 [INFO] [Dummy-10] [root/event_listener.py:53]: Created named pipe yasb-81e049d5-68d9-11f0-8f5b-58cdc95b2622
2025-07-24 16:59:44,514 [DEBUG] [MainThread] [qasync._windows._EventPoller/_windows.py:213]: Starting (proactor: <_IocpProactor overlapped#=0 result#=0>)...
2025-07-24 16:59:44,515 [DEBUG] [Dummy-13] [qasync._windows._EventWorker/_windows.py:192]: Thread started
2025-07-24 16:59:44,558 [INFO] [Dummy-10] [root/event_listener.py:125]: Komorebi connected to named pipe: yasb-81e049d5-68d9-11f0-8f5b-58cdc95b2622
2025-07-24 18:35:35,134 [INFO] [MainThread] [root/log.py:59]: Yasb v1.7.4
2025-07-24 18:35:35,136 [INFO] [Thread-1 (_run_server)] [cli_server/cli_server.py:212]: CLI server started v1.1.1
2025-07-24 18:35:35,137 [INFO] [MainThread] [cli_server/cli_server.py:104]: Log pipe server started
2025-07-24 18:35:35,137 [ERROR] [MainThread] [root/main.py:35]: Another instance of the YASB is already running.
2025-07-25 11:17:56,379 [DEBUG] [MainThread] [root/volume.py:330]: Attempting PolicyConfig interface with device: {0.0.0.00000000}.{c11c383d-b07d-4893-bac2-df23f6604454}
2025-07-25 12:32:07,154 [DEBUG] [MainThread] [root/volume.py:330]: Attempting PolicyConfig interface with device: {0.0.0.00000000}.{5f61a209-31d4-461c-a9d1-bd6b8e168490}
2025-07-25 21:32:18,681 [INFO] [MainThread] [root/log.py:59]: Yasb v1.7.4
2025-07-25 21:32:18,683 [INFO] [Thread-1 (_run_server)] [cli_server/cli_server.py:212]: CLI server started v1.1.1
2025-07-25 21:32:18,684 [INFO] [MainThread] [cli_server/cli_server.py:104]: Log pipe server started
2025-07-25 21:32:19,286 [DEBUG] [MainThread] [comtypes/__init__.py:149]: CoInitializeEx(None, 2)
2025-07-25 21:32:19,472 [DEBUG] [MainThread] [tzlocal/win32.py:55]: Looking up time zone info from registry
2025-07-25 21:32:19,944 [INFO] [MainThread] [root/watcher.py:55]: Created file watcher for path C:\Users\tamil\.config\yasb
2025-07-25 21:32:19,945 [INFO] [Dummy-10] [root/event_listener.py:53]: Created named pipe yasb-c0ea64ef-69c8-11f0-a896-58cdc95b2622
2025-07-25 21:32:20,001 [DEBUG] [MainThread] [qasync._windows._EventPoller/_windows.py:213]: Starting (proactor: <_IocpProactor overlapped#=0 result#=0>)...
2025-07-25 21:32:20,003 [DEBUG] [Dummy-13] [qasync._windows._EventWorker/_windows.py:192]: Thread started
2025-07-26 08:54:15,681 [INFO] [Dummy-10] [root/event_listener.py:125]: Komorebi connected to named pipe: yasb-c0ea64ef-69c8-11f0-a896-58cdc95b2622
2025-07-26 08:54:16,367 [ERROR] [Dummy-10] [root/event_listener.py:89]: Komorebi has disconnected from the named pipe yasb-c0ea64ef-69c8-11f0-a896-58cdc95b2622
Traceback (most recent call last):
  File "D:\a\yasb\yasb\src\core\utils\komorebi\event_listener.py", line 79, in run
  File "D:\a\yasb\yasb\src\core\utils\komorebi\event_listener.py", line 101, in _emit_event
  File "D:\a\yasb\yasb\src\core\event_service.py", line 28, in emit_event
TypeError: WorkspaceWidget.k_signal_update[dict, dict].emit(): argument 1 has unexpected type 'str'
2025-07-26 08:54:16,370 [INFO] [Dummy-10] [root/event_listener.py:94]: Attempting to reconnect to Komorebi...
2025-07-26 08:54:19,371 [INFO] [Dummy-10] [root/event_listener.py:53]: Created named pipe yasb-c0ea64ef-69c8-11f0-a896-58cdc95b2622
2025-07-26 08:54:19,443 [INFO] [Dummy-10] [root/event_listener.py:125]: Komorebi connected to named pipe: yasb-c0ea64ef-69c8-11f0-a896-58cdc95b2622
2025-07-26 20:49:49,457 [ERROR] [MainThread] [root/config.py:110]: The config file 'C:\Users\tamil\.config\yasb\config.yaml' contains validation errors. Please fix:
systray:
- unknown field

2025-07-26 20:49:54,993 [INFO] [MainThread] [root/controller.py:12]: Reloading Application because of config update...
2025-07-26 20:49:55,099 [INFO] [MainThread] [cli_server/cli_server.py:112]: Log pipe server stopped
2025-07-26 20:49:55,099 [DEBUG] [MainThread] [cli_server/cli_server.py:206]: CLI server stopped
2025-07-26 20:49:55,124 [DEBUG] [MainThread] [qasync._windows._EventPoller/_windows.py:218]: Stopping worker thread...
2025-07-26 20:49:55,145 [DEBUG] [Dummy-13] [qasync._windows._EventWorker/_windows.py:201]: Exiting thread
2025-07-26 20:49:55,150 [DEBUG] [MainThread] [qasync._windows._IocpProactor/_windows.py:75]: Closing
2025-07-26 20:49:55,534 [INFO] [MainThread] [root/log.py:59]: Yasb v1.7.4
2025-07-26 20:49:55,535 [INFO] [Thread-1 (_run_server)] [cli_server/cli_server.py:212]: CLI server started v1.1.1
2025-07-26 20:49:55,536 [INFO] [MainThread] [cli_server/cli_server.py:104]: Log pipe server started
2025-07-26 20:49:55,920 [DEBUG] [MainThread] [comtypes/__init__.py:149]: CoInitializeEx(None, 2)
2025-07-26 20:49:56,001 [DEBUG] [MainThread] [tzlocal/win32.py:55]: Looking up time zone info from registry
2025-07-26 20:49:56,582 [INFO] [MainThread] [root/watcher.py:55]: Created file watcher for path C:\Users\tamil\.config\yasb
2025-07-26 20:49:56,583 [INFO] [Dummy-10] [root/event_listener.py:53]: Created named pipe yasb-ff5da5f1-6a8b-11f0-8e0c-58cdc95b2622
2025-07-26 20:49:56,633 [DEBUG] [MainThread] [qasync._windows._EventPoller/_windows.py:213]: Starting (proactor: <_IocpProactor overlapped#=0 result#=0>)...
2025-07-26 20:49:56,635 [DEBUG] [Dummy-13] [qasync._windows._EventWorker/_windows.py:192]: Thread started
2025-07-26 20:49:56,755 [INFO] [Dummy-10] [root/event_listener.py:125]: Komorebi connected to named pipe: yasb-ff5da5f1-6a8b-11f0-8e0c-58cdc95b2622
2025-07-26 20:50:02,259 [INFO] [MainThread] [root/controller.py:12]: Reloading Application because of config update...
2025-07-26 20:50:02,364 [INFO] [MainThread] [cli_server/cli_server.py:112]: Log pipe server stopped
2025-07-26 20:50:02,364 [DEBUG] [MainThread] [cli_server/cli_server.py:206]: CLI server stopped
2025-07-26 20:50:02,379 [DEBUG] [MainThread] [qasync._windows._EventPoller/_windows.py:218]: Stopping worker thread...
2025-07-26 20:50:02,395 [DEBUG] [Dummy-13] [qasync._windows._EventWorker/_windows.py:201]: Exiting thread
2025-07-26 20:50:02,397 [DEBUG] [MainThread] [qasync._windows._IocpProactor/_windows.py:75]: Closing
2025-07-26 20:50:02,718 [INFO] [MainThread] [root/log.py:59]: Yasb v1.7.4
2025-07-26 20:50:02,719 [INFO] [Thread-1 (_run_server)] [cli_server/cli_server.py:212]: CLI server started v1.1.1
2025-07-26 20:50:02,719 [INFO] [MainThread] [cli_server/cli_server.py:104]: Log pipe server started
2025-07-26 20:50:03,045 [DEBUG] [MainThread] [comtypes/__init__.py:149]: CoInitializeEx(None, 2)
2025-07-26 20:50:03,118 [DEBUG] [MainThread] [tzlocal/win32.py:55]: Looking up time zone info from registry
2025-07-26 20:50:03,450 [INFO] [MainThread] [root/watcher.py:55]: Created file watcher for path C:\Users\tamil\.config\yasb
2025-07-26 20:50:03,451 [INFO] [Dummy-10] [root/event_listener.py:53]: Created named pipe yasb-0375cecb-6a8c-11f0-b6a1-58cdc95b2622
2025-07-26 20:50:03,500 [DEBUG] [MainThread] [qasync._windows._EventPoller/_windows.py:213]: Starting (proactor: <_IocpProactor overlapped#=0 result#=0>)...
2025-07-26 20:50:03,502 [DEBUG] [Dummy-13] [qasync._windows._EventWorker/_windows.py:192]: Thread started
2025-07-26 20:50:03,639 [INFO] [Dummy-10] [root/event_listener.py:125]: Komorebi connected to named pipe: yasb-0375cecb-6a8c-11f0-b6a1-58cdc95b2622
2025-07-26 20:50:27,474 [ERROR] [MainThread] [root/config.py:119]: The file 'C:\Users\tamil\.config\yasb\config.yaml' contains Parser Error(s). Please fix:
while parsing a flow sequence
  in "C:\Users\tamil\.config\yasb\config.yaml", line 45, column 9
expected ',' or ']', but got '<scalar>'
  in "C:\Users\tamil\.config\yasb\config.yaml", line 48, column 11
2025-07-26 20:50:28,966 [INFO] [MainThread] [root/controller.py:12]: Reloading Application because of config update...
2025-07-26 20:50:29,079 [INFO] [MainThread] [cli_server/cli_server.py:112]: Log pipe server stopped
2025-07-26 20:50:29,079 [DEBUG] [MainThread] [cli_server/cli_server.py:206]: CLI server stopped
2025-07-26 20:50:29,096 [DEBUG] [MainThread] [qasync._windows._EventPoller/_windows.py:218]: Stopping worker thread...
2025-07-26 20:50:29,110 [DEBUG] [Dummy-13] [qasync._windows._EventWorker/_windows.py:201]: Exiting thread
2025-07-26 20:50:29,111 [DEBUG] [MainThread] [qasync._windows._IocpProactor/_windows.py:75]: Closing
2025-07-26 20:50:29,459 [INFO] [MainThread] [root/log.py:59]: Yasb v1.7.4
2025-07-26 20:50:29,460 [INFO] [Thread-1 (_run_server)] [cli_server/cli_server.py:212]: CLI server started v1.1.1
2025-07-26 20:50:29,461 [INFO] [MainThread] [cli_server/cli_server.py:104]: Log pipe server started
2025-07-26 20:50:29,841 [DEBUG] [MainThread] [comtypes/__init__.py:149]: CoInitializeEx(None, 2)
2025-07-26 20:50:29,922 [DEBUG] [MainThread] [tzlocal/win32.py:55]: Looking up time zone info from registry
2025-07-26 20:50:30,246 [INFO] [MainThread] [root/watcher.py:55]: Created file watcher for path C:\Users\tamil\.config\yasb
2025-07-26 20:50:30,246 [INFO] [Dummy-10] [root/event_listener.py:53]: Created named pipe yasb-136e6af4-6a8c-11f0-abf0-58cdc95b2622
2025-07-26 20:50:30,301 [DEBUG] [MainThread] [qasync._windows._EventPoller/_windows.py:213]: Starting (proactor: <_IocpProactor overlapped#=0 result#=0>)...
2025-07-26 20:50:30,304 [DEBUG] [Dummy-13] [qasync._windows._EventWorker/_windows.py:192]: Thread started
2025-07-26 20:50:30,425 [INFO] [Dummy-10] [root/event_listener.py:125]: Komorebi connected to named pipe: yasb-136e6af4-6a8c-11f0-abf0-58cdc95b2622
2025-07-26 20:51:37,583 [INFO] [MainThread] [root/controller.py:12]: Reloading Application because of config update...
2025-07-26 20:51:37,688 [INFO] [MainThread] [cli_server/cli_server.py:112]: Log pipe server stopped
2025-07-26 20:51:37,688 [DEBUG] [MainThread] [cli_server/cli_server.py:206]: CLI server stopped
2025-07-26 20:51:37,706 [DEBUG] [MainThread] [qasync._windows._EventPoller/_windows.py:218]: Stopping worker thread...
2025-07-26 20:51:37,719 [DEBUG] [Dummy-13] [qasync._windows._EventWorker/_windows.py:201]: Exiting thread
2025-07-26 20:51:37,721 [DEBUG] [MainThread] [qasync._windows._IocpProactor/_windows.py:75]: Closing
2025-07-26 20:51:38,052 [INFO] [MainThread] [root/log.py:59]: Yasb v1.7.4
2025-07-26 20:51:38,053 [INFO] [Thread-1 (_run_server)] [cli_server/cli_server.py:212]: CLI server started v1.1.1
2025-07-26 20:51:38,054 [INFO] [MainThread] [cli_server/cli_server.py:104]: Log pipe server started
2025-07-26 20:51:38,456 [DEBUG] [MainThread] [comtypes/__init__.py:149]: CoInitializeEx(None, 2)
2025-07-26 20:51:38,551 [DEBUG] [MainThread] [tzlocal/win32.py:55]: Looking up time zone info from registry
2025-07-26 20:51:38,849 [INFO] [MainThread] [root/watcher.py:55]: Created file watcher for path C:\Users\tamil\.config\yasb
2025-07-26 20:51:38,850 [INFO] [Dummy-10] [root/event_listener.py:53]: Created named pipe yasb-3c527fe7-6a8c-11f0-909c-58cdc95b2622
2025-07-26 20:51:38,900 [DEBUG] [MainThread] [qasync._windows._EventPoller/_windows.py:213]: Starting (proactor: <_IocpProactor overlapped#=0 result#=0>)...
2025-07-26 20:51:38,901 [DEBUG] [Dummy-13] [qasync._windows._EventWorker/_windows.py:192]: Thread started
2025-07-26 20:51:39,014 [INFO] [Dummy-10] [root/event_listener.py:125]: Komorebi connected to named pipe: yasb-3c527fe7-6a8c-11f0-909c-58cdc95b2622
2025-07-27 18:18:01,207 [DEBUG] [MainThread] [root/volume.py:330]: Attempting PolicyConfig interface with device: {0.0.0.00000000}.{61d5664b-02f4-4f59-a008-bf6e7ab81d84}
2025-07-28 13:39:46,681 [INFO] [MainThread] [root/log.py:59]: Yasb v1.7.4
2025-07-28 13:39:46,683 [INFO] [Thread-1 (_run_server)] [cli_server/cli_server.py:212]: CLI server started v1.1.1
2025-07-28 13:39:46,683 [INFO] [MainThread] [cli_server/cli_server.py:104]: Log pipe server started
2025-07-28 13:39:46,989 [DEBUG] [MainThread] [comtypes/__init__.py:149]: CoInitializeEx(None, 2)
2025-07-28 13:39:47,071 [DEBUG] [MainThread] [tzlocal/win32.py:55]: Looking up time zone info from registry
2025-07-28 13:39:47,541 [INFO] [MainThread] [root/watcher.py:55]: Created file watcher for path C:\Users\tamil\.config\yasb
2025-07-28 13:39:47,542 [INFO] [Dummy-10] [root/event_listener.py:53]: Created named pipe yasb-3cce4723-6be2-11f0-a2fa-58cdc95b2622
2025-07-28 13:39:47,591 [DEBUG] [MainThread] [qasync._windows._EventPoller/_windows.py:213]: Starting (proactor: <_IocpProactor overlapped#=0 result#=0>)...
2025-07-28 13:39:47,593 [DEBUG] [Dummy-13] [qasync._windows._EventWorker/_windows.py:192]: Thread started
2025-07-28 13:39:47,715 [INFO] [Dummy-10] [root/event_listener.py:125]: Komorebi connected to named pipe: yasb-3cce4723-6be2-11f0-a2fa-58cdc95b2622
2025-07-28 23:45:35,317 [WARNING] [Dummy-10] [root/event_listener.py:84]: Pipe has been ended: (109, 'PeekNamedPipe', 'The pipe has been ended.')
2025-07-28 23:45:35,322 [INFO] [Dummy-10] [root/event_listener.py:94]: Attempting to reconnect to Komorebi...
2025-07-28 23:47:26,969 [INFO] [MainThread] [root/log.py:59]: Yasb v1.7.4
2025-07-28 23:47:26,969 [INFO] [Thread-1 (_run_server)] [cli_server/cli_server.py:212]: CLI server started v1.1.1
2025-07-28 23:47:26,969 [INFO] [MainThread] [cli_server/cli_server.py:104]: Log pipe server started
2025-07-28 23:47:27,323 [DEBUG] [MainThread] [comtypes/__init__.py:149]: CoInitializeEx(None, 2)
2025-07-28 23:47:27,403 [DEBUG] [MainThread] [tzlocal/win32.py:55]: Looking up time zone info from registry
2025-07-28 23:47:27,927 [INFO] [MainThread] [root/watcher.py:55]: Created file watcher for path C:\Users\tamil\.config\yasb
2025-07-28 23:47:27,928 [INFO] [Dummy-10] [root/event_listener.py:53]: Created named pipe yasb-20e36176-6c37-11f0-8803-58cdc95b2622
2025-07-28 23:47:27,975 [DEBUG] [MainThread] [qasync._windows._EventPoller/_windows.py:213]: Starting (proactor: <_IocpProactor overlapped#=0 result#=0>)...
2025-07-28 23:47:27,976 [DEBUG] [Dummy-13] [qasync._windows._EventWorker/_windows.py:192]: Thread started
2025-07-29 10:14:24,175 [INFO] [MainThread] [root/controller.py:12]: Reloading Application from tray...
2025-07-29 10:14:24,287 [INFO] [MainThread] [cli_server/cli_server.py:112]: Log pipe server stopped
2025-07-29 10:14:24,287 [DEBUG] [MainThread] [cli_server/cli_server.py:206]: CLI server stopped
2025-07-29 10:14:24,313 [DEBUG] [MainThread] [qasync._windows._EventPoller/_windows.py:218]: Stopping worker thread...
2025-07-29 10:14:24,333 [DEBUG] [Dummy-13] [qasync._windows._EventWorker/_windows.py:201]: Exiting thread
2025-07-29 10:14:24,334 [DEBUG] [MainThread] [qasync._windows._IocpProactor/_windows.py:75]: Closing
2025-07-29 10:14:24,643 [INFO] [MainThread] [root/log.py:59]: Yasb v1.7.4
2025-07-29 10:14:24,644 [INFO] [Thread-1 (_run_server)] [cli_server/cli_server.py:212]: CLI server started v1.1.1
2025-07-29 10:14:24,645 [INFO] [MainThread] [cli_server/cli_server.py:104]: Log pipe server started
2025-07-29 10:14:24,940 [DEBUG] [MainThread] [comtypes/__init__.py:149]: CoInitializeEx(None, 2)
2025-07-29 10:14:25,007 [DEBUG] [MainThread] [tzlocal/win32.py:55]: Looking up time zone info from registry
2025-07-29 10:14:25,270 [INFO] [MainThread] [root/watcher.py:55]: Created file watcher for path C:\Users\tamil\.config\yasb
2025-07-29 10:14:25,270 [INFO] [Dummy-10] [root/event_listener.py:53]: Created named pipe yasb-b6927b0a-6c8e-11f0-ae4f-58cdc95b2622
2025-07-29 10:14:25,316 [DEBUG] [MainThread] [qasync._windows._EventPoller/_windows.py:213]: Starting (proactor: <_IocpProactor overlapped#=0 result#=0>)...
2025-07-29 10:14:25,317 [DEBUG] [Dummy-13] [qasync._windows._EventWorker/_windows.py:192]: Thread started
2025-07-29 10:14:35,504 [INFO] [Dummy-10] [root/event_listener.py:125]: Komorebi connected to named pipe: yasb-b6927b0a-6c8e-11f0-ae4f-58cdc95b2622
2025-07-30 13:07:06,754 [INFO] [MainThread] [root/log.py:59]: Yasb v1.7.4
2025-07-30 13:07:06,754 [INFO] [Thread-1 (_run_server)] [cli_server/cli_server.py:212]: CLI server started v1.1.1
2025-07-30 13:07:06,755 [INFO] [MainThread] [cli_server/cli_server.py:104]: Log pipe server started
2025-07-30 13:07:07,022 [DEBUG] [MainThread] [comtypes/__init__.py:149]: CoInitializeEx(None, 2)
2025-07-30 13:07:07,089 [DEBUG] [MainThread] [tzlocal/win32.py:55]: Looking up time zone info from registry
2025-07-30 13:07:07,519 [INFO] [MainThread] [root/watcher.py:55]: Created file watcher for path C:\Users\tamil\.config\yasb
2025-07-30 13:07:07,519 [INFO] [Dummy-10] [root/event_listener.py:53]: Created named pipe yasb-015def32-6d70-11f0-928b-58cdc95b2622
2025-07-30 13:07:07,574 [DEBUG] [MainThread] [qasync._windows._EventPoller/_windows.py:213]: Starting (proactor: <_IocpProactor overlapped#=0 result#=0>)...
2025-07-30 13:07:07,575 [DEBUG] [Dummy-13] [qasync._windows._EventWorker/_windows.py:192]: Thread started
2025-07-30 13:07:07,688 [INFO] [Dummy-10] [root/event_listener.py:125]: Komorebi connected to named pipe: yasb-015def32-6d70-11f0-928b-58cdc95b2622
2025-08-02 21:57:53,581 [INFO] [MainThread] [root/log.py:59]: Yasb v1.7.4
2025-08-02 21:57:53,581 [INFO] [Thread-1 (_run_server)] [cli_server/cli_server.py:212]: CLI server started v1.1.1
2025-08-02 21:57:53,582 [INFO] [MainThread] [cli_server/cli_server.py:104]: Log pipe server started
2025-08-02 21:57:53,871 [DEBUG] [MainThread] [comtypes/__init__.py:149]: CoInitializeEx(None, 2)
2025-08-02 21:57:53,940 [DEBUG] [MainThread] [tzlocal/win32.py:55]: Looking up time zone info from registry
2025-08-02 21:57:54,250 [INFO] [MainThread] [root/watcher.py:55]: Created file watcher for path C:\Users\tamil\.config\yasb
2025-08-02 21:57:54,252 [INFO] [Dummy-10] [root/event_listener.py:53]: Created named pipe yasb-a6bce88c-7015-11f0-80a9-58cdc95b2622
2025-08-02 21:57:54,292 [DEBUG] [MainThread] [qasync._windows._EventPoller/_windows.py:213]: Starting (proactor: <_IocpProactor overlapped#=0 result#=0>)...
2025-08-02 21:57:54,294 [DEBUG] [Dummy-13] [qasync._windows._EventWorker/_windows.py:192]: Thread started
2025-08-02 21:58:26,367 [INFO] [MainThread] [root/controller.py:12]: Reloading Application from tray...
2025-08-02 21:58:26,479 [INFO] [MainThread] [cli_server/cli_server.py:112]: Log pipe server stopped
2025-08-02 21:58:26,479 [DEBUG] [MainThread] [cli_server/cli_server.py:206]: CLI server stopped
2025-08-02 21:58:26,499 [DEBUG] [MainThread] [qasync._windows._EventPoller/_windows.py:218]: Stopping worker thread...
2025-08-02 21:58:26,510 [DEBUG] [Dummy-13] [qasync._windows._EventWorker/_windows.py:201]: Exiting thread
2025-08-02 21:58:26,511 [DEBUG] [MainThread] [qasync._windows._IocpProactor/_windows.py:75]: Closing
2025-08-02 21:58:26,777 [INFO] [MainThread] [root/log.py:59]: Yasb v1.7.4
2025-08-02 21:58:26,778 [INFO] [Thread-1 (_run_server)] [cli_server/cli_server.py:212]: CLI server started v1.1.1
2025-08-02 21:58:26,778 [INFO] [MainThread] [cli_server/cli_server.py:104]: Log pipe server started
2025-08-02 21:58:27,059 [DEBUG] [MainThread] [comtypes/__init__.py:149]: CoInitializeEx(None, 2)
2025-08-02 21:58:27,121 [DEBUG] [MainThread] [tzlocal/win32.py:55]: Looking up time zone info from registry
2025-08-02 21:58:27,344 [INFO] [MainThread] [root/watcher.py:55]: Created file watcher for path C:\Users\tamil\.config\yasb
2025-08-02 21:58:27,344 [INFO] [Dummy-10] [root/event_listener.py:53]: Created named pipe yasb-ba769f2b-7015-11f0-8328-58cdc95b2622
2025-08-02 21:58:27,391 [DEBUG] [MainThread] [qasync._windows._EventPoller/_windows.py:213]: Starting (proactor: <_IocpProactor overlapped#=0 result#=0>)...
2025-08-02 21:58:27,392 [DEBUG] [Dummy-13] [qasync._windows._EventWorker/_windows.py:192]: Thread started
2025-08-02 21:58:27,484 [INFO] [Dummy-10] [root/event_listener.py:125]: Komorebi connected to named pipe: yasb-ba769f2b-7015-11f0-8328-58cdc95b2622
2025-08-02 21:58:39,856 [ERROR] [Dummy-10] [root/event_listener.py:89]: Komorebi has disconnected from the named pipe yasb-ba769f2b-7015-11f0-8328-58cdc95b2622
Traceback (most recent call last):
  File "D:\a\yasb\yasb\src\core\utils\komorebi\event_listener.py", line 79, in run
  File "D:\a\yasb\yasb\src\core\utils\komorebi\event_listener.py", line 101, in _emit_event
  File "D:\a\yasb\yasb\src\core\event_service.py", line 28, in emit_event
TypeError: WorkspaceWidget.k_signal_update[dict, dict].emit(): argument 1 has unexpected type 'str'
2025-08-02 21:58:39,858 [INFO] [Dummy-10] [root/event_listener.py:94]: Attempting to reconnect to Komorebi...
2025-08-02 21:58:42,859 [INFO] [Dummy-10] [root/event_listener.py:53]: Created named pipe yasb-ba769f2b-7015-11f0-8328-58cdc95b2622
2025-08-02 21:58:42,978 [INFO] [Dummy-10] [root/event_listener.py:125]: Komorebi connected to named pipe: yasb-ba769f2b-7015-11f0-8328-58cdc95b2622
2025-08-06 15:49:48,400 [INFO] [MainThread] [root/log.py:59]: Yasb v1.7.4
2025-08-06 15:49:48,400 [INFO] [Thread-1 (_run_server)] [cli_server/cli_server.py:212]: CLI server started v1.1.1
2025-08-06 15:49:48,400 [INFO] [MainThread] [cli_server/cli_server.py:104]: Log pipe server started
2025-08-06 15:49:48,687 [DEBUG] [MainThread] [comtypes/__init__.py:149]: CoInitializeEx(None, 2)
2025-08-06 15:49:48,754 [DEBUG] [MainThread] [tzlocal/win32.py:55]: Looking up time zone info from registry
2025-08-06 15:49:49,195 [INFO] [MainThread] [root/watcher.py:55]: Created file watcher for path C:\Users\tamil\.config\yasb
2025-08-06 15:49:49,198 [INFO] [Dummy-10] [root/event_listener.py:53]: Created named pipe yasb-e4abf5b2-7306-11f0-8ebf-58cdc95b2622
2025-08-06 15:49:49,245 [DEBUG] [MainThread] [qasync._windows._EventPoller/_windows.py:213]: Starting (proactor: <_IocpProactor overlapped#=0 result#=0>)...
2025-08-06 15:49:49,249 [DEBUG] [Dummy-13] [qasync._windows._EventWorker/_windows.py:192]: Thread started
2025-08-06 15:54:09,591 [INFO] [MainThread] [root/controller.py:12]: Reloading Application from tray...
2025-08-06 15:54:09,704 [INFO] [MainThread] [cli_server/cli_server.py:112]: Log pipe server stopped
2025-08-06 15:54:09,704 [DEBUG] [MainThread] [cli_server/cli_server.py:206]: CLI server stopped
2025-08-06 15:54:09,726 [DEBUG] [MainThread] [qasync._windows._EventPoller/_windows.py:218]: Stopping worker thread...
2025-08-06 15:54:09,736 [DEBUG] [Dummy-13] [qasync._windows._EventWorker/_windows.py:201]: Exiting thread
2025-08-06 15:54:09,737 [DEBUG] [MainThread] [qasync._windows._IocpProactor/_windows.py:75]: Closing
2025-08-06 15:54:10,064 [INFO] [MainThread] [root/log.py:59]: Yasb v1.7.4
2025-08-06 15:54:10,064 [INFO] [Thread-1 (_run_server)] [cli_server/cli_server.py:212]: CLI server started v1.1.1
2025-08-06 15:54:10,066 [INFO] [MainThread] [cli_server/cli_server.py:104]: Log pipe server started
2025-08-06 15:54:10,405 [DEBUG] [MainThread] [comtypes/__init__.py:149]: CoInitializeEx(None, 2)
2025-08-06 15:54:10,486 [DEBUG] [MainThread] [tzlocal/win32.py:55]: Looking up time zone info from registry
2025-08-06 15:54:10,907 [INFO] [MainThread] [root/watcher.py:55]: Created file watcher for path C:\Users\tamil\.config\yasb
2025-08-06 15:54:10,907 [INFO] [Dummy-10] [root/event_listener.py:53]: Created named pipe yasb-80a9dcb0-7307-11f0-91cc-58cdc95b2622
2025-08-06 15:54:10,956 [DEBUG] [MainThread] [qasync._windows._EventPoller/_windows.py:213]: Starting (proactor: <_IocpProactor overlapped#=0 result#=0>)...
2025-08-06 15:54:10,957 [DEBUG] [Dummy-13] [qasync._windows._EventWorker/_windows.py:192]: Thread started
2025-08-06 15:54:21,177 [INFO] [Dummy-10] [root/event_listener.py:125]: Komorebi connected to named pipe: yasb-80a9dcb0-7307-11f0-91cc-58cdc95b2622
2025-08-06 15:54:21,707 [ERROR] [Dummy-10] [root/event_listener.py:89]: Komorebi has disconnected from the named pipe yasb-80a9dcb0-7307-11f0-91cc-58cdc95b2622
Traceback (most recent call last):
  File "D:\a\yasb\yasb\src\core\utils\komorebi\event_listener.py", line 79, in run
  File "D:\a\yasb\yasb\src\core\utils\komorebi\event_listener.py", line 101, in _emit_event
  File "D:\a\yasb\yasb\src\core\event_service.py", line 28, in emit_event
TypeError: WorkspaceWidget.k_signal_update[dict, dict].emit(): argument 1 has unexpected type 'str'
2025-08-06 15:54:21,709 [INFO] [Dummy-10] [root/event_listener.py:94]: Attempting to reconnect to Komorebi...
2025-08-06 15:54:24,709 [INFO] [Dummy-10] [root/event_listener.py:53]: Created named pipe yasb-80a9dcb0-7307-11f0-91cc-58cdc95b2622
2025-08-06 15:54:24,800 [INFO] [Dummy-10] [root/event_listener.py:125]: Komorebi connected to named pipe: yasb-80a9dcb0-7307-11f0-91cc-58cdc95b2622
2025-08-06 15:59:59,356 [WARNING] [Dummy-10] [root/event_listener.py:84]: Pipe has been ended: (109, 'PeekNamedPipe', 'The pipe has been ended.')
2025-08-06 15:59:59,356 [INFO] [Dummy-10] [root/event_listener.py:94]: Attempting to reconnect to Komorebi...
2025-08-06 16:02:46,193 [INFO] [MainThread] [root/log.py:59]: Yasb v1.7.4
2025-08-06 16:02:46,194 [INFO] [Thread-1 (_run_server)] [cli_server/cli_server.py:212]: CLI server started v1.1.1
2025-08-06 16:02:46,195 [INFO] [MainThread] [cli_server/cli_server.py:104]: Log pipe server started
2025-08-06 16:02:46,572 [DEBUG] [MainThread] [comtypes/__init__.py:149]: CoInitializeEx(None, 2)
2025-08-06 16:02:46,661 [DEBUG] [MainThread] [tzlocal/win32.py:55]: Looking up time zone info from registry
2025-08-06 16:02:46,988 [INFO] [MainThread] [root/watcher.py:55]: Created file watcher for path C:\Users\tamil\.config\yasb
2025-08-06 16:02:46,988 [INFO] [Dummy-10] [root/event_listener.py:53]: Created named pipe yasb-b4458624-7308-11f0-be66-58cdc95b2622
2025-08-06 16:02:47,042 [DEBUG] [MainThread] [qasync._windows._EventPoller/_windows.py:213]: Starting (proactor: <_IocpProactor overlapped#=0 result#=0>)...
2025-08-06 16:02:47,044 [DEBUG] [Dummy-13] [qasync._windows._EventWorker/_windows.py:192]: Thread started
2025-08-06 16:04:13,537 [INFO] [Dummy-10] [root/event_listener.py:125]: Komorebi connected to named pipe: yasb-b4458624-7308-11f0-be66-58cdc95b2622
2025-08-06 16:04:35,288 [ERROR] [Dummy-10] [root/event_listener.py:89]: Komorebi has disconnected from the named pipe yasb-b4458624-7308-11f0-be66-58cdc95b2622
Traceback (most recent call last):
  File "D:\a\yasb\yasb\src\core\utils\komorebi\event_listener.py", line 79, in run
  File "D:\a\yasb\yasb\src\core\utils\komorebi\event_listener.py", line 101, in _emit_event
  File "D:\a\yasb\yasb\src\core\event_service.py", line 28, in emit_event
TypeError: WorkspaceWidget.k_signal_update[dict, dict].emit(): argument 1 has unexpected type 'str'
2025-08-06 16:04:35,290 [INFO] [Dummy-10] [root/event_listener.py:94]: Attempting to reconnect to Komorebi...
2025-08-06 16:04:38,293 [INFO] [Dummy-10] [root/event_listener.py:53]: Created named pipe yasb-b4458624-7308-11f0-be66-58cdc95b2622
2025-08-06 16:04:38,361 [INFO] [Dummy-10] [root/event_listener.py:125]: Komorebi connected to named pipe: yasb-b4458624-7308-11f0-be66-58cdc95b2622
2025-08-06 16:10:00,037 [INFO] [MainThread] [root/log.py:59]: Yasb v1.7.4
2025-08-06 16:10:00,038 [INFO] [Thread-1 (_run_server)] [cli_server/cli_server.py:212]: CLI server started v1.1.1
2025-08-06 16:10:00,039 [INFO] [MainThread] [cli_server/cli_server.py:104]: Log pipe server started
2025-08-06 16:10:00,321 [DEBUG] [MainThread] [comtypes/__init__.py:149]: CoInitializeEx(None, 2)
2025-08-06 16:10:00,387 [DEBUG] [MainThread] [tzlocal/win32.py:55]: Looking up time zone info from registry
2025-08-06 16:10:00,833 [INFO] [MainThread] [root/watcher.py:55]: Created file watcher for path C:\Users\tamil\.config\yasb
2025-08-06 16:10:00,834 [INFO] [Dummy-10] [root/event_listener.py:53]: Created named pipe yasb-b6dd22f1-7309-11f0-91c7-58cdc95b2622
2025-08-06 16:10:00,881 [DEBUG] [MainThread] [qasync._windows._EventPoller/_windows.py:213]: Starting (proactor: <_IocpProactor overlapped#=0 result#=0>)...
2025-08-06 16:10:00,882 [DEBUG] [Dummy-13] [qasync._windows._EventWorker/_windows.py:192]: Thread started
2025-08-06 16:10:16,182 [INFO] [Dummy-10] [root/event_listener.py:125]: Komorebi connected to named pipe: yasb-b6dd22f1-7309-11f0-91c7-58cdc95b2622
2025-08-06 16:10:28,667 [ERROR] [Dummy-10] [root/event_listener.py:89]: Komorebi has disconnected from the named pipe yasb-b6dd22f1-7309-11f0-91c7-58cdc95b2622
Traceback (most recent call last):
  File "D:\a\yasb\yasb\src\core\utils\komorebi\event_listener.py", line 79, in run
  File "D:\a\yasb\yasb\src\core\utils\komorebi\event_listener.py", line 101, in _emit_event
  File "D:\a\yasb\yasb\src\core\event_service.py", line 28, in emit_event
TypeError: WorkspaceWidget.k_signal_update[dict, dict].emit(): argument 1 has unexpected type 'str'
2025-08-06 16:10:28,668 [INFO] [Dummy-10] [root/event_listener.py:94]: Attempting to reconnect to Komorebi...
2025-08-06 16:10:31,670 [INFO] [Dummy-10] [root/event_listener.py:53]: Created named pipe yasb-b6dd22f1-7309-11f0-91c7-58cdc95b2622
2025-08-06 16:10:31,739 [INFO] [Dummy-10] [root/event_listener.py:125]: Komorebi connected to named pipe: yasb-b6dd22f1-7309-11f0-91c7-58cdc95b2622
2025-08-07 12:47:44,209 [DEBUG] [MainThread] [root/volume.py:330]: Attempting PolicyConfig interface with device: {0.0.0.00000000}.{61d5664b-02f4-4f59-a008-bf6e7ab81d84}
2025-08-07 12:47:45,888 [DEBUG] [MainThread] [root/volume.py:330]: Attempting PolicyConfig interface with device: {0.0.0.00000000}.{61d5664b-02f4-4f59-a008-bf6e7ab81d84}
2025-08-09 13:34:51,463 [DEBUG] [MainThread] [root/volume.py:330]: Attempting PolicyConfig interface with device: {0.0.0.00000000}.{c11c383d-b07d-4893-bac2-df23f6604454}
2025-08-09 18:05:08,984 [DEBUG] [MainThread] [root/volume.py:330]: Attempting PolicyConfig interface with device: {0.0.0.00000000}.{5f61a209-31d4-461c-a9d1-bd6b8e168490}
2025-08-10 12:02:14,014 [DEBUG] [MainThread] [root/volume.py:330]: Attempting PolicyConfig interface with device: {0.0.0.00000000}.{61d5664b-02f4-4f59-a008-bf6e7ab81d84}
2025-08-13 18:06:36,987 [WARNING] [Dummy-10] [root/event_listener.py:84]: Pipe has been ended: (109, 'PeekNamedPipe', 'The pipe has been ended.')
2025-08-13 18:06:37,011 [INFO] [Dummy-10] [root/event_listener.py:94]: Attempting to reconnect to Komorebi...
2025-08-13 18:09:14,660 [INFO] [MainThread] [root/log.py:59]: Yasb v1.7.4
2025-08-13 18:09:14,663 [INFO] [Thread-1 (_run_server)] [cli_server/cli_server.py:212]: CLI server started v1.1.1
2025-08-13 18:09:14,663 [INFO] [MainThread] [cli_server/cli_server.py:104]: Log pipe server started
2025-08-13 18:09:14,985 [DEBUG] [MainThread] [comtypes/__init__.py:149]: CoInitializeEx(None, 2)
2025-08-13 18:09:15,065 [DEBUG] [MainThread] [tzlocal/win32.py:55]: Looking up time zone info from registry
2025-08-13 18:09:15,363 [INFO] [MainThread] [root/watcher.py:55]: Created file watcher for path C:\Users\tamil\.config\yasb
2025-08-13 18:09:15,363 [INFO] [Dummy-10] [root/event_listener.py:53]: Created named pipe yasb-88300058-789a-11f0-bd7a-58cdc95b2622
2025-08-13 18:09:15,413 [DEBUG] [MainThread] [qasync._windows._EventPoller/_windows.py:213]: Starting (proactor: <_IocpProactor overlapped#=0 result#=0>)...
2025-08-13 18:09:15,414 [DEBUG] [Dummy-13] [qasync._windows._EventWorker/_windows.py:192]: Thread started
2025-08-13 18:09:31,150 [INFO] [Dummy-10] [root/event_listener.py:125]: Komorebi connected to named pipe: yasb-88300058-789a-11f0-bd7a-58cdc95b2622
2025-08-13 18:09:34,363 [ERROR] [Dummy-10] [root/event_listener.py:89]: Komorebi has disconnected from the named pipe yasb-88300058-789a-11f0-bd7a-58cdc95b2622
Traceback (most recent call last):
  File "D:\a\yasb\yasb\src\core\utils\komorebi\event_listener.py", line 79, in run
  File "D:\a\yasb\yasb\src\core\utils\komorebi\event_listener.py", line 101, in _emit_event
  File "D:\a\yasb\yasb\src\core\event_service.py", line 28, in emit_event
TypeError: WorkspaceWidget.k_signal_update[dict, dict].emit(): argument 1 has unexpected type 'str'
2025-08-13 18:09:34,365 [INFO] [Dummy-10] [root/event_listener.py:94]: Attempting to reconnect to Komorebi...
2025-08-13 18:09:37,368 [INFO] [Dummy-10] [root/event_listener.py:53]: Created named pipe yasb-88300058-789a-11f0-bd7a-58cdc95b2622
2025-08-13 18:09:37,495 [INFO] [Dummy-10] [root/event_listener.py:125]: Komorebi connected to named pipe: yasb-88300058-789a-11f0-bd7a-58cdc95b2622
2025-08-13 18:11:14,909 [DEBUG] [MainThread] [root/volume.py:330]: Attempting PolicyConfig interface with device: {0.0.0.00000000}.{61d5664b-02f4-4f59-a008-bf6e7ab81d84}
2025-08-22 15:44:01,968 [WARNING] [Dummy-10] [root/event_listener.py:84]: Pipe has been ended: (109, 'PeekNamedPipe', 'The pipe has been ended.')
2025-08-22 15:44:01,974 [INFO] [Dummy-10] [root/event_listener.py:94]: Attempting to reconnect to Komorebi...
2025-08-22 15:46:07,000 [INFO] [MainThread] [root/log.py:59]: Yasb v1.7.4
2025-08-22 15:46:07,001 [INFO] [Thread-1 (_run_server)] [cli_server/cli_server.py:212]: CLI server started v1.1.1
2025-08-22 15:46:07,002 [INFO] [MainThread] [cli_server/cli_server.py:104]: Log pipe server started
2025-08-22 15:46:07,321 [DEBUG] [MainThread] [comtypes/__init__.py:149]: CoInitializeEx(None, 2)
2025-08-22 15:46:07,396 [DEBUG] [MainThread] [tzlocal/win32.py:55]: Looking up time zone info from registry
2025-08-22 15:46:07,867 [INFO] [MainThread] [root/watcher.py:55]: Created file watcher for path C:\Users\tamil\.config\yasb
2025-08-22 15:46:07,868 [INFO] [Dummy-10] [root/event_listener.py:53]: Created named pipe yasb-075bc3b8-7f99-11f0-aa27-58cdc95b2622
2025-08-22 15:46:07,916 [DEBUG] [MainThread] [qasync._windows._EventPoller/_windows.py:213]: Starting (proactor: <_IocpProactor overlapped#=0 result#=0>)...
2025-08-22 15:46:07,917 [DEBUG] [Dummy-13] [qasync._windows._EventWorker/_windows.py:192]: Thread started
2025-08-22 15:46:43,779 [INFO] [Dummy-10] [root/event_listener.py:125]: Komorebi connected to named pipe: yasb-075bc3b8-7f99-11f0-aa27-58cdc95b2622
2025-08-22 15:46:45,671 [ERROR] [Dummy-10] [root/event_listener.py:89]: Komorebi has disconnected from the named pipe yasb-075bc3b8-7f99-11f0-aa27-58cdc95b2622
Traceback (most recent call last):
  File "D:\a\yasb\yasb\src\core\utils\komorebi\event_listener.py", line 79, in run
  File "D:\a\yasb\yasb\src\core\utils\komorebi\event_listener.py", line 101, in _emit_event
  File "D:\a\yasb\yasb\src\core\event_service.py", line 28, in emit_event
TypeError: WorkspaceWidget.k_signal_update[dict, dict].emit(): argument 1 has unexpected type 'str'
2025-08-22 15:46:45,673 [INFO] [Dummy-10] [root/event_listener.py:94]: Attempting to reconnect to Komorebi...
2025-08-22 15:46:48,673 [INFO] [Dummy-10] [root/event_listener.py:53]: Created named pipe yasb-075bc3b8-7f99-11f0-aa27-58cdc95b2622
2025-08-22 15:46:48,780 [INFO] [Dummy-10] [root/event_listener.py:125]: Komorebi connected to named pipe: yasb-075bc3b8-7f99-11f0-aa27-58cdc95b2622
2025-08-23 11:13:34,992 [WARNING] [Dummy-10] [root/event_listener.py:84]: Pipe has been ended: (109, 'PeekNamedPipe', 'The pipe has been ended.')
2025-08-23 11:13:34,997 [INFO] [Dummy-10] [root/event_listener.py:94]: Attempting to reconnect to Komorebi...
2025-08-23 11:13:37,999 [INFO] [Dummy-10] [root/event_listener.py:53]: Created named pipe yasb-075bc3b8-7f99-11f0-aa27-58cdc95b2622
2025-08-23 11:13:43,200 [INFO] [Dummy-10] [root/event_listener.py:125]: Komorebi connected to named pipe: yasb-075bc3b8-7f99-11f0-aa27-58cdc95b2622
2025-08-23 15:50:02,339 [DEBUG] [MainThread] [root/volume.py:330]: Attempting PolicyConfig interface with device: {0.0.0.00000000}.{c11c383d-b07d-4893-bac2-df23f6604454}
2025-08-23 17:40:33,307 [DEBUG] [MainThread] [root/volume.py:330]: Attempting PolicyConfig interface with device: {0.0.0.00000000}.{5f61a209-31d4-461c-a9d1-bd6b8e168490}
2025-08-23 18:22:43,406 [DEBUG] [MainThread] [root/volume.py:330]: Attempting PolicyConfig interface with device: {0.0.0.00000000}.{c11c383d-b07d-4893-bac2-df23f6604454}
2025-08-23 18:56:54,731 [DEBUG] [MainThread] [root/volume.py:330]: Attempting PolicyConfig interface with device: {0.0.0.00000000}.{5f61a209-31d4-461c-a9d1-bd6b8e168490}
2025-08-27 02:31:28,391 [INFO] [MainThread] [root/log.py:59]: Yasb v1.7.4
2025-08-27 02:31:28,391 [INFO] [Thread-1 (_run_server)] [cli_server/cli_server.py:212]: CLI server started v1.1.1
2025-08-27 02:31:28,391 [INFO] [MainThread] [cli_server/cli_server.py:104]: Log pipe server started
2025-08-27 02:31:28,947 [DEBUG] [MainThread] [comtypes/__init__.py:149]: CoInitializeEx(None, 2)
2025-08-27 02:31:29,075 [DEBUG] [MainThread] [tzlocal/win32.py:55]: Looking up time zone info from registry
2025-08-27 02:31:29,505 [INFO] [MainThread] [root/watcher.py:55]: Created file watcher for path C:\Users\tamil\.config\yasb
2025-08-27 02:31:29,505 [INFO] [Dummy-10] [root/event_listener.py:53]: Created named pipe yasb-d8e7faa3-8317-11f0-9eb4-58cdc95b2622
2025-08-27 02:31:29,550 [DEBUG] [MainThread] [qasync._windows._EventPoller/_windows.py:213]: Starting (proactor: <_IocpProactor overlapped#=0 result#=0>)...
2025-08-27 02:31:29,551 [DEBUG] [Dummy-13] [qasync._windows._EventWorker/_windows.py:192]: Thread started
2025-08-27 18:06:27,507 [INFO] [MainThread] [root/controller.py:12]: Reloading Application from tray...
2025-08-27 18:06:27,613 [INFO] [MainThread] [cli_server/cli_server.py:112]: Log pipe server stopped
2025-08-27 18:06:27,614 [DEBUG] [MainThread] [cli_server/cli_server.py:206]: CLI server stopped
2025-08-27 18:06:27,650 [DEBUG] [MainThread] [qasync._windows._EventPoller/_windows.py:218]: Stopping worker thread...
2025-08-27 18:06:27,652 [DEBUG] [Dummy-13] [qasync._windows._EventWorker/_windows.py:201]: Exiting thread
2025-08-27 18:06:27,655 [DEBUG] [MainThread] [qasync._windows._IocpProactor/_windows.py:75]: Closing
2025-08-27 18:06:27,983 [INFO] [MainThread] [root/log.py:59]: Yasb v1.7.4
2025-08-27 18:06:27,984 [INFO] [Thread-1 (_run_server)] [cli_server/cli_server.py:212]: CLI server started v1.1.1
2025-08-27 18:06:27,985 [INFO] [MainThread] [cli_server/cli_server.py:104]: Log pipe server started
2025-08-27 18:06:28,273 [DEBUG] [MainThread] [comtypes/__init__.py:149]: CoInitializeEx(None, 2)
2025-08-27 18:06:28,341 [DEBUG] [MainThread] [tzlocal/win32.py:55]: Looking up time zone info from registry
2025-08-27 18:06:28,725 [INFO] [MainThread] [root/watcher.py:55]: Created file watcher for path C:\Users\tamil\.config\yasb
2025-08-27 18:06:28,726 [INFO] [Dummy-10] [root/event_listener.py:53]: Created named pipe yasb-76a5b397-839a-11f0-898b-58cdc95b2622
2025-08-27 18:06:28,768 [DEBUG] [MainThread] [qasync._windows._EventPoller/_windows.py:213]: Starting (proactor: <_IocpProactor overlapped#=0 result#=0>)...
2025-08-27 18:06:28,771 [DEBUG] [Dummy-13] [qasync._windows._EventWorker/_windows.py:192]: Thread started
2025-08-27 18:06:28,851 [INFO] [Dummy-10] [root/event_listener.py:125]: Komorebi connected to named pipe: yasb-76a5b397-839a-11f0-898b-58cdc95b2622
2025-08-27 19:36:08,731 [WARNING] [Dummy-10] [root/event_listener.py:84]: Pipe has been ended: (109, 'PeekNamedPipe', 'The pipe has been ended.')
2025-08-27 19:36:08,734 [INFO] [Dummy-10] [root/event_listener.py:94]: Attempting to reconnect to Komorebi...
2025-08-27 19:36:11,736 [INFO] [Dummy-10] [root/event_listener.py:53]: Created named pipe yasb-76a5b397-839a-11f0-898b-58cdc95b2622
2025-08-27 19:37:54,458 [INFO] [MainThread] [root/log.py:59]: Yasb v1.7.4
2025-08-27 19:37:54,458 [INFO] [Thread-1 (_run_server)] [cli_server/cli_server.py:212]: CLI server started v1.1.1
2025-08-27 19:37:54,458 [INFO] [MainThread] [cli_server/cli_server.py:104]: Log pipe server started
2025-08-27 19:37:54,745 [DEBUG] [MainThread] [comtypes/__init__.py:149]: CoInitializeEx(None, 2)
2025-08-27 19:37:54,809 [DEBUG] [MainThread] [tzlocal/win32.py:55]: Looking up time zone info from registry
2025-08-27 19:37:55,137 [INFO] [MainThread] [root/watcher.py:55]: Created file watcher for path C:\Users\tamil\.config\yasb
2025-08-27 19:37:55,137 [INFO] [Dummy-10] [root/event_listener.py:53]: Created named pipe yasb-3ccdbb8d-83a7-11f0-8504-58cdc95b2622
2025-08-27 19:37:55,169 [DEBUG] [MainThread] [qasync._windows._EventPoller/_windows.py:213]: Starting (proactor: <_IocpProactor overlapped#=0 result#=0>)...
2025-08-27 19:37:55,185 [DEBUG] [Dummy-13] [qasync._windows._EventWorker/_windows.py:192]: Thread started
2025-08-27 19:42:44,887 [INFO] [MainThread] [root/controller.py:12]: Reloading Application from tray...
2025-08-27 19:42:45,000 [INFO] [MainThread] [cli_server/cli_server.py:112]: Log pipe server stopped
2025-08-27 19:42:45,000 [DEBUG] [MainThread] [cli_server/cli_server.py:206]: CLI server stopped
2025-08-27 19:42:45,024 [DEBUG] [MainThread] [qasync._windows._EventPoller/_windows.py:218]: Stopping worker thread...
2025-08-27 19:42:45,046 [DEBUG] [Dummy-13] [qasync._windows._EventWorker/_windows.py:201]: Exiting thread
2025-08-27 19:42:45,048 [DEBUG] [MainThread] [qasync._windows._IocpProactor/_windows.py:75]: Closing
2025-08-27 19:42:45,382 [INFO] [MainThread] [root/log.py:59]: Yasb v1.7.4
2025-08-27 19:42:45,382 [INFO] [Thread-1 (_run_server)] [cli_server/cli_server.py:212]: CLI server started v1.1.1
2025-08-27 19:42:45,382 [INFO] [MainThread] [cli_server/cli_server.py:104]: Log pipe server started
2025-08-27 19:42:45,675 [DEBUG] [MainThread] [comtypes/__init__.py:149]: CoInitializeEx(None, 2)
2025-08-27 19:42:45,738 [DEBUG] [MainThread] [tzlocal/win32.py:55]: Looking up time zone info from registry
2025-08-27 19:42:46,074 [INFO] [MainThread] [root/watcher.py:55]: Created file watcher for path C:\Users\tamil\.config\yasb
2025-08-27 19:42:46,074 [INFO] [Dummy-10] [root/event_listener.py:53]: Created named pipe yasb-ea3712f7-83a7-11f0-aa3f-58cdc95b2622
2025-08-27 19:42:46,117 [DEBUG] [MainThread] [qasync._windows._EventPoller/_windows.py:213]: Starting (proactor: <_IocpProactor overlapped#=0 result#=0>)...
2025-08-27 19:42:46,118 [DEBUG] [Dummy-13] [qasync._windows._EventWorker/_windows.py:192]: Thread started
2025-08-27 19:42:46,169 [INFO] [Dummy-10] [root/event_listener.py:125]: Komorebi connected to named pipe: yasb-ea3712f7-83a7-11f0-aa3f-58cdc95b2622
2025-09-02 12:56:34,419 [INFO] [MainThread] [root/controller.py:12]: Reloading Application from tray...
2025-09-02 12:56:34,538 [INFO] [MainThread] [cli_server/cli_server.py:112]: Log pipe server stopped
2025-09-02 12:56:34,539 [DEBUG] [MainThread] [cli_server/cli_server.py:206]: CLI server stopped
2025-09-02 12:56:34,611 [DEBUG] [MainThread] [qasync._windows._EventPoller/_windows.py:218]: Stopping worker thread...
2025-09-02 12:56:34,615 [DEBUG] [Dummy-13] [qasync._windows._EventWorker/_windows.py:201]: Exiting thread
2025-09-02 12:56:34,622 [DEBUG] [MainThread] [qasync._windows._IocpProactor/_windows.py:75]: Closing
2025-09-02 12:56:34,921 [INFO] [MainThread] [root/log.py:59]: Yasb v1.7.4
2025-09-02 12:56:34,922 [INFO] [Thread-1 (_run_server)] [cli_server/cli_server.py:212]: CLI server started v1.1.1
2025-09-02 12:56:34,923 [INFO] [MainThread] [cli_server/cli_server.py:104]: Log pipe server started
2025-09-02 12:56:35,209 [DEBUG] [MainThread] [comtypes/__init__.py:149]: CoInitializeEx(None, 2)
2025-09-02 12:56:35,278 [DEBUG] [MainThread] [tzlocal/win32.py:55]: Looking up time zone info from registry
2025-09-02 12:56:35,778 [INFO] [MainThread] [root/watcher.py:55]: Created file watcher for path C:\Users\tamil\.config\yasb
2025-09-02 12:56:35,778 [INFO] [Dummy-10] [root/event_listener.py:53]: Created named pipe yasb-2add8422-8826-11f0-b79e-58cdc95b2622
2025-09-02 12:56:35,822 [DEBUG] [MainThread] [qasync._windows._EventPoller/_windows.py:213]: Starting (proactor: <_IocpProactor overlapped#=0 result#=0>)...
2025-09-02 12:56:35,823 [DEBUG] [Dummy-13] [qasync._windows._EventWorker/_windows.py:192]: Thread started
2025-09-02 12:56:35,909 [INFO] [Dummy-10] [root/event_listener.py:125]: Komorebi connected to named pipe: yasb-2add8422-8826-11f0-b79e-58cdc95b2622
2025-09-02 16:58:46,885 [INFO] [MainThread] [root/log.py:59]: Yasb v1.7.4
2025-09-02 16:58:46,890 [INFO] [Thread-1 (_run_server)] [cli_server/cli_server.py:212]: CLI server started v1.1.1
2025-09-02 16:58:46,890 [INFO] [MainThread] [cli_server/cli_server.py:104]: Log pipe server started
2025-09-02 16:58:47,177 [DEBUG] [MainThread] [comtypes/__init__.py:149]: CoInitializeEx(None, 2)
2025-09-02 16:58:47,247 [DEBUG] [MainThread] [tzlocal/win32.py:55]: Looking up time zone info from registry
2025-09-02 16:58:47,666 [INFO] [MainThread] [root/watcher.py:55]: Created file watcher for path C:\Users\tamil\.config\yasb
2025-09-02 16:58:47,666 [INFO] [Dummy-10] [root/event_listener.py:53]: Created named pipe yasb-008b9393-8848-11f0-a3f7-58cdc95b2622
2025-09-02 16:58:47,714 [DEBUG] [MainThread] [qasync._windows._EventPoller/_windows.py:213]: Starting (proactor: <_IocpProactor overlapped#=0 result#=0>)...
2025-09-02 16:58:47,716 [DEBUG] [Dummy-13] [qasync._windows._EventWorker/_windows.py:192]: Thread started
2025-09-02 17:35:57,214 [INFO] [Dummy-10] [root/event_listener.py:125]: Komorebi connected to named pipe: yasb-008b9393-8848-11f0-a3f7-58cdc95b2622
2025-09-04 19:27:29,457 [DEBUG] [MainThread] [root/volume.py:330]: Attempting PolicyConfig interface with device: {0.0.0.00000000}.{c11c383d-b07d-4893-bac2-df23f6604454}
2025-09-04 20:53:07,433 [DEBUG] [MainThread] [root/volume.py:330]: Attempting PolicyConfig interface with device: {0.0.0.00000000}.{c11c383d-b07d-4893-bac2-df23f6604454}
2025-09-05 21:04:16,934 [DEBUG] [MainThread] [root/volume.py:330]: Attempting PolicyConfig interface with device: {0.0.0.00000000}.{61d5664b-02f4-4f59-a008-bf6e7ab81d84}
2025-09-06 21:05:03,954 [INFO] [MainThread] [root/log.py:59]: Yasb v1.7.4
2025-09-06 21:05:03,955 [INFO] [Thread-1 (_run_server)] [cli_server/cli_server.py:212]: CLI server started v1.1.1
2025-09-06 21:05:03,956 [INFO] [MainThread] [cli_server/cli_server.py:104]: Log pipe server started
2025-09-06 21:05:04,238 [DEBUG] [MainThread] [comtypes/__init__.py:149]: CoInitializeEx(None, 2)
2025-09-06 21:05:04,307 [DEBUG] [MainThread] [tzlocal/win32.py:55]: Looking up time zone info from registry
2025-09-06 21:05:04,736 [INFO] [MainThread] [root/watcher.py:55]: Created file watcher for path C:\Users\tamil\.config\yasb
2025-09-06 21:05:04,737 [INFO] [Dummy-10] [root/event_listener.py:53]: Created named pipe yasb-1204ae3b-8b8f-11f0-8410-58cdc95b2622
2025-09-06 21:05:04,784 [DEBUG] [MainThread] [qasync._windows._EventPoller/_windows.py:213]: Starting (proactor: <_IocpProactor overlapped#=0 result#=0>)...
2025-09-06 21:05:04,786 [DEBUG] [Dummy-13] [qasync._windows._EventWorker/_windows.py:192]: Thread started
2025-09-06 21:06:11,108 [INFO] [Dummy-10] [root/event_listener.py:125]: Komorebi connected to named pipe: yasb-1204ae3b-8b8f-11f0-8410-58cdc95b2622
2025-09-06 21:06:12,171 [ERROR] [Dummy-10] [root/event_listener.py:89]: Komorebi has disconnected from the named pipe yasb-1204ae3b-8b8f-11f0-8410-58cdc95b2622
Traceback (most recent call last):
  File "D:\a\yasb\yasb\src\core\utils\komorebi\event_listener.py", line 79, in run
  File "D:\a\yasb\yasb\src\core\utils\komorebi\event_listener.py", line 101, in _emit_event
  File "D:\a\yasb\yasb\src\core\event_service.py", line 28, in emit_event
TypeError: WorkspaceWidget.k_signal_update[dict, dict].emit(): argument 1 has unexpected type 'str'
2025-09-06 21:06:12,171 [INFO] [Dummy-10] [root/event_listener.py:94]: Attempting to reconnect to Komorebi...
2025-09-06 21:06:15,173 [INFO] [Dummy-10] [root/event_listener.py:53]: Created named pipe yasb-1204ae3b-8b8f-11f0-8410-58cdc95b2622
2025-09-06 21:06:15,264 [INFO] [Dummy-10] [root/event_listener.py:125]: Komorebi connected to named pipe: yasb-1204ae3b-8b8f-11f0-8410-58cdc95b2622
2025-09-07 11:07:26,906 [INFO] [MainThread] [root/log.py:59]: Yasb v1.7.4
2025-09-07 11:07:26,907 [INFO] [Thread-1 (_run_server)] [cli_server/cli_server.py:212]: CLI server started v1.1.1
2025-09-07 11:07:26,908 [INFO] [MainThread] [cli_server/cli_server.py:104]: Log pipe server started
2025-09-07 11:07:27,250 [DEBUG] [MainThread] [comtypes/__init__.py:149]: CoInitializeEx(None, 2)
2025-09-07 11:07:27,325 [DEBUG] [MainThread] [tzlocal/win32.py:55]: Looking up time zone info from registry
2025-09-07 11:07:27,675 [INFO] [MainThread] [root/watcher.py:55]: Created file watcher for path C:\Users\tamil\.config\yasb
2025-09-07 11:07:27,675 [INFO] [Dummy-10] [root/event_listener.py:53]: Created named pipe yasb-bff51274-8c04-11f0-8946-58cdc95b2622
2025-09-07 11:07:27,729 [DEBUG] [MainThread] [qasync._windows._EventPoller/_windows.py:213]: Starting (proactor: <_IocpProactor overlapped#=0 result#=0>)...
2025-09-07 11:07:27,729 [DEBUG] [Dummy-13] [qasync._windows._EventWorker/_windows.py:192]: Thread started
2025-09-07 11:09:55,535 [INFO] [Dummy-10] [root/event_listener.py:125]: Komorebi connected to named pipe: yasb-bff51274-8c04-11f0-8946-58cdc95b2622
2025-09-07 11:09:58,201 [ERROR] [Dummy-10] [root/event_listener.py:89]: Komorebi has disconnected from the named pipe yasb-bff51274-8c04-11f0-8946-58cdc95b2622
Traceback (most recent call last):
  File "D:\a\yasb\yasb\src\core\utils\komorebi\event_listener.py", line 79, in run
  File "D:\a\yasb\yasb\src\core\utils\komorebi\event_listener.py", line 101, in _emit_event
  File "D:\a\yasb\yasb\src\core\event_service.py", line 28, in emit_event
TypeError: WorkspaceWidget.k_signal_update[dict, dict].emit(): argument 1 has unexpected type 'str'
2025-09-07 11:09:58,201 [INFO] [Dummy-10] [root/event_listener.py:94]: Attempting to reconnect to Komorebi...
2025-09-07 11:10:01,204 [INFO] [Dummy-10] [root/event_listener.py:53]: Created named pipe yasb-bff51274-8c04-11f0-8946-58cdc95b2622
2025-09-07 11:10:01,294 [INFO] [Dummy-10] [root/event_listener.py:125]: Komorebi connected to named pipe: yasb-bff51274-8c04-11f0-8946-58cdc95b2622
2025-09-07 11:12:54,326 [INFO] [MainThread] [root/controller.py:12]: Reloading Application from tray...
2025-09-07 11:12:54,429 [INFO] [MainThread] [cli_server/cli_server.py:112]: Log pipe server stopped
2025-09-07 11:12:54,429 [DEBUG] [MainThread] [cli_server/cli_server.py:206]: CLI server stopped
2025-09-07 11:12:54,449 [DEBUG] [MainThread] [qasync._windows._EventPoller/_windows.py:218]: Stopping worker thread...
2025-09-07 11:12:54,461 [DEBUG] [Dummy-13] [qasync._windows._EventWorker/_windows.py:201]: Exiting thread
2025-09-07 11:12:54,464 [DEBUG] [MainThread] [qasync._windows._IocpProactor/_windows.py:75]: Closing
2025-09-07 11:12:54,778 [INFO] [MainThread] [root/log.py:59]: Yasb v1.7.4
2025-09-07 11:12:54,779 [INFO] [Thread-1 (_run_server)] [cli_server/cli_server.py:212]: CLI server started v1.1.1
2025-09-07 11:12:54,779 [INFO] [MainThread] [cli_server/cli_server.py:104]: Log pipe server started
2025-09-07 11:12:55,062 [DEBUG] [MainThread] [comtypes/__init__.py:149]: CoInitializeEx(None, 2)
2025-09-07 11:12:55,136 [DEBUG] [MainThread] [tzlocal/win32.py:55]: Looking up time zone info from registry
2025-09-07 11:12:55,605 [INFO] [MainThread] [root/watcher.py:55]: Created file watcher for path C:\Users\tamil\.config\yasb
2025-09-07 11:12:55,605 [INFO] [Dummy-10] [root/event_listener.py:53]: Created named pipe yasb-836b1e27-8c05-11f0-8ca6-58cdc95b2622
2025-09-07 11:12:55,654 [DEBUG] [MainThread] [qasync._windows._EventPoller/_windows.py:213]: Starting (proactor: <_IocpProactor overlapped#=0 result#=0>)...
2025-09-07 11:12:55,656 [DEBUG] [Dummy-13] [qasync._windows._EventWorker/_windows.py:192]: Thread started
2025-09-07 11:12:55,725 [INFO] [Dummy-10] [root/event_listener.py:125]: Komorebi connected to named pipe: yasb-836b1e27-8c05-11f0-8ca6-58cdc95b2622
2025-09-07 11:13:04,360 [INFO] [MainThread] [root/controller.py:27]: Exiting Application from tray...
2025-09-07 11:13:04,468 [INFO] [MainThread] [cli_server/cli_server.py:112]: Log pipe server stopped
2025-09-07 11:13:04,468 [DEBUG] [MainThread] [cli_server/cli_server.py:206]: CLI server stopped
2025-09-07 11:13:04,472 [DEBUG] [MainThread] [qasync._windows._EventPoller/_windows.py:218]: Stopping worker thread...
2025-09-07 11:13:04,483 [DEBUG] [Dummy-13] [qasync._windows._EventWorker/_windows.py:201]: Exiting thread
2025-09-07 11:13:04,485 [DEBUG] [MainThread] [qasync._windows._IocpProactor/_windows.py:75]: Closing
2025-09-07 11:13:13,034 [INFO] [MainThread] [root/log.py:59]: Yasb v1.7.4
2025-09-07 11:13:13,035 [INFO] [Thread-1 (_run_server)] [cli_server/cli_server.py:212]: CLI server started v1.1.1
2025-09-07 11:13:13,035 [INFO] [MainThread] [cli_server/cli_server.py:104]: Log pipe server started
2025-09-07 11:13:13,301 [DEBUG] [MainThread] [comtypes/__init__.py:149]: CoInitializeEx(None, 2)
2025-09-07 11:13:13,365 [DEBUG] [MainThread] [tzlocal/win32.py:55]: Looking up time zone info from registry
2025-09-07 11:13:13,630 [INFO] [MainThread] [root/watcher.py:55]: Created file watcher for path C:\Users\tamil\.config\yasb
2025-09-07 11:13:13,631 [INFO] [Dummy-10] [root/event_listener.py:53]: Created named pipe yasb-8e29ba70-8c05-11f0-a179-58cdc95b2622
2025-09-07 11:13:13,686 [DEBUG] [MainThread] [qasync._windows._EventPoller/_windows.py:213]: Starting (proactor: <_IocpProactor overlapped#=0 result#=0>)...
2025-09-07 11:13:13,687 [DEBUG] [Dummy-13] [qasync._windows._EventWorker/_windows.py:192]: Thread started
2025-09-07 11:13:13,764 [INFO] [Dummy-10] [root/event_listener.py:125]: Komorebi connected to named pipe: yasb-8e29ba70-8c05-11f0-a179-58cdc95b2622
2025-09-07 11:14:58,140 [INFO] [MainThread] [root/controller.py:12]: Reloading Application because of config update...
2025-09-07 11:14:58,246 [INFO] [MainThread] [cli_server/cli_server.py:112]: Log pipe server stopped
2025-09-07 11:14:58,246 [DEBUG] [MainThread] [cli_server/cli_server.py:206]: CLI server stopped
2025-09-07 11:14:58,262 [DEBUG] [MainThread] [qasync._windows._EventPoller/_windows.py:218]: Stopping worker thread...
2025-09-07 11:14:58,276 [DEBUG] [Dummy-13] [qasync._windows._EventWorker/_windows.py:201]: Exiting thread
2025-09-07 11:14:58,277 [DEBUG] [MainThread] [qasync._windows._IocpProactor/_windows.py:75]: Closing
2025-09-07 11:14:58,605 [INFO] [MainThread] [root/log.py:59]: Yasb v1.7.4
2025-09-07 11:14:58,608 [INFO] [Thread-1 (_run_server)] [cli_server/cli_server.py:212]: CLI server started v1.1.1
2025-09-07 11:14:58,609 [INFO] [MainThread] [cli_server/cli_server.py:104]: Log pipe server started
2025-09-07 11:14:58,949 [DEBUG] [MainThread] [comtypes/__init__.py:149]: CoInitializeEx(None, 2)
2025-09-07 11:14:59,034 [DEBUG] [MainThread] [tzlocal/win32.py:55]: Looking up time zone info from registry
2025-09-07 11:14:59,347 [INFO] [MainThread] [root/watcher.py:55]: Created file watcher for path C:\Users\tamil\.config\yasb
2025-09-07 11:14:59,348 [INFO] [Dummy-10] [root/event_listener.py:53]: Created named pipe yasb-cd2cbbff-8c05-11f0-bd59-58cdc95b2622
2025-09-07 11:14:59,399 [DEBUG] [MainThread] [qasync._windows._EventPoller/_windows.py:213]: Starting (proactor: <_IocpProactor overlapped#=0 result#=0>)...
2025-09-07 11:14:59,400 [DEBUG] [Dummy-13] [qasync._windows._EventWorker/_windows.py:192]: Thread started
2025-09-07 11:14:59,457 [INFO] [Dummy-10] [root/event_listener.py:125]: Komorebi connected to named pipe: yasb-cd2cbbff-8c05-11f0-bd59-58cdc95b2622
2025-09-07 11:15:05,674 [INFO] [MainThread] [root/controller.py:12]: Reloading Application because of config update...
2025-09-07 11:15:05,780 [INFO] [MainThread] [cli_server/cli_server.py:112]: Log pipe server stopped
2025-09-07 11:15:05,780 [DEBUG] [MainThread] [cli_server/cli_server.py:206]: CLI server stopped
2025-09-07 11:15:05,795 [DEBUG] [MainThread] [qasync._windows._EventPoller/_windows.py:218]: Stopping worker thread...
2025-09-07 11:15:05,812 [DEBUG] [Dummy-13] [qasync._windows._EventWorker/_windows.py:201]: Exiting thread
2025-09-07 11:15:05,813 [DEBUG] [MainThread] [qasync._windows._IocpProactor/_windows.py:75]: Closing
2025-09-07 11:15:06,102 [INFO] [MainThread] [root/log.py:59]: Yasb v1.7.4
2025-09-07 11:15:06,103 [INFO] [Thread-1 (_run_server)] [cli_server/cli_server.py:212]: CLI server started v1.1.1
2025-09-07 11:15:06,104 [INFO] [MainThread] [cli_server/cli_server.py:104]: Log pipe server started
2025-09-07 11:15:06,364 [DEBUG] [MainThread] [comtypes/__init__.py:149]: CoInitializeEx(None, 2)
2025-09-07 11:15:06,428 [DEBUG] [MainThread] [tzlocal/win32.py:55]: Looking up time zone info from registry
2025-09-07 11:15:06,720 [INFO] [MainThread] [root/watcher.py:55]: Created file watcher for path C:\Users\tamil\.config\yasb
2025-09-07 11:15:06,721 [INFO] [Dummy-10] [root/event_listener.py:53]: Created named pipe yasb-d191d41e-8c05-11f0-91fb-58cdc95b2622
2025-09-07 11:15:06,763 [DEBUG] [MainThread] [qasync._windows._EventPoller/_windows.py:213]: Starting (proactor: <_IocpProactor overlapped#=0 result#=0>)...
2025-09-07 11:15:06,764 [DEBUG] [Dummy-13] [qasync._windows._EventWorker/_windows.py:192]: Thread started
2025-09-07 11:15:06,813 [INFO] [Dummy-10] [root/event_listener.py:125]: Komorebi connected to named pipe: yasb-d191d41e-8c05-11f0-91fb-58cdc95b2622
2025-09-07 11:16:22,283 [INFO] [MainThread] [root/controller.py:27]: Exiting Application from tray...
2025-09-07 11:16:22,387 [INFO] [MainThread] [cli_server/cli_server.py:112]: Log pipe server stopped
2025-09-07 11:16:22,387 [DEBUG] [MainThread] [cli_server/cli_server.py:206]: CLI server stopped
2025-09-07 11:16:22,387 [DEBUG] [MainThread] [qasync._windows._EventPoller/_windows.py:218]: Stopping worker thread...
2025-09-07 11:16:22,402 [DEBUG] [Dummy-13] [qasync._windows._EventWorker/_windows.py:201]: Exiting thread
2025-09-07 11:16:22,405 [DEBUG] [MainThread] [qasync._windows._IocpProactor/_windows.py:75]: Closing
2025-09-07 11:19:15,383 [INFO] [MainThread] [root/log.py:59]: Yasb v1.7.4
2025-09-07 11:19:15,384 [INFO] [Thread-1 (_run_server)] [cli_server/cli_server.py:212]: CLI server started v1.1.1
2025-09-07 11:19:15,385 [INFO] [MainThread] [cli_server/cli_server.py:104]: Log pipe server started
2025-09-07 11:19:15,661 [DEBUG] [MainThread] [comtypes/__init__.py:149]: CoInitializeEx(None, 2)
2025-09-07 11:19:15,728 [DEBUG] [MainThread] [tzlocal/win32.py:55]: Looking up time zone info from registry
2025-09-07 11:19:16,008 [INFO] [MainThread] [root/watcher.py:55]: Created file watcher for path C:\Users\tamil\.config\yasb
2025-09-07 11:19:16,009 [INFO] [Dummy-10] [root/event_listener.py:53]: Created named pipe yasb-6628361c-8c06-11f0-b36d-58cdc95b2622
2025-09-07 11:19:16,054 [DEBUG] [MainThread] [qasync._windows._EventPoller/_windows.py:213]: Starting (proactor: <_IocpProactor overlapped#=0 result#=0>)...
2025-09-07 11:19:16,056 [DEBUG] [Dummy-13] [qasync._windows._EventWorker/_windows.py:192]: Thread started
2025-09-07 11:19:16,202 [INFO] [Dummy-10] [root/event_listener.py:125]: Komorebi connected to named pipe: yasb-6628361c-8c06-11f0-b36d-58cdc95b2622
2025-09-07 11:48:05,136 [INFO] [MainThread] [root/log.py:59]: Yasb v1.7.4
2025-09-07 11:48:05,138 [INFO] [Thread-1 (_run_server)] [cli_server/cli_server.py:212]: CLI server started v1.1.1
2025-09-07 11:48:05,139 [INFO] [MainThread] [cli_server/cli_server.py:104]: Log pipe server started
2025-09-07 11:48:05,487 [DEBUG] [MainThread] [comtypes/__init__.py:149]: CoInitializeEx(None, 2)
2025-09-07 11:48:05,570 [DEBUG] [MainThread] [tzlocal/win32.py:55]: Looking up time zone info from registry
2025-09-07 11:48:06,049 [INFO] [MainThread] [root/watcher.py:55]: Created file watcher for path C:\Users\tamil\.config\yasb
2025-09-07 11:48:06,049 [INFO] [Dummy-10] [root/event_listener.py:53]: Created named pipe yasb-6d577ae1-8c0a-11f0-91c6-58cdc95b2622
2025-09-07 11:48:06,104 [DEBUG] [MainThread] [qasync._windows._EventPoller/_windows.py:213]: Starting (proactor: <_IocpProactor overlapped#=0 result#=0>)...
2025-09-07 11:48:06,105 [DEBUG] [Dummy-13] [qasync._windows._EventWorker/_windows.py:192]: Thread started
2025-09-07 11:49:54,397 [INFO] [Dummy-10] [root/event_listener.py:125]: Komorebi connected to named pipe: yasb-6d577ae1-8c0a-11f0-91c6-58cdc95b2622
2025-09-07 11:49:54,857 [ERROR] [Dummy-10] [root/event_listener.py:89]: Komorebi has disconnected from the named pipe yasb-6d577ae1-8c0a-11f0-91c6-58cdc95b2622
Traceback (most recent call last):
  File "D:\a\yasb\yasb\src\core\utils\komorebi\event_listener.py", line 79, in run
  File "D:\a\yasb\yasb\src\core\utils\komorebi\event_listener.py", line 101, in _emit_event
  File "D:\a\yasb\yasb\src\core\event_service.py", line 28, in emit_event
TypeError: WorkspaceWidget.k_signal_update[dict, dict].emit(): argument 1 has unexpected type 'str'
2025-09-07 11:49:54,859 [INFO] [Dummy-10] [root/event_listener.py:94]: Attempting to reconnect to Komorebi...
2025-09-07 11:49:57,860 [INFO] [Dummy-10] [root/event_listener.py:53]: Created named pipe yasb-6d577ae1-8c0a-11f0-91c6-58cdc95b2622
2025-09-07 11:49:57,985 [INFO] [Dummy-10] [root/event_listener.py:125]: Komorebi connected to named pipe: yasb-6d577ae1-8c0a-11f0-91c6-58cdc95b2622
2025-09-07 12:06:19,094 [INFO] [MainThread] [root/controller.py:12]: Reloading Application from tray...
2025-09-07 12:06:19,205 [INFO] [MainThread] [cli_server/cli_server.py:112]: Log pipe server stopped
2025-09-07 12:06:19,205 [DEBUG] [MainThread] [cli_server/cli_server.py:206]: CLI server stopped
2025-09-07 12:06:19,236 [DEBUG] [MainThread] [qasync._windows._EventPoller/_windows.py:218]: Stopping worker thread...
2025-09-07 12:06:19,251 [DEBUG] [Dummy-13] [qasync._windows._EventWorker/_windows.py:201]: Exiting thread
2025-09-07 12:06:19,253 [DEBUG] [MainThread] [qasync._windows._IocpProactor/_windows.py:75]: Closing
2025-09-07 12:06:19,514 [INFO] [MainThread] [root/log.py:59]: Yasb v1.7.4
2025-09-07 12:06:19,515 [INFO] [Thread-1 (_run_server)] [cli_server/cli_server.py:212]: CLI server started v1.1.1
2025-09-07 12:06:19,516 [INFO] [MainThread] [cli_server/cli_server.py:104]: Log pipe server started
2025-09-07 12:06:19,787 [DEBUG] [MainThread] [comtypes/__init__.py:149]: CoInitializeEx(None, 2)
2025-09-07 12:06:19,851 [DEBUG] [MainThread] [tzlocal/win32.py:55]: Looking up time zone info from registry
2025-09-07 12:06:20,250 [INFO] [MainThread] [root/watcher.py:55]: Created file watcher for path C:\Users\tamil\.config\yasb
2025-09-07 12:06:20,252 [INFO] [Dummy-10] [root/event_listener.py:53]: Created named pipe yasb-f9894c2c-8c0c-11f0-bfaa-58cdc95b2622
2025-09-07 12:06:20,292 [DEBUG] [MainThread] [qasync._windows._EventPoller/_windows.py:213]: Starting (proactor: <_IocpProactor overlapped#=0 result#=0>)...
2025-09-07 12:06:20,292 [DEBUG] [Dummy-13] [qasync._windows._EventWorker/_windows.py:192]: Thread started
2025-09-07 12:06:20,404 [INFO] [Dummy-10] [root/event_listener.py:125]: Komorebi connected to named pipe: yasb-f9894c2c-8c0c-11f0-bfaa-58cdc95b2622
2025-09-08 19:54:49,137 [INFO] [MainThread] [root/controller.py:12]: Reloading Application from tray...
2025-09-08 19:54:49,250 [INFO] [MainThread] [cli_server/cli_server.py:112]: Log pipe server stopped
2025-09-08 19:54:49,250 [DEBUG] [MainThread] [cli_server/cli_server.py:206]: CLI server stopped
2025-09-08 19:54:49,333 [DEBUG] [MainThread] [qasync._windows._EventPoller/_windows.py:218]: Stopping worker thread...
2025-09-08 19:54:49,342 [DEBUG] [Dummy-13] [qasync._windows._EventWorker/_windows.py:201]: Exiting thread
2025-09-08 19:54:49,345 [DEBUG] [MainThread] [qasync._windows._IocpProactor/_windows.py:75]: Closing
2025-09-08 19:54:49,385 [ERROR] [Dummy-10] [root/event_service.py:30]: Failed to emit signal <bound PYQT_SIGNAL k_signal_update of WorkspaceWidget object at 0x0000027522E82DF0>. Removing link to KomorebiEvent.KomorebiUpdate.
2025-09-08 19:54:49,385 [ERROR] [Dummy-10] [root/event_service.py:30]: Failed to emit signal <bound PYQT_SIGNAL k_signal_update of ActiveLayoutWidget object at 0x0000027522E80FF0>. Removing link to KomorebiEvent.KomorebiUpdate.
2025-09-08 19:54:49,665 [INFO] [MainThread] [root/log.py:59]: Yasb v1.7.4
2025-09-08 19:54:49,667 [INFO] [Thread-1 (_run_server)] [cli_server/cli_server.py:212]: CLI server started v1.1.1
2025-09-08 19:54:49,667 [INFO] [MainThread] [cli_server/cli_server.py:104]: Log pipe server started
2025-09-08 19:54:49,991 [DEBUG] [MainThread] [comtypes/__init__.py:149]: CoInitializeEx(None, 2)
2025-09-08 19:54:50,056 [DEBUG] [MainThread] [tzlocal/win32.py:55]: Looking up time zone info from registry
2025-09-08 19:54:50,629 [INFO] [MainThread] [root/watcher.py:55]: Created file watcher for path C:\Users\tamil\.config\yasb
2025-09-08 19:54:50,630 [INFO] [Dummy-10] [root/event_listener.py:53]: Created named pipe yasb-970a7828-8d17-11f0-a44f-58cdc95b2622
2025-09-08 19:54:50,677 [DEBUG] [MainThread] [qasync._windows._EventPoller/_windows.py:213]: Starting (proactor: <_IocpProactor overlapped#=0 result#=0>)...
2025-09-08 19:54:50,678 [DEBUG] [Dummy-13] [qasync._windows._EventWorker/_windows.py:192]: Thread started
2025-09-08 19:54:50,839 [INFO] [Dummy-10] [root/event_listener.py:125]: Komorebi connected to named pipe: yasb-970a7828-8d17-11f0-a44f-58cdc95b2622
2025-09-09 18:26:54,456 [INFO] [MainThread] [root/controller.py:12]: Reloading Application from tray...
2025-09-09 18:26:54,563 [INFO] [MainThread] [cli_server/cli_server.py:112]: Log pipe server stopped
2025-09-09 18:26:54,563 [DEBUG] [MainThread] [cli_server/cli_server.py:206]: CLI server stopped
2025-09-09 18:26:54,589 [DEBUG] [MainThread] [qasync._windows._EventPoller/_windows.py:218]: Stopping worker thread...
2025-09-09 18:26:54,609 [DEBUG] [Dummy-13] [qasync._windows._EventWorker/_windows.py:201]: Exiting thread
2025-09-09 18:26:54,611 [DEBUG] [MainThread] [qasync._windows._IocpProactor/_windows.py:75]: Closing
2025-09-09 18:26:54,896 [INFO] [MainThread] [root/log.py:59]: Yasb v1.7.4
2025-09-09 18:26:54,897 [INFO] [Thread-1 (_run_server)] [cli_server/cli_server.py:212]: CLI server started v1.1.1
2025-09-09 18:26:54,897 [INFO] [MainThread] [cli_server/cli_server.py:104]: Log pipe server started
2025-09-09 18:26:55,193 [DEBUG] [MainThread] [comtypes/__init__.py:149]: CoInitializeEx(None, 2)
2025-09-09 18:26:55,262 [DEBUG] [MainThread] [tzlocal/win32.py:55]: Looking up time zone info from registry
2025-09-09 18:26:55,732 [INFO] [MainThread] [root/watcher.py:55]: Created file watcher for path C:\Users\tamil\.config\yasb
2025-09-09 18:26:55,733 [INFO] [Dummy-10] [root/event_listener.py:53]: Created named pipe yasb-795ec64c-8dd4-11f0-a85e-58cdc95b2622
2025-09-09 18:26:55,781 [DEBUG] [MainThread] [qasync._windows._EventPoller/_windows.py:213]: Starting (proactor: <_IocpProactor overlapped#=0 result#=0>)...
2025-09-09 18:26:55,782 [DEBUG] [Dummy-13] [qasync._windows._EventWorker/_windows.py:192]: Thread started
2025-09-09 18:26:55,950 [INFO] [Dummy-10] [root/event_listener.py:125]: Komorebi connected to named pipe: yasb-795ec64c-8dd4-11f0-a85e-58cdc95b2622
2025-09-09 18:44:55,324 [INFO] [MainThread] [root/controller.py:12]: Reloading Application from tray...
2025-09-09 18:44:55,429 [INFO] [MainThread] [cli_server/cli_server.py:112]: Log pipe server stopped
2025-09-09 18:44:55,429 [DEBUG] [MainThread] [cli_server/cli_server.py:206]: CLI server stopped
2025-09-09 18:44:55,455 [DEBUG] [MainThread] [qasync._windows._EventPoller/_windows.py:218]: Stopping worker thread...
2025-09-09 18:44:55,476 [DEBUG] [Dummy-13] [qasync._windows._EventWorker/_windows.py:201]: Exiting thread
2025-09-09 18:44:55,478 [DEBUG] [MainThread] [qasync._windows._IocpProactor/_windows.py:75]: Closing
2025-09-09 18:44:55,783 [INFO] [MainThread] [root/log.py:59]: Yasb v1.7.4
2025-09-09 18:44:55,785 [INFO] [Thread-1 (_run_server)] [cli_server/cli_server.py:212]: CLI server started v1.1.1
2025-09-09 18:44:55,786 [INFO] [MainThread] [cli_server/cli_server.py:104]: Log pipe server started
2025-09-09 18:44:56,054 [DEBUG] [MainThread] [comtypes/__init__.py:149]: CoInitializeEx(None, 2)
2025-09-09 18:44:56,124 [DEBUG] [MainThread] [tzlocal/win32.py:55]: Looking up time zone info from registry
2025-09-09 18:44:56,635 [INFO] [MainThread] [root/watcher.py:55]: Created file watcher for path C:\Users\tamil\.config\yasb
2025-09-09 18:44:56,635 [INFO] [Dummy-10] [root/event_listener.py:53]: Created named pipe yasb-fda379b0-8dd6-11f0-8313-58cdc95b2622
2025-09-09 18:44:56,694 [DEBUG] [MainThread] [qasync._windows._EventPoller/_windows.py:213]: Starting (proactor: <_IocpProactor overlapped#=0 result#=0>)...
2025-09-09 18:44:56,695 [DEBUG] [Dummy-13] [qasync._windows._EventWorker/_windows.py:192]: Thread started
2025-09-09 18:44:56,873 [INFO] [Dummy-10] [root/event_listener.py:125]: Komorebi connected to named pipe: yasb-fda379b0-8dd6-11f0-8313-58cdc95b2622
2025-09-10 02:20:20,991 [WARNING] [Dummy-10] [root/event_listener.py:84]: Pipe has been ended: (109, 'PeekNamedPipe', 'The pipe has been ended.')
2025-09-10 02:20:20,993 [INFO] [Dummy-10] [root/event_listener.py:94]: Attempting to reconnect to Komorebi...
2025-09-10 02:22:47,196 [INFO] [MainThread] [root/log.py:59]: Yasb v1.7.4
2025-09-10 02:22:47,196 [INFO] [Thread-1 (_run_server)] [cli_server/cli_server.py:212]: CLI server started v1.1.1
2025-09-10 02:22:47,196 [INFO] [MainThread] [cli_server/cli_server.py:104]: Log pipe server started
2025-09-10 02:22:47,515 [DEBUG] [MainThread] [comtypes/__init__.py:149]: CoInitializeEx(None, 2)
2025-09-10 02:22:47,596 [DEBUG] [MainThread] [tzlocal/win32.py:55]: Looking up time zone info from registry
2025-09-10 02:22:47,889 [INFO] [MainThread] [root/watcher.py:55]: Created file watcher for path C:\Users\tamil\.config\yasb
2025-09-10 02:22:47,890 [INFO] [Dummy-10] [root/event_listener.py:53]: Created named pipe yasb-f3c827be-8e16-11f0-9d59-58cdc95b2622
2025-09-10 02:22:47,935 [DEBUG] [MainThread] [qasync._windows._EventPoller/_windows.py:213]: Starting (proactor: <_IocpProactor overlapped#=0 result#=0>)...
2025-09-10 02:22:47,936 [DEBUG] [Dummy-13] [qasync._windows._EventWorker/_windows.py:192]: Thread started
2025-09-10 17:56:28,515 [INFO] [MainThread] [root/controller.py:12]: Reloading Application from tray...
2025-09-10 17:56:28,617 [INFO] [MainThread] [cli_server/cli_server.py:112]: Log pipe server stopped
2025-09-10 17:56:28,618 [DEBUG] [MainThread] [cli_server/cli_server.py:206]: CLI server stopped
2025-09-10 17:56:28,639 [DEBUG] [MainThread] [qasync._windows._EventPoller/_windows.py:218]: Stopping worker thread...
2025-09-10 17:56:28,648 [DEBUG] [Dummy-13] [qasync._windows._EventWorker/_windows.py:201]: Exiting thread
2025-09-10 17:56:28,650 [DEBUG] [MainThread] [qasync._windows._IocpProactor/_windows.py:75]: Closing
2025-09-10 17:56:28,981 [INFO] [MainThread] [root/log.py:59]: Yasb v1.7.4
2025-09-10 17:56:28,982 [INFO] [Thread-1 (_run_server)] [cli_server/cli_server.py:212]: CLI server started v1.1.1
2025-09-10 17:56:28,983 [INFO] [MainThread] [cli_server/cli_server.py:104]: Log pipe server started
2025-09-10 17:56:29,290 [DEBUG] [MainThread] [comtypes/__init__.py:149]: CoInitializeEx(None, 2)
2025-09-10 17:56:29,364 [DEBUG] [MainThread] [tzlocal/win32.py:55]: Looking up time zone info from registry
2025-09-10 17:56:29,776 [INFO] [MainThread] [root/watcher.py:55]: Created file watcher for path C:\Users\tamil\.config\yasb
2025-09-10 17:56:29,776 [INFO] [Dummy-10] [root/event_listener.py:53]: Created named pipe yasb-636dadc1-8e99-11f0-8213-58cdc95b2622
2025-09-10 17:56:29,823 [DEBUG] [MainThread] [qasync._windows._EventPoller/_windows.py:213]: Starting (proactor: <_IocpProactor overlapped#=0 result#=0>)...
2025-09-10 17:56:29,824 [DEBUG] [Dummy-13] [qasync._windows._EventWorker/_windows.py:192]: Thread started
2025-09-10 17:58:18,464 [INFO] [Dummy-10] [root/event_listener.py:125]: Komorebi connected to named pipe: yasb-636dadc1-8e99-11f0-8213-58cdc95b2622
2025-09-10 17:58:21,364 [ERROR] [Dummy-10] [root/event_listener.py:89]: Komorebi has disconnected from the named pipe yasb-636dadc1-8e99-11f0-8213-58cdc95b2622
Traceback (most recent call last):
  File "D:\a\yasb\yasb\src\core\utils\komorebi\event_listener.py", line 79, in run
  File "D:\a\yasb\yasb\src\core\utils\komorebi\event_listener.py", line 101, in _emit_event
  File "D:\a\yasb\yasb\src\core\event_service.py", line 28, in emit_event
TypeError: WorkspaceWidget.k_signal_update[dict, dict].emit(): argument 1 has unexpected type 'str'
2025-09-10 17:58:21,365 [INFO] [Dummy-10] [root/event_listener.py:94]: Attempting to reconnect to Komorebi...
2025-09-10 17:58:24,368 [INFO] [Dummy-10] [root/event_listener.py:53]: Created named pipe yasb-636dadc1-8e99-11f0-8213-58cdc95b2622
2025-09-10 17:58:24,553 [INFO] [Dummy-10] [root/event_listener.py:125]: Komorebi connected to named pipe: yasb-636dadc1-8e99-11f0-8213-58cdc95b2622
2025-09-11 18:00:48,866 [DEBUG] [MainThread] [root/volume.py:330]: Attempting PolicyConfig interface with device: {0.0.0.00000000}.{c11c383d-b07d-4893-bac2-df23f6604454}
2025-09-11 18:23:06,027 [DEBUG] [MainThread] [root/volume.py:330]: Attempting PolicyConfig interface with device: {0.0.0.00000000}.{61d5664b-02f4-4f59-a008-bf6e7ab81d84}
2025-09-17 18:04:57,128 [INFO] [MainThread] [root/log.py:59]: Yasb v1.7.4
2025-09-17 18:04:57,130 [INFO] [Thread-1 (_run_server)] [cli_server/cli_server.py:212]: CLI server started v1.1.1
2025-09-17 18:04:57,131 [INFO] [MainThread] [cli_server/cli_server.py:104]: Log pipe server started
2025-09-17 18:04:57,723 [DEBUG] [MainThread] [comtypes/__init__.py:149]: CoInitializeEx(None, 2)
2025-09-17 18:04:58,039 [DEBUG] [MainThread] [tzlocal/win32.py:55]: Looking up time zone info from registry
2025-09-17 18:05:00,156 [INFO] [MainThread] [root/watcher.py:55]: Created file watcher for path C:\Users\tamil\.config\yasb
2025-09-17 18:05:00,156 [INFO] [Dummy-10] [root/event_listener.py:53]: Created named pipe yasb-bc8790ac-941a-11f0-a17d-58cdc95b2622
2025-09-17 18:05:00,215 [DEBUG] [MainThread] [qasync._windows._EventPoller/_windows.py:213]: Starting (proactor: <_IocpProactor overlapped#=0 result#=0>)...
2025-09-17 18:05:00,216 [DEBUG] [Dummy-13] [qasync._windows._EventWorker/_windows.py:192]: Thread started
2025-09-17 18:09:13,763 [INFO] [Dummy-10] [root/event_listener.py:125]: Komorebi connected to named pipe: yasb-bc8790ac-941a-11f0-a17d-58cdc95b2622
2025-09-17 18:10:15,868 [DEBUG] [MainThread] [root/volume.py:330]: Attempting PolicyConfig interface with device: {0.0.0.00000000}.{61d5664b-02f4-4f59-a008-bf6e7ab81d84}
2025-09-17 20:35:33,054 [ERROR] [Dummy-10] [root/event_listener.py:89]: Komorebi has disconnected from the named pipe yasb-bc8790ac-941a-11f0-a17d-58cdc95b2622
Traceback (most recent call last):
  File "D:\a\yasb\yasb\src\core\utils\komorebi\event_listener.py", line 79, in run
  File "D:\a\yasb\yasb\src\core\utils\komorebi\event_listener.py", line 101, in _emit_event
  File "D:\a\yasb\yasb\src\core\event_service.py", line 28, in emit_event
TypeError: WorkspaceWidget.k_signal_update[dict, dict].emit(): argument 1 has unexpected type 'str'
2025-09-17 20:35:33,062 [INFO] [Dummy-10] [root/event_listener.py:94]: Attempting to reconnect to Komorebi...
2025-09-17 20:35:36,065 [INFO] [Dummy-10] [root/event_listener.py:53]: Created named pipe yasb-bc8790ac-941a-11f0-a17d-58cdc95b2622
2025-09-17 20:35:36,147 [INFO] [Dummy-10] [root/event_listener.py:125]: Komorebi connected to named pipe: yasb-bc8790ac-941a-11f0-a17d-58cdc95b2622
2025-09-17 20:35:38,207 [ERROR] [Dummy-10] [root/event_listener.py:89]: Komorebi has disconnected from the named pipe yasb-bc8790ac-941a-11f0-a17d-58cdc95b2622
Traceback (most recent call last):
  File "D:\a\yasb\yasb\src\core\utils\komorebi\event_listener.py", line 79, in run
  File "D:\a\yasb\yasb\src\core\utils\komorebi\event_listener.py", line 101, in _emit_event
  File "D:\a\yasb\yasb\src\core\event_service.py", line 28, in emit_event
TypeError: WorkspaceWidget.k_signal_update[dict, dict].emit(): argument 1 has unexpected type 'str'
2025-09-17 20:35:38,207 [INFO] [Dummy-10] [root/event_listener.py:94]: Attempting to reconnect to Komorebi...
2025-09-17 20:35:41,208 [INFO] [Dummy-10] [root/event_listener.py:53]: Created named pipe yasb-bc8790ac-941a-11f0-a17d-58cdc95b2622
2025-09-17 20:35:41,300 [INFO] [Dummy-10] [root/event_listener.py:125]: Komorebi connected to named pipe: yasb-bc8790ac-941a-11f0-a17d-58cdc95b2622
2025-09-17 20:36:05,136 [ERROR] [Dummy-10] [root/event_listener.py:89]: Komorebi has disconnected from the named pipe yasb-bc8790ac-941a-11f0-a17d-58cdc95b2622
Traceback (most recent call last):
  File "D:\a\yasb\yasb\src\core\utils\komorebi\event_listener.py", line 79, in run
  File "D:\a\yasb\yasb\src\core\utils\komorebi\event_listener.py", line 101, in _emit_event
  File "D:\a\yasb\yasb\src\core\event_service.py", line 28, in emit_event
TypeError: WorkspaceWidget.k_signal_update[dict, dict].emit(): argument 1 has unexpected type 'str'
2025-09-17 20:36:05,137 [INFO] [Dummy-10] [root/event_listener.py:94]: Attempting to reconnect to Komorebi...
2025-09-17 20:36:08,139 [INFO] [Dummy-10] [root/event_listener.py:53]: Created named pipe yasb-bc8790ac-941a-11f0-a17d-58cdc95b2622
2025-09-17 20:36:40,063 [DEBUG] [MainThread] [root/volume.py:330]: Attempting PolicyConfig interface with device: {0.0.0.00000000}.{c11c383d-b07d-4893-bac2-df23f6604454}
2025-09-18 16:35:58,331 [INFO] [MainThread] [root/controller.py:12]: Reloading Application from tray...
2025-09-18 16:35:58,444 [INFO] [MainThread] [cli_server/cli_server.py:112]: Log pipe server stopped
2025-09-18 16:35:58,444 [DEBUG] [MainThread] [cli_server/cli_server.py:206]: CLI server stopped
2025-09-18 16:35:58,497 [DEBUG] [MainThread] [qasync._windows._EventPoller/_windows.py:218]: Stopping worker thread...
2025-09-18 16:35:58,507 [DEBUG] [Dummy-13] [qasync._windows._EventWorker/_windows.py:201]: Exiting thread
2025-09-18 16:35:58,512 [DEBUG] [MainThread] [qasync._windows._IocpProactor/_windows.py:75]: Closing
2025-09-18 16:35:59,937 [INFO] [MainThread] [root/log.py:59]: Yasb v1.7.4
2025-09-18 16:35:59,938 [INFO] [Thread-1 (_run_server)] [cli_server/cli_server.py:212]: CLI server started v1.1.1
2025-09-18 16:35:59,938 [INFO] [MainThread] [cli_server/cli_server.py:104]: Log pipe server started
2025-09-18 16:36:00,451 [DEBUG] [MainThread] [comtypes/__init__.py:149]: CoInitializeEx(None, 2)
2025-09-18 16:36:00,713 [DEBUG] [MainThread] [tzlocal/win32.py:55]: Looking up time zone info from registry
2025-09-18 16:36:02,503 [INFO] [MainThread] [root/watcher.py:55]: Created file watcher for path C:\Users\tamil\.config\yasb
2025-09-18 16:36:02,505 [INFO] [Dummy-7] [root/event_listener.py:53]: Created named pipe yasb-79745816-94d7-11f0-9dd5-58cdc95b2622
2025-09-18 16:36:02,557 [DEBUG] [MainThread] [qasync._windows._EventPoller/_windows.py:213]: Starting (proactor: <_IocpProactor overlapped#=0 result#=0>)...
2025-09-18 16:36:02,559 [DEBUG] [Dummy-10] [qasync._windows._EventWorker/_windows.py:192]: Thread started
2025-09-18 16:36:02,588 [INFO] [Dummy-7] [root/event_listener.py:125]: Komorebi connected to named pipe: yasb-79745816-94d7-11f0-9dd5-58cdc95b2622
2025-09-19 19:30:47,950 [DEBUG] [MainThread] [root/volume.py:330]: Attempting PolicyConfig interface with device: {0.0.0.00000000}.{5f61a209-31d4-461c-a9d1-bd6b8e168490}
2025-09-20 11:54:05,498 [ERROR] [Dummy-7] [root/event_listener.py:89]: Komorebi has disconnected from the named pipe yasb-79745816-94d7-11f0-9dd5-58cdc95b2622
Traceback (most recent call last):
  File "D:\a\yasb\yasb\src\core\utils\komorebi\event_listener.py", line 79, in run
  File "D:\a\yasb\yasb\src\core\utils\komorebi\event_listener.py", line 101, in _emit_event
  File "D:\a\yasb\yasb\src\core\event_service.py", line 28, in emit_event
TypeError: WorkspaceWidget.k_signal_update[dict, dict].emit(): argument 1 has unexpected type 'str'
2025-09-20 11:54:05,507 [INFO] [Dummy-7] [root/event_listener.py:94]: Attempting to reconnect to Komorebi...
2025-09-20 11:54:08,513 [INFO] [Dummy-7] [root/event_listener.py:53]: Created named pipe yasb-79745816-94d7-11f0-9dd5-58cdc95b2622
2025-09-20 15:54:13,342 [INFO] [MainThread] [root/controller.py:12]: Reloading Application from tray...
2025-09-20 15:54:13,449 [INFO] [MainThread] [cli_server/cli_server.py:112]: Log pipe server stopped
2025-09-20 15:54:13,449 [DEBUG] [MainThread] [cli_server/cli_server.py:206]: CLI server stopped
2025-09-20 15:54:13,517 [DEBUG] [MainThread] [qasync._windows._EventPoller/_windows.py:218]: Stopping worker thread...
2025-09-20 15:54:13,525 [DEBUG] [Dummy-10] [qasync._windows._EventWorker/_windows.py:201]: Exiting thread
2025-09-20 15:54:13,532 [DEBUG] [MainThread] [qasync._windows._IocpProactor/_windows.py:75]: Closing
2025-09-20 15:54:15,345 [INFO] [MainThread] [root/log.py:59]: Yasb v1.7.4
2025-09-20 15:54:15,346 [INFO] [Thread-1 (_run_server)] [cli_server/cli_server.py:212]: CLI server started v1.1.1
2025-09-20 15:54:15,347 [INFO] [MainThread] [cli_server/cli_server.py:104]: Log pipe server started
2025-09-20 15:54:16,181 [DEBUG] [MainThread] [comtypes/__init__.py:149]: CoInitializeEx(None, 2)
2025-09-20 15:54:16,612 [DEBUG] [MainThread] [tzlocal/win32.py:55]: Looking up time zone info from registry
2025-09-20 15:54:19,767 [INFO] [MainThread] [root/watcher.py:55]: Created file watcher for path C:\Users\tamil\.config\yasb
2025-09-20 15:54:19,768 [INFO] [Dummy-7] [root/event_listener.py:53]: Created named pipe yasb-fa88745e-9663-11f0-b4b6-58cdc95b2622
2025-09-20 15:54:19,897 [DEBUG] [MainThread] [qasync._windows._EventPoller/_windows.py:213]: Starting (proactor: <_IocpProactor overlapped#=0 result#=0>)...
2025-09-20 15:54:19,899 [DEBUG] [Dummy-10] [qasync._windows._EventWorker/_windows.py:192]: Thread started
2025-09-20 15:54:19,989 [INFO] [Dummy-7] [root/event_listener.py:125]: Komorebi connected to named pipe: yasb-fa88745e-9663-11f0-b4b6-58cdc95b2622
2025-09-21 14:14:22,685 [DEBUG] [MainThread] [root/volume.py:330]: Attempting PolicyConfig interface with device: {0.0.0.00000000}.{61d5664b-02f4-4f59-a008-bf6e7ab81d84}
2025-09-23 17:23:55,914 [DEBUG] [MainThread] [root/volume.py:330]: Attempting PolicyConfig interface with device: {0.0.0.00000000}.{61d5664b-02f4-4f59-a008-bf6e7ab81d84}
2025-09-24 19:14:48,729 [DEBUG] [MainThread] [root/volume.py:330]: Attempting PolicyConfig interface with device: {0.0.0.00000000}.{c11c383d-b07d-4893-bac2-df23f6604454}
2025-09-25 19:14:35,176 [INFO] [MainThread] [root/log.py:59]: Yasb v1.7.4
2025-09-25 19:14:35,178 [INFO] [Thread-1 (_run_server)] [cli_server/cli_server.py:212]: CLI server started v1.1.1
2025-09-25 19:14:35,178 [INFO] [MainThread] [cli_server/cli_server.py:104]: Log pipe server started
2025-09-25 19:14:35,775 [DEBUG] [MainThread] [comtypes/__init__.py:149]: CoInitializeEx(None, 2)
2025-09-25 19:14:36,068 [DEBUG] [MainThread] [tzlocal/win32.py:55]: Looking up time zone info from registry
2025-09-25 19:14:37,861 [INFO] [MainThread] [root/watcher.py:55]: Created file watcher for path C:\Users\tamil\.config\yasb
2025-09-25 19:14:37,862 [INFO] [Dummy-7] [root/event_listener.py:53]: Created named pipe yasb-c9f11ab0-9a6d-11f0-99a0-58cdc95b2622
2025-09-25 19:14:37,924 [DEBUG] [MainThread] [qasync._windows._EventPoller/_windows.py:213]: Starting (proactor: <_IocpProactor overlapped#=0 result#=0>)...
2025-09-25 19:14:37,926 [DEBUG] [Dummy-10] [qasync._windows._EventWorker/_windows.py:192]: Thread started
2025-09-25 19:53:33,221 [INFO] [MainThread] [root/controller.py:12]: Reloading Application from tray...
2025-09-25 19:53:33,335 [INFO] [MainThread] [cli_server/cli_server.py:112]: Log pipe server stopped
2025-09-25 19:53:33,335 [DEBUG] [MainThread] [cli_server/cli_server.py:206]: CLI server stopped
2025-09-25 19:53:33,348 [DEBUG] [MainThread] [qasync._windows._EventPoller/_windows.py:218]: Stopping worker thread...
2025-09-25 19:53:33,351 [DEBUG] [Dummy-10] [qasync._windows._EventWorker/_windows.py:201]: Exiting thread
2025-09-25 19:53:33,352 [DEBUG] [MainThread] [qasync._windows._IocpProactor/_windows.py:75]: Closing
2025-09-25 19:53:34,389 [INFO] [MainThread] [root/log.py:59]: Yasb v1.7.4
2025-09-25 19:53:34,390 [INFO] [Thread-1 (_run_server)] [cli_server/cli_server.py:212]: CLI server started v1.1.1
2025-09-25 19:53:34,390 [INFO] [MainThread] [cli_server/cli_server.py:104]: Log pipe server started
2025-09-25 19:53:34,840 [DEBUG] [MainThread] [comtypes/__init__.py:149]: CoInitializeEx(None, 2)
2025-09-25 19:53:35,049 [DEBUG] [MainThread] [tzlocal/win32.py:55]: Looking up time zone info from registry
2025-09-25 19:53:36,086 [INFO] [MainThread] [root/watcher.py:55]: Created file watcher for path C:\Users\tamil\.config\yasb
2025-09-25 19:53:36,086 [INFO] [Dummy-7] [root/event_listener.py:53]: Created named pipe yasb-3ba1e853-9a73-11f0-ab4d-58cdc95b2622
2025-09-25 19:53:36,147 [DEBUG] [MainThread] [qasync._windows._EventPoller/_windows.py:213]: Starting (proactor: <_IocpProactor overlapped#=0 result#=0>)...
2025-09-25 19:53:36,150 [DEBUG] [Dummy-10] [qasync._windows._EventWorker/_windows.py:192]: Thread started
2025-09-25 19:53:36,176 [INFO] [Dummy-7] [root/event_listener.py:125]: Komorebi connected to named pipe: yasb-3ba1e853-9a73-11f0-ab4d-58cdc95b2622
2025-09-27 11:38:56,673 [INFO] [MainThread] [root/log.py:59]: Yasb v1.7.4
2025-09-27 11:38:56,674 [INFO] [Thread-1 (_run_server)] [cli_server/cli_server.py:212]: CLI server started v1.1.1
2025-09-27 11:38:56,675 [INFO] [MainThread] [cli_server/cli_server.py:104]: Log pipe server started
2025-09-27 11:38:57,233 [DEBUG] [MainThread] [comtypes/__init__.py:149]: CoInitializeEx(None, 2)
2025-09-27 11:38:57,515 [DEBUG] [MainThread] [tzlocal/win32.py:55]: Looking up time zone info from registry
2025-09-27 11:38:59,657 [INFO] [MainThread] [root/watcher.py:55]: Created file watcher for path C:\Users\tamil\.config\yasb
2025-09-27 11:38:59,657 [INFO] [Dummy-10] [root/event_listener.py:53]: Created named pipe yasb-77ed6fa0-9bc0-11f0-9efd-58cdc95b2622
2025-09-27 11:38:59,722 [DEBUG] [MainThread] [qasync._windows._EventPoller/_windows.py:213]: Starting (proactor: <_IocpProactor overlapped#=0 result#=0>)...
2025-09-27 11:38:59,723 [DEBUG] [Dummy-13] [qasync._windows._EventWorker/_windows.py:192]: Thread started
2025-09-27 11:39:09,875 [INFO] [Dummy-10] [root/event_listener.py:125]: Komorebi connected to named pipe: yasb-77ed6fa0-9bc0-11f0-9efd-58cdc95b2622
2025-09-27 11:39:11,573 [ERROR] [Dummy-10] [root/event_listener.py:89]: Komorebi has disconnected from the named pipe yasb-77ed6fa0-9bc0-11f0-9efd-58cdc95b2622
Traceback (most recent call last):
  File "D:\a\yasb\yasb\src\core\utils\komorebi\event_listener.py", line 79, in run
  File "D:\a\yasb\yasb\src\core\utils\komorebi\event_listener.py", line 101, in _emit_event
  File "D:\a\yasb\yasb\src\core\event_service.py", line 28, in emit_event
TypeError: WorkspaceWidget.k_signal_update[dict, dict].emit(): argument 1 has unexpected type 'str'
2025-09-27 11:39:11,575 [INFO] [Dummy-10] [root/event_listener.py:94]: Attempting to reconnect to Komorebi...
2025-09-27 11:39:14,577 [INFO] [Dummy-10] [root/event_listener.py:53]: Created named pipe yasb-77ed6fa0-9bc0-11f0-9efd-58cdc95b2622
2025-09-27 11:39:14,640 [INFO] [Dummy-10] [root/event_listener.py:125]: Komorebi connected to named pipe: yasb-77ed6fa0-9bc0-11f0-9efd-58cdc95b2622
2025-09-27 11:39:17,217 [INFO] [MainThread] [root/controller.py:12]: Reloading Application from tray...
2025-09-27 11:39:17,325 [INFO] [MainThread] [cli_server/cli_server.py:112]: Log pipe server stopped
2025-09-27 11:39:17,325 [DEBUG] [MainThread] [cli_server/cli_server.py:206]: CLI server stopped
2025-09-27 11:39:17,342 [DEBUG] [MainThread] [qasync._windows._EventPoller/_windows.py:218]: Stopping worker thread...
2025-09-27 11:39:17,356 [DEBUG] [Dummy-13] [qasync._windows._EventWorker/_windows.py:201]: Exiting thread
2025-09-27 11:39:17,358 [DEBUG] [MainThread] [qasync._windows._IocpProactor/_windows.py:75]: Closing
2025-09-27 11:39:18,295 [INFO] [MainThread] [root/log.py:59]: Yasb v1.7.4
2025-09-27 11:39:18,295 [INFO] [Thread-1 (_run_server)] [cli_server/cli_server.py:212]: CLI server started v1.1.1
2025-09-27 11:39:18,295 [INFO] [MainThread] [cli_server/cli_server.py:104]: Log pipe server started
2025-09-27 11:39:18,743 [DEBUG] [MainThread] [comtypes/__init__.py:149]: CoInitializeEx(None, 2)
2025-09-27 11:39:18,914 [DEBUG] [MainThread] [tzlocal/win32.py:55]: Looking up time zone info from registry
2025-09-27 11:39:19,581 [INFO] [MainThread] [root/watcher.py:55]: Created file watcher for path C:\Users\tamil\.config\yasb
2025-09-27 11:39:19,582 [INFO] [Dummy-10] [root/event_listener.py:53]: Created named pipe yasb-83cdcc90-9bc0-11f0-966b-58cdc95b2622
2025-09-27 11:39:19,630 [DEBUG] [MainThread] [qasync._windows._EventPoller/_windows.py:213]: Starting (proactor: <_IocpProactor overlapped#=0 result#=0>)...
2025-09-27 11:39:19,631 [DEBUG] [Dummy-13] [qasync._windows._EventWorker/_windows.py:192]: Thread started
2025-09-27 11:39:19,661 [INFO] [Dummy-10] [root/event_listener.py:125]: Komorebi connected to named pipe: yasb-83cdcc90-9bc0-11f0-966b-58cdc95b2622
2025-10-18 14:11:06,152 [INFO] [MainThread] [root/log.py:59]: Yasb v1.7.4
2025-10-18 14:11:06,156 [INFO] [Thread-1 (_run_server)] [cli_server/cli_server.py:212]: CLI server started v1.1.1
2025-10-18 14:11:06,158 [INFO] [MainThread] [cli_server/cli_server.py:104]: Log pipe server started
2025-10-18 14:11:06,987 [DEBUG] [MainThread] [comtypes/__init__.py:149]: CoInitializeEx(None, 2)
2025-10-18 14:11:07,358 [DEBUG] [MainThread] [tzlocal/win32.py:55]: Looking up time zone info from registry
2025-10-18 14:11:10,116 [INFO] [MainThread] [root/watcher.py:55]: Created file watcher for path C:\Users\tamil\.config\yasb
2025-10-18 14:11:10,117 [INFO] [Dummy-10] [root/event_listener.py:53]: Created named pipe yasb-34c7a390-ac56-11f0-acff-58cdc95b2622
2025-10-18 14:11:10,214 [DEBUG] [MainThread] [qasync._windows._EventPoller/_windows.py:213]: Starting (proactor: <_IocpProactor overlapped#=0 result#=0>)...
2025-10-18 14:11:10,215 [DEBUG] [Dummy-13] [qasync._windows._EventWorker/_windows.py:192]: Thread started
2025-10-18 14:15:59,920 [INFO] [Dummy-10] [root/event_listener.py:125]: Komorebi connected to named pipe: yasb-34c7a390-ac56-11f0-acff-58cdc95b2622
2025-10-18 14:16:02,317 [ERROR] [Dummy-10] [root/event_listener.py:89]: Komorebi has disconnected from the named pipe yasb-34c7a390-ac56-11f0-acff-58cdc95b2622
Traceback (most recent call last):
  File "D:\a\yasb\yasb\src\core\utils\komorebi\event_listener.py", line 79, in run
  File "D:\a\yasb\yasb\src\core\utils\komorebi\event_listener.py", line 101, in _emit_event
  File "D:\a\yasb\yasb\src\core\event_service.py", line 28, in emit_event
TypeError: WorkspaceWidget.k_signal_update[dict, dict].emit(): argument 1 has unexpected type 'str'
2025-10-18 14:16:02,318 [INFO] [Dummy-10] [root/event_listener.py:94]: Attempting to reconnect to Komorebi...
2025-10-18 14:16:05,318 [INFO] [Dummy-10] [root/event_listener.py:53]: Created named pipe yasb-34c7a390-ac56-11f0-acff-58cdc95b2622
2025-10-18 14:16:05,377 [INFO] [Dummy-10] [root/event_listener.py:125]: Komorebi connected to named pipe: yasb-34c7a390-ac56-11f0-acff-58cdc95b2622
2025-10-18 16:33:09,013 [INFO] [MainThread] [root/log.py:59]: Yasb v1.7.4
2025-10-18 16:33:09,013 [INFO] [Thread-1 (_run_server)] [cli_server/cli_server.py:212]: CLI server started v1.1.1
2025-10-18 16:33:09,015 [INFO] [MainThread] [cli_server/cli_server.py:104]: Log pipe server started
2025-10-18 16:33:09,687 [DEBUG] [MainThread] [comtypes/__init__.py:149]: CoInitializeEx(None, 2)
2025-10-18 16:33:10,026 [DEBUG] [MainThread] [tzlocal/win32.py:55]: Looking up time zone info from registry
2025-10-18 16:33:13,213 [INFO] [MainThread] [root/watcher.py:55]: Created file watcher for path C:\Users\tamil\.config\yasb
2025-10-18 16:33:13,215 [INFO] [Dummy-10] [root/event_listener.py:53]: Created named pipe yasb-0cf13681-ac6a-11f0-9369-58cdc95b2622
2025-10-18 16:33:13,334 [DEBUG] [MainThread] [qasync._windows._EventPoller/_windows.py:213]: Starting (proactor: <_IocpProactor overlapped#=0 result#=0>)...
2025-10-18 16:33:13,338 [DEBUG] [Dummy-13] [qasync._windows._EventWorker/_windows.py:192]: Thread started
2025-10-18 16:36:25,252 [INFO] [MainThread] [root/log.py:59]: Yasb v1.7.4
2025-10-18 16:36:25,254 [INFO] [Thread-1 (_run_server)] [cli_server/cli_server.py:212]: CLI server started v1.1.1
2025-10-18 16:36:25,256 [INFO] [MainThread] [cli_server/cli_server.py:104]: Log pipe server started
2025-10-18 16:36:26,339 [DEBUG] [MainThread] [comtypes/__init__.py:149]: CoInitializeEx(None, 2)
2025-10-18 16:36:26,684 [DEBUG] [MainThread] [tzlocal/win32.py:55]: Looking up time zone info from registry
2025-10-18 16:36:29,036 [INFO] [MainThread] [root/watcher.py:55]: Created file watcher for path C:\Users\tamil\.config\yasb
2025-10-18 16:36:29,036 [INFO] [Dummy-10] [root/event_listener.py:53]: Created named pipe yasb-81a96813-ac6a-11f0-92c8-58cdc95b2622
2025-10-18 16:36:29,096 [DEBUG] [MainThread] [qasync._windows._EventPoller/_windows.py:213]: Starting (proactor: <_IocpProactor overlapped#=0 result#=0>)...
2025-10-18 16:36:29,096 [DEBUG] [Dummy-13] [qasync._windows._EventWorker/_windows.py:192]: Thread started
2025-10-18 16:36:49,419 [INFO] [Dummy-10] [root/event_listener.py:125]: Komorebi connected to named pipe: yasb-81a96813-ac6a-11f0-92c8-58cdc95b2622
2025-10-18 16:36:49,746 [ERROR] [Dummy-10] [root/event_listener.py:89]: Komorebi has disconnected from the named pipe yasb-81a96813-ac6a-11f0-92c8-58cdc95b2622
Traceback (most recent call last):
  File "D:\a\yasb\yasb\src\core\utils\komorebi\event_listener.py", line 79, in run
  File "D:\a\yasb\yasb\src\core\utils\komorebi\event_listener.py", line 101, in _emit_event
  File "D:\a\yasb\yasb\src\core\event_service.py", line 28, in emit_event
TypeError: WorkspaceWidget.k_signal_update[dict, dict].emit(): argument 1 has unexpected type 'str'
2025-10-18 16:36:49,747 [INFO] [Dummy-10] [root/event_listener.py:94]: Attempting to reconnect to Komorebi...
2025-10-18 16:36:52,748 [INFO] [Dummy-10] [root/event_listener.py:53]: Created named pipe yasb-81a96813-ac6a-11f0-92c8-58cdc95b2622
2025-10-18 16:36:52,810 [INFO] [Dummy-10] [root/event_listener.py:125]: Komorebi connected to named pipe: yasb-81a96813-ac6a-11f0-92c8-58cdc95b2622
2025-10-19 19:45:05,363 [ERROR] [Dummy-10] [root/event_listener.py:89]: Komorebi has disconnected from the named pipe yasb-81a96813-ac6a-11f0-92c8-58cdc95b2622
Traceback (most recent call last):
  File "D:\a\yasb\yasb\src\core\utils\komorebi\event_listener.py", line 79, in run
  File "D:\a\yasb\yasb\src\core\utils\komorebi\event_listener.py", line 101, in _emit_event
  File "D:\a\yasb\yasb\src\core\event_service.py", line 28, in emit_event
TypeError: WorkspaceWidget.k_signal_update[dict, dict].emit(): argument 1 has unexpected type 'str'
2025-10-19 19:45:05,384 [INFO] [Dummy-10] [root/event_listener.py:94]: Attempting to reconnect to Komorebi...
2025-10-19 19:45:08,390 [INFO] [Dummy-10] [root/event_listener.py:53]: Created named pipe yasb-81a96813-ac6a-11f0-92c8-58cdc95b2622
2025-10-19 20:04:57,821 [INFO] [MainThread] [root/controller.py:12]: Reloading Application from tray...
2025-10-19 20:04:57,941 [INFO] [MainThread] [cli_server/cli_server.py:112]: Log pipe server stopped
2025-10-19 20:04:57,941 [DEBUG] [MainThread] [cli_server/cli_server.py:206]: CLI server stopped
2025-10-19 20:04:57,991 [DEBUG] [MainThread] [qasync._windows._EventPoller/_windows.py:218]: Stopping worker thread...
2025-10-19 20:04:58,002 [DEBUG] [Dummy-13] [qasync._windows._EventWorker/_windows.py:201]: Exiting thread
2025-10-19 20:04:58,006 [DEBUG] [MainThread] [qasync._windows._IocpProactor/_windows.py:75]: Closing
2025-10-19 20:04:59,907 [INFO] [MainThread] [root/log.py:59]: Yasb v1.7.4
2025-10-19 20:04:59,908 [INFO] [Thread-1 (_run_server)] [cli_server/cli_server.py:212]: CLI server started v1.1.1
2025-10-19 20:04:59,909 [INFO] [MainThread] [cli_server/cli_server.py:104]: Log pipe server started
2025-10-19 20:05:00,870 [DEBUG] [MainThread] [comtypes/__init__.py:149]: CoInitializeEx(None, 2)
2025-10-19 20:05:01,300 [DEBUG] [MainThread] [tzlocal/win32.py:55]: Looking up time zone info from registry
2025-10-19 20:05:04,041 [INFO] [MainThread] [root/watcher.py:55]: Created file watcher for path C:\Users\tamil\.config\yasb
2025-10-19 20:05:04,042 [INFO] [Dummy-10] [root/event_listener.py:53]: Created named pipe yasb-cf994ac0-ad50-11f0-b254-58cdc95b2622
2025-10-19 20:05:04,116 [DEBUG] [MainThread] [qasync._windows._EventPoller/_windows.py:213]: Starting (proactor: <_IocpProactor overlapped#=0 result#=0>)...
2025-10-19 20:05:04,118 [DEBUG] [Dummy-13] [qasync._windows._EventWorker/_windows.py:192]: Thread started
2025-10-19 20:05:04,193 [INFO] [Dummy-10] [root/event_listener.py:125]: Komorebi connected to named pipe: yasb-cf994ac0-ad50-11f0-b254-58cdc95b2622
2025-10-22 17:53:36,766 [INFO] [MainThread] [root/controller.py:27]: Exiting Application from tray...
2025-10-22 17:53:36,899 [INFO] [MainThread] [cli_server/cli_server.py:112]: Log pipe server stopped
2025-10-22 17:53:36,899 [DEBUG] [MainThread] [cli_server/cli_server.py:206]: CLI server stopped
2025-10-22 17:53:36,913 [DEBUG] [MainThread] [qasync._windows._EventPoller/_windows.py:218]: Stopping worker thread...
2025-10-22 17:53:36,927 [DEBUG] [Dummy-13] [qasync._windows._EventWorker/_windows.py:201]: Exiting thread
2025-10-22 17:53:36,932 [DEBUG] [MainThread] [qasync._windows._IocpProactor/_windows.py:75]: Closing
2025-10-22 17:53:43,778 [INFO] [MainThread] [root/log.py:59]: Yasb v1.7.4
2025-10-22 17:53:43,779 [INFO] [Thread-1 (_run_server)] [cli_server/cli_server.py:212]: CLI server started v1.1.1
2025-10-22 17:53:43,779 [INFO] [MainThread] [cli_server/cli_server.py:104]: Log pipe server started
2025-10-22 17:53:44,590 [DEBUG] [MainThread] [comtypes/__init__.py:149]: CoInitializeEx(None, 2)
2025-10-22 17:53:44,966 [DEBUG] [MainThread] [tzlocal/win32.py:55]: Looking up time zone info from registry
2025-10-22 17:53:48,553 [INFO] [MainThread] [root/watcher.py:55]: Created file watcher for path C:\Users\tamil\.config\yasb
2025-10-22 17:53:48,553 [INFO] [Dummy-10] [root/event_listener.py:53]: Created named pipe yasb-f8ae8975-af99-11f0-9dd5-58cdc95b2622
2025-10-22 17:53:48,634 [DEBUG] [MainThread] [qasync._windows._EventPoller/_windows.py:213]: Starting (proactor: <_IocpProactor overlapped#=0 result#=0>)...
2025-10-22 17:53:48,636 [DEBUG] [Dummy-13] [qasync._windows._EventWorker/_windows.py:192]: Thread started
2025-10-22 17:53:48,668 [INFO] [Dummy-10] [root/event_listener.py:125]: Komorebi connected to named pipe: yasb-f8ae8975-af99-11f0-9dd5-58cdc95b2622
2025-10-22 17:53:59,041 [INFO] [MainThread] [root/controller.py:27]: Exiting Application from tray...
2025-10-22 17:53:59,155 [INFO] [MainThread] [cli_server/cli_server.py:112]: Log pipe server stopped
2025-10-22 17:53:59,156 [DEBUG] [MainThread] [cli_server/cli_server.py:206]: CLI server stopped
2025-10-22 17:53:59,157 [DEBUG] [MainThread] [qasync._windows._EventPoller/_windows.py:218]: Stopping worker thread...
2025-10-22 17:53:59,170 [DEBUG] [Dummy-13] [qasync._windows._EventWorker/_windows.py:201]: Exiting thread
2025-10-22 17:53:59,171 [DEBUG] [MainThread] [qasync._windows._IocpProactor/_windows.py:75]: Closing
2025-10-22 18:43:49,645 [INFO] [MainThread] [root/log.py:59]: Yasb v1.7.4
2025-10-22 18:43:49,645 [INFO] [Thread-1 (_run_server)] [cli_server/cli_server.py:212]: CLI server started v1.1.1
2025-10-22 18:43:49,645 [INFO] [MainThread] [cli_server/cli_server.py:104]: Log pipe server started
2025-10-22 18:43:50,446 [DEBUG] [MainThread] [comtypes/__init__.py:149]: CoInitializeEx(None, 2)
2025-10-22 18:43:50,816 [DEBUG] [MainThread] [tzlocal/win32.py:55]: Looking up time zone info from registry
2025-10-22 18:43:53,804 [INFO] [MainThread] [root/watcher.py:55]: Created file watcher for path C:\Users\tamil\.config\yasb
2025-10-22 18:43:53,805 [INFO] [Dummy-10] [root/event_listener.py:53]: Created named pipe yasb-f7f36e9e-afa0-11f0-a3e8-58cdc95b2622
2025-10-22 18:43:53,883 [DEBUG] [MainThread] [qasync._windows._EventPoller/_windows.py:213]: Starting (proactor: <_IocpProactor overlapped#=0 result#=0>)...
2025-10-22 18:43:53,884 [DEBUG] [Dummy-13] [qasync._windows._EventWorker/_windows.py:192]: Thread started
2025-10-22 18:43:53,903 [INFO] [Dummy-10] [root/event_listener.py:125]: Komorebi connected to named pipe: yasb-f7f36e9e-afa0-11f0-a3e8-58cdc95b2622
2025-10-23 20:36:23,825 [INFO] [MainThread] [root/log.py:59]: Yasb v1.7.4
2025-10-23 20:36:23,826 [INFO] [Thread-1 (_run_server)] [cli_server/cli_server.py:212]: CLI server started v1.1.1
2025-10-23 20:36:23,826 [INFO] [MainThread] [cli_server/cli_server.py:104]: Log pipe server started
2025-10-23 20:36:23,827 [ERROR] [MainThread] [root/main.py:35]: Another instance of the YASB is already running.
2025-10-23 21:03:09,649 [INFO] [MainThread] [root/log.py:59]: Yasb v1.7.4
2025-10-23 21:03:09,650 [INFO] [Thread-1 (_run_server)] [cli_server/cli_server.py:212]: CLI server started v1.1.1
2025-10-23 21:03:09,650 [INFO] [MainThread] [cli_server/cli_server.py:104]: Log pipe server started
2025-10-23 21:03:10,824 [DEBUG] [MainThread] [comtypes/__init__.py:149]: CoInitializeEx(None, 2)
2025-10-23 21:03:11,178 [DEBUG] [MainThread] [tzlocal/win32.py:55]: Looking up time zone info from registry
2025-10-23 21:03:13,517 [INFO] [MainThread] [root/watcher.py:55]: Created file watcher for path C:\Users\tamil\.config\yasb
2025-10-23 21:03:13,517 [INFO] [Dummy-10] [root/event_listener.py:53]: Created named pipe yasb-99243f80-b07d-11f0-9285-58cdc95b2622
2025-10-23 21:03:13,583 [DEBUG] [MainThread] [qasync._windows._EventPoller/_windows.py:213]: Starting (proactor: <_IocpProactor overlapped#=0 result#=0>)...
2025-10-23 21:03:13,583 [DEBUG] [Dummy-13] [qasync._windows._EventWorker/_windows.py:192]: Thread started
2025-10-23 21:03:28,819 [INFO] [Dummy-10] [root/event_listener.py:125]: Komorebi connected to named pipe: yasb-99243f80-b07d-11f0-9285-58cdc95b2622
2025-10-23 21:03:29,553 [ERROR] [Dummy-10] [root/event_listener.py:89]: Komorebi has disconnected from the named pipe yasb-99243f80-b07d-11f0-9285-58cdc95b2622
Traceback (most recent call last):
  File "D:\a\yasb\yasb\src\core\utils\komorebi\event_listener.py", line 79, in run
  File "D:\a\yasb\yasb\src\core\utils\komorebi\event_listener.py", line 101, in _emit_event
  File "D:\a\yasb\yasb\src\core\event_service.py", line 28, in emit_event
TypeError: WorkspaceWidget.k_signal_update[dict, dict].emit(): argument 1 has unexpected type 'str'
2025-10-23 21:03:29,554 [INFO] [Dummy-10] [root/event_listener.py:94]: Attempting to reconnect to Komorebi...
2025-10-23 21:03:32,555 [INFO] [Dummy-10] [root/event_listener.py:53]: Created named pipe yasb-99243f80-b07d-11f0-9285-58cdc95b2622
2025-10-23 21:03:32,627 [INFO] [Dummy-10] [root/event_listener.py:125]: Komorebi connected to named pipe: yasb-99243f80-b07d-11f0-9285-58cdc95b2622
2025-10-24 19:59:19,349 [WARNING] [Dummy-10] [root/event_listener.py:84]: Pipe has been ended: (109, 'PeekNamedPipe', 'The pipe has been ended.')
2025-10-24 19:59:19,351 [INFO] [Dummy-10] [root/event_listener.py:94]: Attempting to reconnect to Komorebi...
2025-10-24 19:59:22,353 [INFO] [Dummy-10] [root/event_listener.py:53]: Created named pipe yasb-99243f80-b07d-11f0-9285-58cdc95b2622
2025-10-24 20:07:33,116 [INFO] [Dummy-10] [root/event_listener.py:125]: Komorebi connected to named pipe: yasb-99243f80-b07d-11f0-9285-58cdc95b2622
2025-10-24 20:07:35,143 [ERROR] [Dummy-10] [root/event_listener.py:89]: Komorebi has disconnected from the named pipe yasb-99243f80-b07d-11f0-9285-58cdc95b2622
Traceback (most recent call last):
  File "D:\a\yasb\yasb\src\core\utils\komorebi\event_listener.py", line 79, in run
  File "D:\a\yasb\yasb\src\core\utils\komorebi\event_listener.py", line 101, in _emit_event
  File "D:\a\yasb\yasb\src\core\event_service.py", line 28, in emit_event
TypeError: WorkspaceWidget.k_signal_update[dict, dict].emit(): argument 1 has unexpected type 'str'
2025-10-24 20:07:35,143 [INFO] [Dummy-10] [root/event_listener.py:94]: Attempting to reconnect to Komorebi...
2025-10-24 20:07:38,145 [INFO] [Dummy-10] [root/event_listener.py:53]: Created named pipe yasb-99243f80-b07d-11f0-9285-58cdc95b2622
2025-10-24 20:07:38,205 [INFO] [Dummy-10] [root/event_listener.py:125]: Komorebi connected to named pipe: yasb-99243f80-b07d-11f0-9285-58cdc95b2622
2025-10-24 20:12:30,146 [WARNING] [Dummy-10] [root/event_listener.py:84]: Pipe has been ended: (109, 'PeekNamedPipe', 'The pipe has been ended.')
2025-10-24 20:12:30,146 [INFO] [Dummy-10] [root/event_listener.py:94]: Attempting to reconnect to Komorebi...
2025-10-24 20:12:33,147 [INFO] [Dummy-10] [root/event_listener.py:53]: Created named pipe yasb-99243f80-b07d-11f0-9285-58cdc95b2622
2025-10-24 20:12:38,263 [INFO] [Dummy-10] [root/event_listener.py:125]: Komorebi connected to named pipe: yasb-99243f80-b07d-11f0-9285-58cdc95b2622
2025-10-25 11:53:32,463 [WARNING] [Dummy-10] [root/event_listener.py:84]: Pipe has been ended: (109, 'PeekNamedPipe', 'The pipe has been ended.')
2025-10-25 11:53:32,463 [INFO] [Dummy-10] [root/event_listener.py:94]: Attempting to reconnect to Komorebi...
2025-10-25 11:53:35,463 [INFO] [Dummy-10] [root/event_listener.py:53]: Created named pipe yasb-99243f80-b07d-11f0-9285-58cdc95b2622
2025-10-25 11:53:50,754 [INFO] [Dummy-10] [root/event_listener.py:125]: Komorebi connected to named pipe: yasb-99243f80-b07d-11f0-9285-58cdc95b2622
2025-10-25 11:53:51,272 [ERROR] [Dummy-10] [root/client.py:44]: Komorebi state query timed out in 0.5 seconds
2025-10-25 11:53:51,272 [ERROR] [Dummy-10] [root/event_listener.py:129]: Failed to retrieve komorebi state before starting event listener: None returned. Retrying in 1 second... Is komorebi online and its binaries added to $PATH?
2025-10-25 11:53:53,338 [ERROR] [Dummy-10] [root/event_listener.py:89]: Komorebi has disconnected from the named pipe yasb-99243f80-b07d-11f0-9285-58cdc95b2622
Traceback (most recent call last):
  File "D:\a\yasb\yasb\src\core\utils\komorebi\event_listener.py", line 79, in run
  File "D:\a\yasb\yasb\src\core\utils\komorebi\event_listener.py", line 101, in _emit_event
  File "D:\a\yasb\yasb\src\core\event_service.py", line 28, in emit_event
TypeError: WorkspaceWidget.k_signal_update[dict, dict].emit(): argument 1 has unexpected type 'str'
2025-10-25 11:53:53,346 [INFO] [Dummy-10] [root/event_listener.py:94]: Attempting to reconnect to Komorebi...
2025-10-25 11:53:56,347 [INFO] [Dummy-10] [root/event_listener.py:53]: Created named pipe yasb-99243f80-b07d-11f0-9285-58cdc95b2622
2025-10-25 11:53:56,400 [INFO] [Dummy-10] [root/event_listener.py:125]: Komorebi connected to named pipe: yasb-99243f80-b07d-11f0-9285-58cdc95b2622
2025-10-25 16:06:27,276 [INFO] [MainThread] [root/log.py:59]: Yasb v1.7.4
2025-10-25 16:06:27,276 [INFO] [Thread-1 (_run_server)] [cli_server/cli_server.py:212]: CLI server started v1.1.1
2025-10-25 16:06:27,283 [INFO] [MainThread] [cli_server/cli_server.py:104]: Log pipe server started
2025-10-25 16:06:28,252 [DEBUG] [MainThread] [comtypes/__init__.py:149]: CoInitializeEx(None, 2)
2025-10-25 16:06:28,536 [DEBUG] [MainThread] [tzlocal/win32.py:55]: Looking up time zone info from registry
2025-10-25 16:06:30,343 [INFO] [MainThread] [root/watcher.py:55]: Created file watcher for path C:\Users\tamil\.config\yasb
2025-10-25 16:06:30,343 [INFO] [Dummy-10] [root/event_listener.py:53]: Created named pipe yasb-7a72fc2b-b1e6-11f0-8bcf-58cdc95b2622
2025-10-25 16:06:30,407 [DEBUG] [MainThread] [qasync._windows._EventPoller/_windows.py:213]: Starting (proactor: <_IocpProactor overlapped#=0 result#=0>)...
2025-10-25 16:06:30,415 [DEBUG] [Dummy-13] [qasync._windows._EventWorker/_windows.py:192]: Thread started
2025-10-25 16:10:18,218 [INFO] [Dummy-10] [root/event_listener.py:125]: Komorebi connected to named pipe: yasb-7a72fc2b-b1e6-11f0-8bcf-58cdc95b2622
2025-10-25 19:52:03,572 [INFO] [MainThread] [root/controller.py:27]: Exiting Application from tray...
2025-10-25 19:52:03,708 [INFO] [MainThread] [cli_server/cli_server.py:112]: Log pipe server stopped
2025-10-25 19:52:03,711 [DEBUG] [MainThread] [cli_server/cli_server.py:206]: CLI server stopped
2025-10-25 19:52:03,719 [DEBUG] [MainThread] [qasync._windows._EventPoller/_windows.py:218]: Stopping worker thread...
2025-10-25 19:52:03,724 [DEBUG] [Dummy-13] [qasync._windows._EventWorker/_windows.py:201]: Exiting thread
2025-10-25 19:52:03,756 [DEBUG] [MainThread] [qasync._windows._IocpProactor/_windows.py:75]: Closing
2025-10-25 19:55:15,819 [INFO] [MainThread] [root/log.py:59]: Yasb v1.7.4
2025-10-25 19:55:15,819 [INFO] [Thread-1 (_run_server)] [cli_server/cli_server.py:212]: CLI server started v1.1.1
2025-10-25 19:55:15,834 [INFO] [MainThread] [cli_server/cli_server.py:104]: Log pipe server started
2025-10-25 19:55:16,960 [DEBUG] [MainThread] [comtypes/__init__.py:149]: CoInitializeEx(None, 2)
2025-10-25 19:55:17,308 [DEBUG] [MainThread] [tzlocal/win32.py:55]: Looking up time zone info from registry
2025-10-25 19:55:19,563 [INFO] [MainThread] [root/watcher.py:55]: Created file watcher for path C:\Users\tamil\.config\yasb
2025-10-25 19:55:19,563 [INFO] [Dummy-10] [root/event_listener.py:53]: Created named pipe yasb-71b3b04e-b206-11f0-8867-58cdc95b2622
2025-10-25 19:55:19,627 [DEBUG] [MainThread] [qasync._windows._EventPoller/_windows.py:213]: Starting (proactor: <_IocpProactor overlapped#=0 result#=0>)...
2025-10-25 19:55:19,627 [DEBUG] [Dummy-13] [qasync._windows._EventWorker/_windows.py:192]: Thread started
2025-10-25 19:55:29,783 [INFO] [Dummy-10] [root/event_listener.py:125]: Komorebi connected to named pipe: yasb-71b3b04e-b206-11f0-8867-58cdc95b2622
2025-10-25 19:55:32,134 [ERROR] [Dummy-10] [root/event_listener.py:89]: Komorebi has disconnected from the named pipe yasb-71b3b04e-b206-11f0-8867-58cdc95b2622
Traceback (most recent call last):
  File "D:\a\yasb\yasb\src\core\utils\komorebi\event_listener.py", line 79, in run
  File "D:\a\yasb\yasb\src\core\utils\komorebi\event_listener.py", line 101, in _emit_event
  File "D:\a\yasb\yasb\src\core\event_service.py", line 28, in emit_event
TypeError: WorkspaceWidget.k_signal_update[dict, dict].emit(): argument 1 has unexpected type 'str'
2025-10-25 19:55:32,134 [INFO] [Dummy-10] [root/event_listener.py:94]: Attempting to reconnect to Komorebi...
2025-10-25 19:55:35,135 [INFO] [Dummy-10] [root/event_listener.py:53]: Created named pipe yasb-71b3b04e-b206-11f0-8867-58cdc95b2622
2025-10-25 19:55:35,192 [INFO] [Dummy-10] [root/event_listener.py:125]: Komorebi connected to named pipe: yasb-71b3b04e-b206-11f0-8867-58cdc95b2622
2025-10-25 19:55:38,772 [INFO] [MainThread] [root/controller.py:27]: Exiting Application from tray...
2025-10-25 19:55:38,882 [INFO] [MainThread] [cli_server/cli_server.py:112]: Log pipe server stopped
2025-10-25 19:55:38,882 [DEBUG] [MainThread] [cli_server/cli_server.py:206]: CLI server stopped
2025-10-25 19:55:38,882 [DEBUG] [MainThread] [qasync._windows._EventPoller/_windows.py:218]: Stopping worker thread...
2025-10-25 19:55:38,898 [DEBUG] [Dummy-13] [qasync._windows._EventWorker/_windows.py:201]: Exiting thread
2025-10-25 19:55:38,898 [DEBUG] [MainThread] [qasync._windows._IocpProactor/_windows.py:75]: Closing
2025-10-25 20:44:54,198 [INFO] [MainThread] [root/log.py:59]: Yasb v1.7.4
2025-10-25 20:44:54,200 [INFO] [Thread-1 (_run_server)] [cli_server/cli_server.py:212]: CLI server started v1.1.1
2025-10-25 20:44:54,200 [INFO] [MainThread] [cli_server/cli_server.py:104]: Log pipe server started
2025-10-25 20:44:54,953 [DEBUG] [MainThread] [comtypes/__init__.py:149]: CoInitializeEx(None, 2)
2025-10-25 20:44:55,361 [DEBUG] [MainThread] [tzlocal/win32.py:55]: Looking up time zone info from registry
2025-10-25 20:44:58,669 [INFO] [MainThread] [root/watcher.py:55]: Created file watcher for path C:\Users\tamil\.config\yasb
2025-10-25 20:44:58,669 [INFO] [Dummy-10] [root/event_listener.py:53]: Created named pipe yasb-616328cc-b20d-11f0-96d8-58cdc95b2622
2025-10-25 20:44:58,733 [DEBUG] [MainThread] [qasync._windows._EventPoller/_windows.py:213]: Starting (proactor: <_IocpProactor overlapped#=0 result#=0>)...
2025-10-25 20:44:58,734 [DEBUG] [Dummy-13] [qasync._windows._EventWorker/_windows.py:192]: Thread started
2025-10-25 20:44:58,753 [INFO] [Dummy-10] [root/event_listener.py:125]: Komorebi connected to named pipe: yasb-616328cc-b20d-11f0-96d8-58cdc95b2622
2025-10-26 12:21:10,708 [INFO] [MainThread] [root/controller.py:27]: Exiting Application from tray...
2025-10-26 12:21:10,828 [INFO] [MainThread] [cli_server/cli_server.py:112]: Log pipe server stopped
2025-10-26 12:21:10,828 [DEBUG] [MainThread] [cli_server/cli_server.py:206]: CLI server stopped
2025-10-26 12:21:10,831 [DEBUG] [MainThread] [qasync._windows._EventPoller/_windows.py:218]: Stopping worker thread...
2025-10-26 12:21:10,843 [DEBUG] [Dummy-13] [qasync._windows._EventWorker/_windows.py:201]: Exiting thread
2025-10-26 12:21:10,873 [DEBUG] [MainThread] [qasync._windows._IocpProactor/_windows.py:75]: Closing
2025-10-26 13:40:31,141 [INFO] [MainThread] [root/log.py:59]: Yasb v1.7.4
2025-10-26 13:40:31,141 [INFO] [Thread-1 (_run_server)] [cli_server/cli_server.py:212]: CLI server started v1.1.1
2025-10-26 13:40:31,141 [INFO] [MainThread] [cli_server/cli_server.py:104]: Log pipe server started
2025-10-26 13:40:31,949 [DEBUG] [MainThread] [comtypes/__init__.py:149]: CoInitializeEx(None, 2)
2025-10-26 13:40:32,349 [DEBUG] [MainThread] [tzlocal/win32.py:55]: Looking up time zone info from registry
2025-10-26 13:40:35,097 [INFO] [MainThread] [root/watcher.py:55]: Created file watcher for path C:\Users\tamil\.config\yasb
2025-10-26 13:40:35,097 [INFO] [Dummy-10] [root/event_listener.py:53]: Created named pipe yasb-42542e85-b29b-11f0-8a21-58cdc95b2622
2025-10-26 13:40:35,181 [DEBUG] [MainThread] [qasync._windows._EventPoller/_windows.py:213]: Starting (proactor: <_IocpProactor overlapped#=0 result#=0>)...
2025-10-26 13:40:35,183 [DEBUG] [Dummy-13] [qasync._windows._EventWorker/_windows.py:192]: Thread started
2025-10-26 13:40:35,233 [INFO] [Dummy-10] [root/event_listener.py:125]: Komorebi connected to named pipe: yasb-42542e85-b29b-11f0-8a21-58cdc95b2622
2025-10-26 15:36:58,811 [ERROR] [Dummy-10] [root/event_listener.py:89]: Komorebi has disconnected from the named pipe yasb-42542e85-b29b-11f0-8a21-58cdc95b2622
Traceback (most recent call last):
  File "D:\a\yasb\yasb\src\core\utils\komorebi\event_listener.py", line 79, in run
  File "D:\a\yasb\yasb\src\core\utils\komorebi\event_listener.py", line 101, in _emit_event
  File "D:\a\yasb\yasb\src\core\event_service.py", line 28, in emit_event
TypeError: WorkspaceWidget.k_signal_update[dict, dict].emit(): argument 1 has unexpected type 'str'
2025-10-26 15:36:58,815 [INFO] [Dummy-10] [root/event_listener.py:94]: Attempting to reconnect to Komorebi...
2025-10-26 15:37:01,817 [INFO] [Dummy-10] [root/event_listener.py:53]: Created named pipe yasb-42542e85-b29b-11f0-8a21-58cdc95b2622
2025-10-26 20:56:30,976 [INFO] [MainThread] [root/controller.py:27]: Exiting Application from tray...
2025-10-26 20:56:31,091 [INFO] [MainThread] [cli_server/cli_server.py:112]: Log pipe server stopped
2025-10-26 20:56:31,091 [DEBUG] [MainThread] [cli_server/cli_server.py:206]: CLI server stopped
2025-10-26 20:56:31,098 [DEBUG] [MainThread] [qasync._windows._EventPoller/_windows.py:218]: Stopping worker thread...
2025-10-26 20:56:31,107 [DEBUG] [Dummy-13] [qasync._windows._EventWorker/_windows.py:201]: Exiting thread
2025-10-26 20:56:31,110 [DEBUG] [MainThread] [qasync._windows._IocpProactor/_windows.py:75]: Closing
2025-10-26 20:56:35,303 [INFO] [MainThread] [root/log.py:59]: Yasb v1.7.4
2025-10-26 20:56:35,303 [INFO] [Thread-1 (_run_server)] [cli_server/cli_server.py:212]: CLI server started v1.1.1
2025-10-26 20:56:35,303 [INFO] [MainThread] [cli_server/cli_server.py:104]: Log pipe server started
2025-10-26 20:56:35,825 [DEBUG] [MainThread] [comtypes/__init__.py:149]: CoInitializeEx(None, 2)
2025-10-26 20:56:36,064 [DEBUG] [MainThread] [tzlocal/win32.py:55]: Looking up time zone info from registry
2025-10-26 20:56:37,662 [INFO] [MainThread] [root/watcher.py:55]: Created file watcher for path C:\Users\tamil\.config\yasb
2025-10-26 20:56:37,666 [INFO] [Dummy-10] [root/event_listener.py:53]: Created named pipe yasb-2c6ecfd4-b2d8-11f0-a49c-58cdc95b2622
2025-10-26 20:56:37,715 [DEBUG] [MainThread] [qasync._windows._EventPoller/_windows.py:213]: Starting (proactor: <_IocpProactor overlapped#=0 result#=0>)...
2025-10-26 20:56:37,716 [DEBUG] [Dummy-13] [qasync._windows._EventWorker/_windows.py:192]: Thread started
2025-10-26 20:56:37,742 [INFO] [Dummy-10] [root/event_listener.py:125]: Komorebi connected to named pipe: yasb-2c6ecfd4-b2d8-11f0-a49c-58cdc95b2622
2025-10-27 16:38:36,608 [ERROR] [Dummy-10] [root/event_listener.py:89]: Komorebi has disconnected from the named pipe yasb-2c6ecfd4-b2d8-11f0-a49c-58cdc95b2622
Traceback (most recent call last):
  File "D:\a\yasb\yasb\src\core\utils\komorebi\event_listener.py", line 79, in run
  File "D:\a\yasb\yasb\src\core\utils\komorebi\event_listener.py", line 101, in _emit_event
  File "D:\a\yasb\yasb\src\core\event_service.py", line 28, in emit_event
TypeError: WorkspaceWidget.k_signal_update[dict, dict].emit(): argument 1 has unexpected type 'str'
2025-10-27 16:38:36,614 [INFO] [Dummy-10] [root/event_listener.py:94]: Attempting to reconnect to Komorebi...
2025-10-27 16:38:39,617 [INFO] [Dummy-10] [root/event_listener.py:53]: Created named pipe yasb-2c6ecfd4-b2d8-11f0-a49c-58cdc95b2622
2025-10-27 16:38:39,736 [INFO] [Dummy-10] [root/event_listener.py:125]: Komorebi connected to named pipe: yasb-2c6ecfd4-b2d8-11f0-a49c-58cdc95b2622
2025-10-27 16:38:39,804 [ERROR] [Dummy-10] [root/event_listener.py:89]: Komorebi has disconnected from the named pipe yasb-2c6ecfd4-b2d8-11f0-a49c-58cdc95b2622
Traceback (most recent call last):
  File "D:\a\yasb\yasb\src\core\utils\komorebi\event_listener.py", line 79, in run
  File "D:\a\yasb\yasb\src\core\utils\komorebi\event_listener.py", line 101, in _emit_event
  File "D:\a\yasb\yasb\src\core\event_service.py", line 28, in emit_event
TypeError: WorkspaceWidget.k_signal_update[dict, dict].emit(): argument 1 has unexpected type 'str'
2025-10-27 16:38:39,805 [INFO] [Dummy-10] [root/event_listener.py:94]: Attempting to reconnect to Komorebi...
2025-10-27 16:38:42,806 [INFO] [Dummy-10] [root/event_listener.py:53]: Created named pipe yasb-2c6ecfd4-b2d8-11f0-a49c-58cdc95b2622
2025-10-27 16:38:42,879 [INFO] [Dummy-10] [root/event_listener.py:125]: Komorebi connected to named pipe: yasb-2c6ecfd4-b2d8-11f0-a49c-58cdc95b2622
2025-10-27 16:39:02,453 [ERROR] [Dummy-10] [root/event_listener.py:89]: Komorebi has disconnected from the named pipe yasb-2c6ecfd4-b2d8-11f0-a49c-58cdc95b2622
Traceback (most recent call last):
  File "D:\a\yasb\yasb\src\core\utils\komorebi\event_listener.py", line 79, in run
  File "D:\a\yasb\yasb\src\core\utils\komorebi\event_listener.py", line 101, in _emit_event
  File "D:\a\yasb\yasb\src\core\event_service.py", line 28, in emit_event
TypeError: WorkspaceWidget.k_signal_update[dict, dict].emit(): argument 1 has unexpected type 'str'
2025-10-27 16:39:02,453 [INFO] [Dummy-10] [root/event_listener.py:94]: Attempting to reconnect to Komorebi...
2025-10-27 16:39:05,455 [INFO] [Dummy-10] [root/event_listener.py:53]: Created named pipe yasb-2c6ecfd4-b2d8-11f0-a49c-58cdc95b2622
2025-10-27 17:14:08,498 [INFO] [MainThread] [root/controller.py:12]: Reloading Application from tray...
2025-10-27 17:14:08,609 [INFO] [MainThread] [cli_server/cli_server.py:112]: Log pipe server stopped
2025-10-27 17:14:08,609 [DEBUG] [MainThread] [cli_server/cli_server.py:206]: CLI server stopped
2025-10-27 17:14:08,636 [DEBUG] [MainThread] [qasync._windows._EventPoller/_windows.py:218]: Stopping worker thread...
2025-10-27 17:14:08,641 [DEBUG] [Dummy-13] [qasync._windows._EventWorker/_windows.py:201]: Exiting thread
2025-10-27 17:14:08,645 [DEBUG] [MainThread] [qasync._windows._IocpProactor/_windows.py:75]: Closing
2025-10-27 17:14:09,691 [INFO] [MainThread] [root/log.py:59]: Yasb v1.7.4
2025-10-27 17:14:09,693 [INFO] [Thread-1 (_run_server)] [cli_server/cli_server.py:212]: CLI server started v1.1.1
2025-10-27 17:14:09,693 [INFO] [MainThread] [cli_server/cli_server.py:104]: Log pipe server started
2025-10-27 17:14:10,195 [DEBUG] [MainThread] [comtypes/__init__.py:149]: CoInitializeEx(None, 2)
2025-10-27 17:14:10,441 [DEBUG] [MainThread] [tzlocal/win32.py:55]: Looking up time zone info from registry
2025-10-27 17:14:11,970 [INFO] [MainThread] [root/watcher.py:55]: Created file watcher for path C:\Users\tamil\.config\yasb
2025-10-27 17:14:11,970 [INFO] [Dummy-10] [root/event_listener.py:53]: Created named pipe yasb-4431a204-b382-11f0-9ba4-58cdc95b2622
2025-10-27 17:14:12,022 [DEBUG] [MainThread] [qasync._windows._EventPoller/_windows.py:213]: Starting (proactor: <_IocpProactor overlapped#=0 result#=0>)...
2025-10-27 17:14:12,023 [DEBUG] [Dummy-13] [qasync._windows._EventWorker/_windows.py:192]: Thread started
2025-10-27 17:14:12,041 [INFO] [Dummy-10] [root/event_listener.py:125]: Komorebi connected to named pipe: yasb-4431a204-b382-11f0-9ba4-58cdc95b2622
2025-10-27 20:34:53,118 [ERROR] [Dummy-10] [root/event_listener.py:89]: Komorebi has disconnected from the named pipe yasb-4431a204-b382-11f0-9ba4-58cdc95b2622
Traceback (most recent call last):
  File "D:\a\yasb\yasb\src\core\utils\komorebi\event_listener.py", line 79, in run
  File "D:\a\yasb\yasb\src\core\utils\komorebi\event_listener.py", line 101, in _emit_event
  File "D:\a\yasb\yasb\src\core\event_service.py", line 28, in emit_event
TypeError: WorkspaceWidget.k_signal_update[dict, dict].emit(): argument 1 has unexpected type 'str'
2025-10-27 20:34:53,119 [INFO] [Dummy-10] [root/event_listener.py:94]: Attempting to reconnect to Komorebi...
2025-10-27 20:34:56,121 [INFO] [Dummy-10] [root/event_listener.py:53]: Created named pipe yasb-4431a204-b382-11f0-9ba4-58cdc95b2622
2025-10-27 20:34:56,216 [INFO] [Dummy-10] [root/event_listener.py:125]: Komorebi connected to named pipe: yasb-4431a204-b382-11f0-9ba4-58cdc95b2622
2025-10-27 20:34:57,549 [ERROR] [Dummy-10] [root/event_listener.py:89]: Komorebi has disconnected from the named pipe yasb-4431a204-b382-11f0-9ba4-58cdc95b2622
Traceback (most recent call last):
  File "D:\a\yasb\yasb\src\core\utils\komorebi\event_listener.py", line 79, in run
  File "D:\a\yasb\yasb\src\core\utils\komorebi\event_listener.py", line 101, in _emit_event
  File "D:\a\yasb\yasb\src\core\event_service.py", line 28, in emit_event
TypeError: WorkspaceWidget.k_signal_update[dict, dict].emit(): argument 1 has unexpected type 'str'
2025-10-27 20:34:57,549 [INFO] [Dummy-10] [root/event_listener.py:94]: Attempting to reconnect to Komorebi...
2025-10-27 20:35:00,551 [INFO] [Dummy-10] [root/event_listener.py:53]: Created named pipe yasb-4431a204-b382-11f0-9ba4-58cdc95b2622
2025-10-30 18:46:24,285 [INFO] [MainThread] [root/controller.py:12]: Reloading Application from tray...
2025-10-30 18:46:24,402 [INFO] [MainThread] [cli_server/cli_server.py:112]: Log pipe server stopped
2025-10-30 18:46:24,402 [DEBUG] [MainThread] [cli_server/cli_server.py:206]: CLI server stopped
2025-10-30 18:46:24,442 [DEBUG] [MainThread] [qasync._windows._EventPoller/_windows.py:218]: Stopping worker thread...
2025-10-30 18:46:24,465 [DEBUG] [Dummy-13] [qasync._windows._EventWorker/_windows.py:201]: Exiting thread
2025-10-30 18:46:24,467 [DEBUG] [MainThread] [qasync._windows._IocpProactor/_windows.py:75]: Closing
2025-10-30 18:46:25,537 [INFO] [MainThread] [root/log.py:59]: Yasb v1.7.4
2025-10-30 18:46:25,537 [INFO] [Thread-1 (_run_server)] [cli_server/cli_server.py:212]: CLI server started v1.1.1
2025-10-30 18:46:25,539 [INFO] [MainThread] [cli_server/cli_server.py:104]: Log pipe server started
2025-10-30 18:46:26,106 [DEBUG] [MainThread] [comtypes/__init__.py:149]: CoInitializeEx(None, 2)
2025-10-30 18:46:26,370 [DEBUG] [MainThread] [tzlocal/win32.py:55]: Looking up time zone info from registry
2025-10-30 18:46:27,980 [INFO] [MainThread] [root/watcher.py:55]: Created file watcher for path C:\Users\tamil\.config\yasb
2025-10-30 18:46:27,980 [INFO] [Dummy-7] [root/event_listener.py:53]: Created named pipe yasb-a726f44c-b5ea-11f0-9105-58cdc95b2622
2025-10-30 18:46:28,035 [DEBUG] [MainThread] [qasync._windows._EventPoller/_windows.py:213]: Starting (proactor: <_IocpProactor overlapped#=0 result#=0>)...
2025-10-30 18:46:28,037 [DEBUG] [Dummy-10] [qasync._windows._EventWorker/_windows.py:192]: Thread started
2025-10-30 18:46:28,059 [INFO] [Dummy-7] [root/event_listener.py:125]: Komorebi connected to named pipe: yasb-a726f44c-b5ea-11f0-9105-58cdc95b2622
2025-11-01 13:37:12,646 [WARNING] [Dummy-7] [root/event_listener.py:84]: Pipe has been ended: (109, 'PeekNamedPipe', 'The pipe has been ended.')
2025-11-01 13:37:12,648 [INFO] [Dummy-7] [root/event_listener.py:94]: Attempting to reconnect to Komorebi...
2025-11-01 13:38:48,159 [INFO] [MainThread] [root/log.py:59]: Yasb v1.7.4
2025-11-01 13:38:48,159 [INFO] [Thread-1 (_run_server)] [cli_server/cli_server.py:212]: CLI server started v1.1.1
2025-11-01 13:38:48,159 [INFO] [MainThread] [cli_server/cli_server.py:104]: Log pipe server started
2025-11-01 13:38:49,375 [DEBUG] [MainThread] [comtypes/__init__.py:149]: CoInitializeEx(None, 2)
2025-11-01 13:38:49,790 [DEBUG] [MainThread] [tzlocal/win32.py:55]: Looking up time zone info from registry
2025-11-01 13:38:51,709 [INFO] [MainThread] [root/watcher.py:55]: Created file watcher for path C:\Users\tamil\.config\yasb
2025-11-01 13:38:51,710 [INFO] [Dummy-7] [root/event_listener.py:53]: Created named pipe yasb-032eee8c-b752-11f0-a6d8-58cdc95b2622
2025-11-01 13:38:51,767 [DEBUG] [MainThread] [qasync._windows._EventPoller/_windows.py:213]: Starting (proactor: <_IocpProactor overlapped#=0 result#=0>)...
2025-11-01 13:38:51,768 [DEBUG] [Dummy-10] [qasync._windows._EventWorker/_windows.py:192]: Thread started
2025-11-01 13:39:47,554 [INFO] [Dummy-7] [root/event_listener.py:125]: Komorebi connected to named pipe: yasb-032eee8c-b752-11f0-a6d8-58cdc95b2622
2025-11-01 13:39:49,110 [ERROR] [Dummy-7] [root/event_listener.py:89]: Komorebi has disconnected from the named pipe yasb-032eee8c-b752-11f0-a6d8-58cdc95b2622
Traceback (most recent call last):
  File "D:\a\yasb\yasb\src\core\utils\komorebi\event_listener.py", line 79, in run
  File "D:\a\yasb\yasb\src\core\utils\komorebi\event_listener.py", line 101, in _emit_event
  File "D:\a\yasb\yasb\src\core\event_service.py", line 28, in emit_event
TypeError: WorkspaceWidget.k_signal_update[dict, dict].emit(): argument 1 has unexpected type 'str'
2025-11-01 13:39:49,110 [INFO] [Dummy-7] [root/event_listener.py:94]: Attempting to reconnect to Komorebi...
2025-11-01 13:39:52,111 [INFO] [Dummy-7] [root/event_listener.py:53]: Created named pipe yasb-032eee8c-b752-11f0-a6d8-58cdc95b2622
2025-11-01 13:39:52,180 [INFO] [Dummy-7] [root/event_listener.py:125]: Komorebi connected to named pipe: yasb-032eee8c-b752-11f0-a6d8-58cdc95b2622
2025-11-03 11:46:54,655 [ERROR] [Dummy-7] [root/event_listener.py:89]: Komorebi has disconnected from the named pipe yasb-032eee8c-b752-11f0-a6d8-58cdc95b2622
Traceback (most recent call last):
  File "D:\a\yasb\yasb\src\core\utils\komorebi\event_listener.py", line 79, in run
  File "D:\a\yasb\yasb\src\core\utils\komorebi\event_listener.py", line 101, in _emit_event
  File "D:\a\yasb\yasb\src\core\event_service.py", line 28, in emit_event
TypeError: WorkspaceWidget.k_signal_update[dict, dict].emit(): argument 1 has unexpected type 'str'
2025-11-03 11:46:54,657 [INFO] [Dummy-7] [root/event_listener.py:94]: Attempting to reconnect to Komorebi...
2025-11-03 11:46:57,661 [INFO] [Dummy-7] [root/event_listener.py:53]: Created named pipe yasb-032eee8c-b752-11f0-a6d8-58cdc95b2622
2025-11-03 11:46:57,735 [INFO] [Dummy-7] [root/event_listener.py:125]: Komorebi connected to named pipe: yasb-032eee8c-b752-11f0-a6d8-58cdc95b2622
2025-11-03 11:47:03,858 [WARNING] [Dummy-7] [root/event_listener.py:84]: Pipe has been ended: (109, 'PeekNamedPipe', 'The pipe has been ended.')
2025-11-03 11:47:03,858 [INFO] [Dummy-7] [root/event_listener.py:94]: Attempting to reconnect to Komorebi...
2025-11-03 11:47:06,861 [INFO] [Dummy-7] [root/event_listener.py:53]: Created named pipe yasb-032eee8c-b752-11f0-a6d8-58cdc95b2622
2025-11-04 06:31:55,234 [INFO] [MainThread] [root/log.py:59]: Yasb v1.7.4
2025-11-04 06:31:55,234 [INFO] [Thread-1 (_run_server)] [cli_server/cli_server.py:212]: CLI server started v1.1.1
2025-11-04 06:31:55,234 [INFO] [MainThread] [cli_server/cli_server.py:104]: Log pipe server started
2025-11-04 06:31:56,231 [DEBUG] [MainThread] [comtypes/__init__.py:149]: CoInitializeEx(None, 2)
2025-11-04 06:31:56,592 [DEBUG] [MainThread] [tzlocal/win32.py:55]: Looking up time zone info from registry
2025-11-04 06:31:58,801 [INFO] [MainThread] [root/watcher.py:55]: Created file watcher for path C:\Users\tamil\.config\yasb
2025-11-04 06:31:58,801 [INFO] [Dummy-10] [root/event_listener.py:53]: Created named pipe yasb-41b4f0ae-b97a-11f0-a18b-58cdc95b2622
2025-11-04 06:31:58,856 [DEBUG] [MainThread] [qasync._windows._EventPoller/_windows.py:213]: Starting (proactor: <_IocpProactor overlapped#=0 result#=0>)...
2025-11-04 06:31:58,856 [DEBUG] [Dummy-13] [qasync._windows._EventWorker/_windows.py:192]: Thread started
2025-11-04 17:53:30,190 [INFO] [Dummy-10] [root/event_listener.py:125]: Komorebi connected to named pipe: yasb-41b4f0ae-b97a-11f0-a18b-58cdc95b2622
2025-11-04 17:53:31,421 [ERROR] [Dummy-10] [root/event_listener.py:89]: Komorebi has disconnected from the named pipe yasb-41b4f0ae-b97a-11f0-a18b-58cdc95b2622
Traceback (most recent call last):
  File "D:\a\yasb\yasb\src\core\utils\komorebi\event_listener.py", line 79, in run
  File "D:\a\yasb\yasb\src\core\utils\komorebi\event_listener.py", line 101, in _emit_event
  File "D:\a\yasb\yasb\src\core\event_service.py", line 28, in emit_event
TypeError: WorkspaceWidget.k_signal_update[dict, dict].emit(): argument 1 has unexpected type 'str'
2025-11-04 17:53:31,421 [INFO] [Dummy-10] [root/event_listener.py:94]: Attempting to reconnect to Komorebi...
2025-11-04 17:53:34,422 [INFO] [Dummy-10] [root/event_listener.py:53]: Created named pipe yasb-41b4f0ae-b97a-11f0-a18b-58cdc95b2622
2025-11-04 17:53:34,501 [INFO] [Dummy-10] [root/event_listener.py:125]: Komorebi connected to named pipe: yasb-41b4f0ae-b97a-11f0-a18b-58cdc95b2622
2025-11-08 13:09:09,660 [WARNING] [Dummy-10] [root/event_listener.py:84]: Pipe has been ended: (109, 'PeekNamedPipe', 'The pipe has been ended.')
2025-11-08 13:09:09,663 [INFO] [Dummy-10] [root/event_listener.py:94]: Attempting to reconnect to Komorebi...
2025-11-08 13:09:12,663 [INFO] [Dummy-10] [root/event_listener.py:53]: Created named pipe yasb-41b4f0ae-b97a-11f0-a18b-58cdc95b2622
2025-11-08 13:09:22,881 [INFO] [Dummy-10] [root/event_listener.py:125]: Komorebi connected to named pipe: yasb-41b4f0ae-b97a-11f0-a18b-58cdc95b2622
2025-11-08 13:09:25,873 [ERROR] [Dummy-10] [root/event_listener.py:89]: Komorebi has disconnected from the named pipe yasb-41b4f0ae-b97a-11f0-a18b-58cdc95b2622
Traceback (most recent call last):
  File "D:\a\yasb\yasb\src\core\utils\komorebi\event_listener.py", line 79, in run
  File "D:\a\yasb\yasb\src\core\utils\komorebi\event_listener.py", line 101, in _emit_event
  File "D:\a\yasb\yasb\src\core\event_service.py", line 28, in emit_event
TypeError: WorkspaceWidget.k_signal_update[dict, dict].emit(): argument 1 has unexpected type 'str'
2025-11-08 13:09:25,875 [INFO] [Dummy-10] [root/event_listener.py:94]: Attempting to reconnect to Komorebi...
2025-11-08 13:09:28,877 [INFO] [Dummy-10] [root/event_listener.py:53]: Created named pipe yasb-41b4f0ae-b97a-11f0-a18b-58cdc95b2622
2025-11-08 13:09:28,936 [INFO] [Dummy-10] [root/event_listener.py:125]: Komorebi connected to named pipe: yasb-41b4f0ae-b97a-11f0-a18b-58cdc95b2622
2025-11-08 13:09:44,286 [WARNING] [Dummy-10] [root/event_listener.py:84]: Pipe has been ended: (109, 'PeekNamedPipe', 'The pipe has been ended.')
2025-11-08 13:09:44,286 [INFO] [Dummy-10] [root/event_listener.py:94]: Attempting to reconnect to Komorebi...
2025-11-08 13:09:47,287 [INFO] [Dummy-10] [root/event_listener.py:53]: Created named pipe yasb-41b4f0ae-b97a-11f0-a18b-58cdc95b2622
2025-11-08 13:09:57,481 [INFO] [Dummy-10] [root/event_listener.py:125]: Komorebi connected to named pipe: yasb-41b4f0ae-b97a-11f0-a18b-58cdc95b2622
2025-11-08 13:10:41,203 [WARNING] [Dummy-10] [root/event_listener.py:84]: Pipe has been ended: (109, 'PeekNamedPipe', 'The pipe has been ended.')
2025-11-08 13:10:41,203 [INFO] [Dummy-10] [root/event_listener.py:94]: Attempting to reconnect to Komorebi...
2025-11-08 13:10:44,206 [INFO] [Dummy-10] [root/event_listener.py:53]: Created named pipe yasb-41b4f0ae-b97a-11f0-a18b-58cdc95b2622
2025-11-08 13:10:49,327 [INFO] [Dummy-10] [root/event_listener.py:125]: Komorebi connected to named pipe: yasb-41b4f0ae-b97a-11f0-a18b-58cdc95b2622
2025-11-08 13:10:52,211 [ERROR] [Dummy-10] [root/event_listener.py:89]: Komorebi has disconnected from the named pipe yasb-41b4f0ae-b97a-11f0-a18b-58cdc95b2622
Traceback (most recent call last):
  File "D:\a\yasb\yasb\src\core\utils\komorebi\event_listener.py", line 79, in run
  File "D:\a\yasb\yasb\src\core\utils\komorebi\event_listener.py", line 101, in _emit_event
  File "D:\a\yasb\yasb\src\core\event_service.py", line 28, in emit_event
TypeError: WorkspaceWidget.k_signal_update[dict, dict].emit(): argument 1 has unexpected type 'str'
2025-11-08 13:10:52,211 [INFO] [Dummy-10] [root/event_listener.py:94]: Attempting to reconnect to Komorebi...
2025-11-08 13:10:55,213 [INFO] [Dummy-10] [root/event_listener.py:53]: Created named pipe yasb-41b4f0ae-b97a-11f0-a18b-58cdc95b2622
2025-11-08 13:10:55,273 [INFO] [Dummy-10] [root/event_listener.py:125]: Komorebi connected to named pipe: yasb-41b4f0ae-b97a-11f0-a18b-58cdc95b2622
2025-11-08 20:31:02,786 [INFO] [MainThread] [root/log.py:59]: Yasb v1.7.4
2025-11-08 20:31:02,786 [INFO] [Thread-1 (_run_server)] [cli_server/cli_server.py:212]: CLI server started v1.1.1
2025-11-08 20:31:02,786 [INFO] [MainThread] [cli_server/cli_server.py:104]: Log pipe server started
2025-11-08 20:31:03,804 [DEBUG] [MainThread] [comtypes/__init__.py:149]: CoInitializeEx(None, 2)
2025-11-08 20:31:04,131 [DEBUG] [MainThread] [tzlocal/win32.py:55]: Looking up time zone info from registry
2025-11-08 20:31:06,330 [INFO] [MainThread] [root/watcher.py:55]: Created file watcher for path C:\Users\tamil\.config\yasb
2025-11-08 20:31:06,330 [INFO] [Dummy-10] [root/event_listener.py:53]: Created named pipe yasb-24d34cec-bd14-11f0-b332-58cdc95b2622
2025-11-08 20:31:06,388 [DEBUG] [MainThread] [qasync._windows._EventPoller/_windows.py:213]: Starting (proactor: <_IocpProactor overlapped#=0 result#=0>)...
2025-11-08 20:31:06,391 [DEBUG] [Dummy-13] [qasync._windows._EventWorker/_windows.py:192]: Thread started
2025-11-08 20:58:31,971 [INFO] [MainThread] [root/controller.py:12]: Reloading Application from tray...
2025-11-08 20:58:32,087 [INFO] [MainThread] [cli_server/cli_server.py:112]: Log pipe server stopped
2025-11-08 20:58:32,087 [DEBUG] [MainThread] [cli_server/cli_server.py:206]: CLI server stopped
2025-11-08 20:58:32,095 [DEBUG] [MainThread] [qasync._windows._EventPoller/_windows.py:218]: Stopping worker thread...
2025-11-08 20:58:32,103 [DEBUG] [Dummy-13] [qasync._windows._EventWorker/_windows.py:201]: Exiting thread
2025-11-08 20:58:32,104 [DEBUG] [MainThread] [qasync._windows._IocpProactor/_windows.py:75]: Closing
2025-11-08 20:58:33,273 [INFO] [MainThread] [root/log.py:59]: Yasb v1.7.4
2025-11-08 20:58:33,273 [INFO] [Thread-1 (_run_server)] [cli_server/cli_server.py:212]: CLI server started v1.1.1
2025-11-08 20:58:33,274 [INFO] [MainThread] [cli_server/cli_server.py:104]: Log pipe server started
2025-11-08 20:58:33,780 [DEBUG] [MainThread] [comtypes/__init__.py:149]: CoInitializeEx(None, 2)
2025-11-08 20:58:34,043 [DEBUG] [MainThread] [tzlocal/win32.py:55]: Looking up time zone info from registry
2025-11-08 20:58:35,589 [INFO] [MainThread] [root/watcher.py:55]: Created file watcher for path C:\Users\tamil\.config\yasb
2025-11-08 20:58:35,590 [INFO] [Dummy-10] [root/event_listener.py:53]: Created named pipe yasb-fbdc3d7b-bd17-11f0-8bf4-58cdc95b2622
2025-11-08 20:58:35,637 [DEBUG] [MainThread] [qasync._windows._EventPoller/_windows.py:213]: Starting (proactor: <_IocpProactor overlapped#=0 result#=0>)...
2025-11-08 20:58:35,638 [DEBUG] [Dummy-13] [qasync._windows._EventWorker/_windows.py:192]: Thread started
2025-11-08 20:58:35,664 [INFO] [Dummy-10] [root/event_listener.py:125]: Komorebi connected to named pipe: yasb-fbdc3d7b-bd17-11f0-8bf4-58cdc95b2622
2025-11-09 18:50:03,208 [INFO] [MainThread] [root/log.py:59]: Yasb v1.7.4
2025-11-09 18:50:03,212 [INFO] [Thread-1 (_run_server)] [cli_server/cli_server.py:212]: CLI server started v1.1.1
2025-11-09 18:50:03,212 [INFO] [MainThread] [cli_server/cli_server.py:104]: Log pipe server started
2025-11-09 18:50:04,301 [DEBUG] [MainThread] [comtypes/__init__.py:149]: CoInitializeEx(None, 2)
2025-11-09 18:50:04,633 [DEBUG] [MainThread] [tzlocal/win32.py:55]: Looking up time zone info from registry
2025-11-09 18:50:06,627 [INFO] [MainThread] [root/watcher.py:55]: Created file watcher for path C:\Users\tamil\.config\yasb
2025-11-09 18:50:06,627 [INFO] [Dummy-9] [root/event_listener.py:53]: Created named pipe yasb-335fc0e6-bdcf-11f0-a69a-58cdc95b2622
2025-11-09 18:50:06,691 [DEBUG] [MainThread] [qasync._windows._EventPoller/_windows.py:213]: Starting (proactor: <_IocpProactor overlapped#=0 result#=0>)...
2025-11-09 18:50:06,691 [DEBUG] [Dummy-12] [qasync._windows._EventWorker/_windows.py:192]: Thread started
2025-11-09 18:50:37,124 [INFO] [Dummy-9] [root/event_listener.py:125]: Komorebi connected to named pipe: yasb-335fc0e6-bdcf-11f0-a69a-58cdc95b2622
2025-11-09 18:50:40,862 [ERROR] [Dummy-9] [root/event_listener.py:89]: Komorebi has disconnected from the named pipe yasb-335fc0e6-bdcf-11f0-a69a-58cdc95b2622
Traceback (most recent call last):
  File "D:\a\yasb\yasb\src\core\utils\komorebi\event_listener.py", line 79, in run
  File "D:\a\yasb\yasb\src\core\utils\komorebi\event_listener.py", line 101, in _emit_event
  File "D:\a\yasb\yasb\src\core\event_service.py", line 28, in emit_event
TypeError: WorkspaceWidget.k_signal_update[dict, dict].emit(): argument 1 has unexpected type 'str'
2025-11-09 18:50:40,862 [INFO] [Dummy-9] [root/event_listener.py:94]: Attempting to reconnect to Komorebi...
2025-11-09 18:50:43,864 [INFO] [Dummy-9] [root/event_listener.py:53]: Created named pipe yasb-335fc0e6-bdcf-11f0-a69a-58cdc95b2622
2025-11-09 18:50:43,924 [INFO] [Dummy-9] [root/event_listener.py:125]: Komorebi connected to named pipe: yasb-335fc0e6-bdcf-11f0-a69a-58cdc95b2622
2025-11-11 17:33:00,955 [WARNING] [Dummy-9] [root/event_listener.py:84]: Pipe has been ended: (109, 'PeekNamedPipe', 'The pipe has been ended.')
2025-11-11 17:33:00,958 [INFO] [Dummy-9] [root/event_listener.py:94]: Attempting to reconnect to Komorebi...
2025-11-11 17:33:03,959 [INFO] [Dummy-9] [root/event_listener.py:53]: Created named pipe yasb-335fc0e6-bdcf-11f0-a69a-58cdc95b2622
2025-11-11 17:33:14,495 [INFO] [Dummy-9] [root/event_listener.py:125]: Komorebi connected to named pipe: yasb-335fc0e6-bdcf-11f0-a69a-58cdc95b2622
2025-11-11 17:33:16,862 [ERROR] [Dummy-9] [root/event_listener.py:89]: Komorebi has disconnected from the named pipe yasb-335fc0e6-bdcf-11f0-a69a-58cdc95b2622
Traceback (most recent call last):
  File "D:\a\yasb\yasb\src\core\utils\komorebi\event_listener.py", line 79, in run
  File "D:\a\yasb\yasb\src\core\utils\komorebi\event_listener.py", line 101, in _emit_event
  File "D:\a\yasb\yasb\src\core\event_service.py", line 28, in emit_event
TypeError: WorkspaceWidget.k_signal_update[dict, dict].emit(): argument 1 has unexpected type 'str'
2025-11-11 17:33:16,863 [INFO] [Dummy-9] [root/event_listener.py:94]: Attempting to reconnect to Komorebi...
2025-11-11 17:33:19,867 [INFO] [Dummy-9] [root/event_listener.py:53]: Created named pipe yasb-335fc0e6-bdcf-11f0-a69a-58cdc95b2622
2025-11-11 17:33:20,031 [INFO] [Dummy-9] [root/event_listener.py:125]: Komorebi connected to named pipe: yasb-335fc0e6-bdcf-11f0-a69a-58cdc95b2622
2025-11-11 17:34:18,423 [WARNING] [Dummy-9] [root/event_listener.py:84]: Pipe has been ended: (109, 'PeekNamedPipe', 'The pipe has been ended.')
2025-11-11 17:34:18,423 [INFO] [Dummy-9] [root/event_listener.py:94]: Attempting to reconnect to Komorebi...
2025-11-11 17:34:21,425 [INFO] [Dummy-9] [root/event_listener.py:53]: Created named pipe yasb-335fc0e6-bdcf-11f0-a69a-58cdc95b2622
2025-11-11 17:36:40,200 [INFO] [Dummy-9] [root/event_listener.py:125]: Komorebi connected to named pipe: yasb-335fc0e6-bdcf-11f0-a69a-58cdc95b2622
2025-11-11 17:36:40,814 [ERROR] [Dummy-9] [root/event_listener.py:89]: Komorebi has disconnected from the named pipe yasb-335fc0e6-bdcf-11f0-a69a-58cdc95b2622
Traceback (most recent call last):
  File "D:\a\yasb\yasb\src\core\utils\komorebi\event_listener.py", line 79, in run
  File "D:\a\yasb\yasb\src\core\utils\komorebi\event_listener.py", line 101, in _emit_event
  File "D:\a\yasb\yasb\src\core\event_service.py", line 28, in emit_event
TypeError: WorkspaceWidget.k_signal_update[dict, dict].emit(): argument 1 has unexpected type 'str'
2025-11-11 17:36:40,815 [INFO] [Dummy-9] [root/event_listener.py:94]: Attempting to reconnect to Komorebi...
2025-11-11 17:36:43,821 [INFO] [Dummy-9] [root/event_listener.py:53]: Created named pipe yasb-335fc0e6-bdcf-11f0-a69a-58cdc95b2622
2025-11-11 17:36:43,982 [INFO] [Dummy-9] [root/event_listener.py:125]: Komorebi connected to named pipe: yasb-335fc0e6-bdcf-11f0-a69a-58cdc95b2622
2025-11-11 17:49:48,205 [INFO] [MainThread] [root/log.py:59]: Yasb v1.7.4
2025-11-11 17:49:48,206 [INFO] [Thread-1 (_run_server)] [cli_server/cli_server.py:212]: CLI server started v1.1.1
2025-11-11 17:49:48,206 [INFO] [MainThread] [cli_server/cli_server.py:104]: Log pipe server started
2025-11-11 17:49:49,298 [DEBUG] [MainThread] [comtypes/__init__.py:149]: CoInitializeEx(None, 2)
2025-11-11 17:49:49,678 [DEBUG] [MainThread] [tzlocal/win32.py:55]: Looking up time zone info from registry
2025-11-11 17:49:52,123 [INFO] [MainThread] [root/watcher.py:55]: Created file watcher for path C:\Users\tamil\.config\yasb
2025-11-11 17:49:52,123 [INFO] [Dummy-9] [root/event_listener.py:53]: Created named pipe yasb-1dc9abe9-bf59-11f0-a1dd-58cdc95b2622
2025-11-11 17:49:52,173 [DEBUG] [MainThread] [qasync._windows._EventPoller/_windows.py:213]: Starting (proactor: <_IocpProactor overlapped#=0 result#=0>)...
2025-11-11 17:49:52,181 [DEBUG] [Dummy-12] [qasync._windows._EventWorker/_windows.py:192]: Thread started
2025-11-11 18:46:14,644 [INFO] [MainThread] [root/controller.py:12]: Reloading Application from tray...
2025-11-11 18:46:14,770 [INFO] [MainThread] [cli_server/cli_server.py:112]: Log pipe server stopped
2025-11-11 18:46:14,770 [DEBUG] [MainThread] [cli_server/cli_server.py:206]: CLI server stopped
2025-11-11 18:46:14,779 [DEBUG] [MainThread] [qasync._windows._EventPoller/_windows.py:218]: Stopping worker thread...
2025-11-11 18:46:14,783 [DEBUG] [Dummy-12] [qasync._windows._EventWorker/_windows.py:201]: Exiting thread
2025-11-11 18:46:14,785 [DEBUG] [MainThread] [qasync._windows._IocpProactor/_windows.py:75]: Closing
2025-11-11 18:46:15,143 [INFO] [MainThread] [root/log.py:59]: Yasb v1.7.4
2025-11-11 18:46:15,143 [INFO] [Thread-1 (_run_server)] [cli_server/cli_server.py:212]: CLI server started v1.1.1
2025-11-11 18:46:15,143 [INFO] [MainThread] [cli_server/cli_server.py:104]: Log pipe server started
2025-11-11 18:46:15,496 [DEBUG] [MainThread] [comtypes/__init__.py:149]: CoInitializeEx(None, 2)
2025-11-11 18:46:15,583 [DEBUG] [MainThread] [tzlocal/win32.py:55]: Looking up time zone info from registry
2025-11-11 18:46:16,089 [INFO] [MainThread] [root/watcher.py:55]: Created file watcher for path C:\Users\tamil\.config\yasb
2025-11-11 18:46:16,091 [INFO] [Dummy-9] [root/event_listener.py:53]: Created named pipe yasb-fec9ee34-bf60-11f0-a550-58cdc95b2622
2025-11-11 18:46:16,147 [DEBUG] [MainThread] [qasync._windows._EventPoller/_windows.py:213]: Starting (proactor: <_IocpProactor overlapped#=0 result#=0>)...
2025-11-11 18:46:16,150 [DEBUG] [Dummy-12] [qasync._windows._EventWorker/_windows.py:192]: Thread started
2025-11-11 18:46:16,183 [INFO] [Dummy-9] [root/event_listener.py:125]: Komorebi connected to named pipe: yasb-fec9ee34-bf60-11f0-a550-58cdc95b2622
2025-11-14 16:04:14,836 [INFO] [MainThread] [root/log.py:59]: Yasb v1.7.4
2025-11-14 16:04:14,836 [INFO] [Thread-1 (_run_server)] [cli_server/cli_server.py:212]: CLI server started v1.1.1
2025-11-14 16:04:14,840 [INFO] [MainThread] [cli_server/cli_server.py:104]: Log pipe server started
2025-11-14 16:04:15,468 [DEBUG] [MainThread] [comtypes/__init__.py:149]: CoInitializeEx(None, 2)
2025-11-14 16:04:15,969 [DEBUG] [MainThread] [tzlocal/win32.py:55]: Looking up time zone info from registry
2025-11-14 16:04:18,608 [INFO] [MainThread] [root/watcher.py:55]: Created file watcher for path C:\Users\tamil\.config\yasb
2025-11-14 16:04:18,610 [INFO] [Dummy-9] [root/event_listener.py:53]: Created named pipe yasb-ddf5314e-c1a5-11f0-9f86-58cdc95b2622
2025-11-14 16:04:18,673 [DEBUG] [MainThread] [qasync._windows._EventPoller/_windows.py:213]: Starting (proactor: <_IocpProactor overlapped#=0 result#=0>)...
2025-11-14 16:04:18,675 [DEBUG] [Dummy-12] [qasync._windows._EventWorker/_windows.py:192]: Thread started
2025-11-14 16:07:38,550 [INFO] [MainThread] [root/log.py:59]: Yasb v1.7.4
2025-11-14 16:07:38,550 [INFO] [Thread-1 (_run_server)] [cli_server/cli_server.py:212]: CLI server started v1.1.1
2025-11-14 16:07:38,550 [INFO] [MainThread] [cli_server/cli_server.py:104]: Log pipe server started
2025-11-14 16:07:39,449 [DEBUG] [MainThread] [comtypes/__init__.py:149]: CoInitializeEx(None, 2)
2025-11-14 16:07:39,813 [DEBUG] [MainThread] [tzlocal/win32.py:55]: Looking up time zone info from registry
2025-11-14 16:07:41,854 [INFO] [MainThread] [root/watcher.py:55]: Created file watcher for path C:\Users\tamil\.config\yasb
2025-11-14 16:07:41,854 [INFO] [Dummy-9] [root/event_listener.py:53]: Created named pipe yasb-571a28d5-c1a6-11f0-965f-58cdc95b2622
2025-11-14 16:07:41,918 [DEBUG] [MainThread] [qasync._windows._EventPoller/_windows.py:213]: Starting (proactor: <_IocpProactor overlapped#=0 result#=0>)...
2025-11-14 16:07:41,933 [DEBUG] [Dummy-12] [qasync._windows._EventWorker/_windows.py:192]: Thread started
2025-11-14 16:07:57,131 [INFO] [Dummy-9] [root/event_listener.py:125]: Komorebi connected to named pipe: yasb-571a28d5-c1a6-11f0-965f-58cdc95b2622
2025-11-14 16:07:59,226 [ERROR] [Dummy-9] [root/event_listener.py:89]: Komorebi has disconnected from the named pipe yasb-571a28d5-c1a6-11f0-965f-58cdc95b2622
Traceback (most recent call last):
  File "D:\a\yasb\yasb\src\core\utils\komorebi\event_listener.py", line 79, in run
  File "D:\a\yasb\yasb\src\core\utils\komorebi\event_listener.py", line 101, in _emit_event
  File "D:\a\yasb\yasb\src\core\event_service.py", line 28, in emit_event
TypeError: WorkspaceWidget.k_signal_update[dict, dict].emit(): argument 1 has unexpected type 'str'
2025-11-14 16:07:59,226 [INFO] [Dummy-9] [root/event_listener.py:94]: Attempting to reconnect to Komorebi...
2025-11-14 16:08:02,228 [INFO] [Dummy-9] [root/event_listener.py:53]: Created named pipe yasb-571a28d5-c1a6-11f0-965f-58cdc95b2622
2025-11-14 16:08:02,294 [INFO] [Dummy-9] [root/event_listener.py:125]: Komorebi connected to named pipe: yasb-571a28d5-c1a6-11f0-965f-58cdc95b2622
2025-11-14 16:31:23,451 [INFO] [MainThread] [root/log.py:59]: Yasb v1.7.4
2025-11-14 16:31:23,451 [INFO] [Thread-1 (_run_server)] [cli_server/cli_server.py:212]: CLI server started v1.1.1
2025-11-14 16:31:23,451 [INFO] [MainThread] [cli_server/cli_server.py:104]: Log pipe server started
2025-11-14 16:31:24,296 [DEBUG] [MainThread] [comtypes/__init__.py:149]: CoInitializeEx(None, 2)
2025-11-14 16:31:24,620 [DEBUG] [MainThread] [tzlocal/win32.py:55]: Looking up time zone info from registry
2025-11-14 16:31:26,798 [INFO] [MainThread] [root/watcher.py:55]: Created file watcher for path C:\Users\tamil\.config\yasb
2025-11-14 16:31:26,798 [INFO] [Dummy-9] [root/event_listener.py:53]: Created named pipe yasb-a86f40a6-c1a9-11f0-9e06-58cdc95b2622
2025-11-14 16:31:26,861 [DEBUG] [MainThread] [qasync._windows._EventPoller/_windows.py:213]: Starting (proactor: <_IocpProactor overlapped#=0 result#=0>)...
2025-11-14 16:31:26,861 [DEBUG] [Dummy-12] [qasync._windows._EventWorker/_windows.py:192]: Thread started
2025-11-14 16:32:27,598 [INFO] [Dummy-9] [root/event_listener.py:125]: Komorebi connected to named pipe: yasb-a86f40a6-c1a9-11f0-9e06-58cdc95b2622
